ISO-10303-21;
HEADER;
/* Generated by software containing ST-Developer
 * from STEP Tools, Inc. (www.steptools.com) 
 */

FILE_DESCRIPTION(
/* description */ ('',
'CAx-IF Rec.Pracs.---Representation and Presentation of Product Manufa
cturing Information (PMI)---4.0---2014-10-13'),
/* implementation_level */ '2;1');

FILE_NAME(
/* name */ 'hangfa-discovery-q2_mechanical-platform.step',
/* time_stamp */ '2024-11-21T16:34:47Z',
/* author */ (''),
/* organization */ (''),
/* preprocessor_version */ 'ST-DEVELOPER v20',
/* originating_system */ 'Autodesk Translation Framework v13.20.0.188',

/* authorisation */ '');

FILE_SCHEMA (('AP242_MANAGED_MODEL_BASED_3D_ENGINEERING_MIM_LF { 1 0 10303 442 1 1 4 }'));
ENDSEC;

DATA;
#10=MECHANICAL_DESIGN_GEOMETRIC_PRESENTATION_REPRESENTATION('',(#108,#109,
#110,#111,#112,#113,#114,#115,#116,#117,#118),#10639);
#11=CONTEXT_DEPENDENT_OVER_RIDING_STYLED_ITEM('',(#10743),#10683,#118,(#40));
#12=CONTEXT_DEPENDENT_OVER_RIDING_STYLED_ITEM('',(#10744),#10689,#118,(#49));
#13=CONTEXT_DEPENDENT_OVER_RIDING_STYLED_ITEM('',(#10745),#10687,#118,(#44));
#14=CONTEXT_DEPENDENT_OVER_RIDING_STYLED_ITEM('',(#10745),#10687,#118,(#46));
#15=CONTEXT_DEPENDENT_OVER_RIDING_STYLED_ITEM('',(#10744),#10686,#118,(#45));
#16=CONTEXT_DEPENDENT_OVER_RIDING_STYLED_ITEM('',(#10744),#10684,#118,(#41));
#17=CONTEXT_DEPENDENT_OVER_RIDING_STYLED_ITEM('',(#10746),#10692,#118,(#52));
#18=CONTEXT_DEPENDENT_OVER_RIDING_STYLED_ITEM('',(#10746),#10692,#118,(#53));
#19=CONTEXT_DEPENDENT_OVER_RIDING_STYLED_ITEM('',(#10746),#10692,#118,(#54));
#20=CONTEXT_DEPENDENT_OVER_RIDING_STYLED_ITEM('',(#10746),#10692,#118,(#55));
#21=CONTEXT_DEPENDENT_OVER_RIDING_STYLED_ITEM('',(#10744),#10690,#118,(#50));
#22=MAPPED_ITEM('',#23,#7033);
#23=REPRESENTATION_MAP(#7033,#10682);
#24=ITEM_DEFINED_TRANSFORMATION($,$,#6389,#7017);
#25=ITEM_DEFINED_TRANSFORMATION($,$,#6488,#7018);
#26=ITEM_DEFINED_TRANSFORMATION($,$,#6555,#7019);
#27=ITEM_DEFINED_TRANSFORMATION($,$,#6555,#7020);
#28=ITEM_DEFINED_TRANSFORMATION($,$,#6678,#7021);
#29=ITEM_DEFINED_TRANSFORMATION($,$,#6611,#7022);
#30=ITEM_DEFINED_TRANSFORMATION($,$,#6678,#7023);
#31=ITEM_DEFINED_TRANSFORMATION($,$,#6741,#7024);
#32=ITEM_DEFINED_TRANSFORMATION($,$,#6741,#7025);
#33=ITEM_DEFINED_TRANSFORMATION($,$,#6804,#7026);
#34=ITEM_DEFINED_TRANSFORMATION($,$,#6861,#7027);
#35=ITEM_DEFINED_TRANSFORMATION($,$,#6980,#7028);
#36=ITEM_DEFINED_TRANSFORMATION($,$,#7011,#7029);
#37=ITEM_DEFINED_TRANSFORMATION($,$,#7011,#7030);
#38=ITEM_DEFINED_TRANSFORMATION($,$,#7011,#7031);
#39=ITEM_DEFINED_TRANSFORMATION($,$,#7011,#7032);
#40=(
REPRESENTATION_RELATIONSHIP($,$,#10683,#10682)
REPRESENTATION_RELATIONSHIP_WITH_TRANSFORMATION(#24)
SHAPE_REPRESENTATION_RELATIONSHIP()
);
#41=(
REPRESENTATION_RELATIONSHIP($,$,#10684,#10682)
REPRESENTATION_RELATIONSHIP_WITH_TRANSFORMATION(#25)
SHAPE_REPRESENTATION_RELATIONSHIP()
);
#42=(
REPRESENTATION_RELATIONSHIP($,$,#10685,#10682)
REPRESENTATION_RELATIONSHIP_WITH_TRANSFORMATION(#26)
SHAPE_REPRESENTATION_RELATIONSHIP()
);
#43=(
REPRESENTATION_RELATIONSHIP($,$,#10685,#10682)
REPRESENTATION_RELATIONSHIP_WITH_TRANSFORMATION(#27)
SHAPE_REPRESENTATION_RELATIONSHIP()
);
#44=(
REPRESENTATION_RELATIONSHIP($,$,#10687,#10682)
REPRESENTATION_RELATIONSHIP_WITH_TRANSFORMATION(#28)
SHAPE_REPRESENTATION_RELATIONSHIP()
);
#45=(
REPRESENTATION_RELATIONSHIP($,$,#10686,#10682)
REPRESENTATION_RELATIONSHIP_WITH_TRANSFORMATION(#29)
SHAPE_REPRESENTATION_RELATIONSHIP()
);
#46=(
REPRESENTATION_RELATIONSHIP($,$,#10687,#10682)
REPRESENTATION_RELATIONSHIP_WITH_TRANSFORMATION(#30)
SHAPE_REPRESENTATION_RELATIONSHIP()
);
#47=(
REPRESENTATION_RELATIONSHIP($,$,#10688,#10682)
REPRESENTATION_RELATIONSHIP_WITH_TRANSFORMATION(#31)
SHAPE_REPRESENTATION_RELATIONSHIP()
);
#48=(
REPRESENTATION_RELATIONSHIP($,$,#10688,#10682)
REPRESENTATION_RELATIONSHIP_WITH_TRANSFORMATION(#32)
SHAPE_REPRESENTATION_RELATIONSHIP()
);
#49=(
REPRESENTATION_RELATIONSHIP($,$,#10689,#10682)
REPRESENTATION_RELATIONSHIP_WITH_TRANSFORMATION(#33)
SHAPE_REPRESENTATION_RELATIONSHIP()
);
#50=(
REPRESENTATION_RELATIONSHIP($,$,#10690,#10682)
REPRESENTATION_RELATIONSHIP_WITH_TRANSFORMATION(#34)
SHAPE_REPRESENTATION_RELATIONSHIP()
);
#51=(
REPRESENTATION_RELATIONSHIP($,$,#10691,#10682)
REPRESENTATION_RELATIONSHIP_WITH_TRANSFORMATION(#35)
SHAPE_REPRESENTATION_RELATIONSHIP()
);
#52=(
REPRESENTATION_RELATIONSHIP($,$,#10692,#10682)
REPRESENTATION_RELATIONSHIP_WITH_TRANSFORMATION(#36)
SHAPE_REPRESENTATION_RELATIONSHIP()
);
#53=(
REPRESENTATION_RELATIONSHIP($,$,#10692,#10682)
REPRESENTATION_RELATIONSHIP_WITH_TRANSFORMATION(#37)
SHAPE_REPRESENTATION_RELATIONSHIP()
);
#54=(
REPRESENTATION_RELATIONSHIP($,$,#10692,#10682)
REPRESENTATION_RELATIONSHIP_WITH_TRANSFORMATION(#38)
SHAPE_REPRESENTATION_RELATIONSHIP()
);
#55=(
REPRESENTATION_RELATIONSHIP($,$,#10692,#10682)
REPRESENTATION_RELATIONSHIP_WITH_TRANSFORMATION(#39)
SHAPE_REPRESENTATION_RELATIONSHIP()
);
#56=CONTEXT_DEPENDENT_SHAPE_REPRESENTATION(#40,#10666);
#57=CONTEXT_DEPENDENT_SHAPE_REPRESENTATION(#41,#10667);
#58=CONTEXT_DEPENDENT_SHAPE_REPRESENTATION(#42,#10668);
#59=CONTEXT_DEPENDENT_SHAPE_REPRESENTATION(#43,#10669);
#60=CONTEXT_DEPENDENT_SHAPE_REPRESENTATION(#44,#10670);
#61=CONTEXT_DEPENDENT_SHAPE_REPRESENTATION(#45,#10671);
#62=CONTEXT_DEPENDENT_SHAPE_REPRESENTATION(#46,#10672);
#63=CONTEXT_DEPENDENT_SHAPE_REPRESENTATION(#47,#10673);
#64=CONTEXT_DEPENDENT_SHAPE_REPRESENTATION(#48,#10674);
#65=CONTEXT_DEPENDENT_SHAPE_REPRESENTATION(#49,#10675);
#66=CONTEXT_DEPENDENT_SHAPE_REPRESENTATION(#50,#10676);
#67=CONTEXT_DEPENDENT_SHAPE_REPRESENTATION(#51,#10677);
#68=CONTEXT_DEPENDENT_SHAPE_REPRESENTATION(#52,#10678);
#69=CONTEXT_DEPENDENT_SHAPE_REPRESENTATION(#53,#10679);
#70=CONTEXT_DEPENDENT_SHAPE_REPRESENTATION(#54,#10680);
#71=CONTEXT_DEPENDENT_SHAPE_REPRESENTATION(#55,#10681);
#72=NEXT_ASSEMBLY_USAGE_OCCURRENCE('Base Plate v1:1','Base Plate v1:1',
'Base Plate v1:1',#10694,#10695,'Base Plate v1:1');
#73=NEXT_ASSEMBLY_USAGE_OCCURRENCE('Side Plate:1','Side Plate:1',
'Side Plate:1',#10694,#10696,'Side Plate:1');
#74=NEXT_ASSEMBLY_USAGE_OCCURRENCE('Front Back Plate:1',
'Front Back Plate:1','Front Back Plate:1',#10694,#10697,
'Front Back Plate:1');
#75=NEXT_ASSEMBLY_USAGE_OCCURRENCE('Front Back Plate:2',
'Front Back Plate:2','Front Back Plate:2',#10694,#10697,
'Front Back Plate:2');
#76=NEXT_ASSEMBLY_USAGE_OCCURRENCE('Plate Joint:1','Plate Joint:1',
'Plate Joint:1',#10694,#10699,'Plate Joint:1');
#77=NEXT_ASSEMBLY_USAGE_OCCURRENCE('Side Plate Inv:1',
'Side Plate Inv:1','Side Plate Inv:1',#10694,#10698,'Side Plate Inv:1');
#78=NEXT_ASSEMBLY_USAGE_OCCURRENCE('Plate Joint:3','Plate Joint:3',
'Plate Joint:3',#10694,#10699,'Plate Joint:3');
#79=NEXT_ASSEMBLY_USAGE_OCCURRENCE('Plate Joint Inv:1',
'Plate Joint Inv:1','Plate Joint Inv:1',#10694,#10700,
'Plate Joint Inv:1');
#80=NEXT_ASSEMBLY_USAGE_OCCURRENCE('Plate Joint Inv:2',
'Plate Joint Inv:2','Plate Joint Inv:2',#10694,#10700,
'Plate Joint Inv:2');
#81=NEXT_ASSEMBLY_USAGE_OCCURRENCE('Base Suspension:1',
'Base Suspension:1','Base Suspension:1',#10694,#10701,
'Base Suspension:1');
#82=NEXT_ASSEMBLY_USAGE_OCCURRENCE('Wheels Suspension:1',
'Wheels Suspension:1','Wheels Suspension:1',#10694,#10702,
'Wheels Suspension:1');
#83=NEXT_ASSEMBLY_USAGE_OCCURRENCE('Top Plate:1','Top Plate:1',
'Top Plate:1',#10694,#10703,'Top Plate:1');
#84=NEXT_ASSEMBLY_USAGE_OCCURRENCE('Wheel Body:1','Wheel Body:1',
'Wheel Body:1',#10694,#10704,'Wheel Body:1');
#85=NEXT_ASSEMBLY_USAGE_OCCURRENCE('Wheel Body:2','Wheel Body:2',
'Wheel Body:2',#10694,#10704,'Wheel Body:2');
#86=NEXT_ASSEMBLY_USAGE_OCCURRENCE('Wheel Body:3','Wheel Body:3',
'Wheel Body:3',#10694,#10704,'Wheel Body:3');
#87=NEXT_ASSEMBLY_USAGE_OCCURRENCE('Wheel Body:4','Wheel Body:4',
'Wheel Body:4',#10694,#10704,'Wheel Body:4');
#88=SHAPE_REPRESENTATION_RELATIONSHIP('SRR','None',#10683,#98);
#89=SHAPE_REPRESENTATION_RELATIONSHIP('SRR','None',#10684,#99);
#90=SHAPE_REPRESENTATION_RELATIONSHIP('SRR','None',#10685,#100);
#91=SHAPE_REPRESENTATION_RELATIONSHIP('SRR','None',#10686,#101);
#92=SHAPE_REPRESENTATION_RELATIONSHIP('SRR','None',#10687,#102);
#93=SHAPE_REPRESENTATION_RELATIONSHIP('SRR','None',#10688,#103);
#94=SHAPE_REPRESENTATION_RELATIONSHIP('SRR','None',#10689,#104);
#95=SHAPE_REPRESENTATION_RELATIONSHIP('SRR','None',#10690,#105);
#96=SHAPE_REPRESENTATION_RELATIONSHIP('SRR','None',#10691,#106);
#97=SHAPE_REPRESENTATION_RELATIONSHIP('SRR','None',#10692,#107);
#98=ADVANCED_BREP_SHAPE_REPRESENTATION('',(#119),#10629);
#99=ADVANCED_BREP_SHAPE_REPRESENTATION('',(#120),#10630);
#100=ADVANCED_BREP_SHAPE_REPRESENTATION('',(#121),#10631);
#101=ADVANCED_BREP_SHAPE_REPRESENTATION('',(#122),#10632);
#102=ADVANCED_BREP_SHAPE_REPRESENTATION('',(#123),#10633);
#103=ADVANCED_BREP_SHAPE_REPRESENTATION('',(#124),#10634);
#104=ADVANCED_BREP_SHAPE_REPRESENTATION('',(#125),#10635);
#105=ADVANCED_BREP_SHAPE_REPRESENTATION('',(#126),#10636);
#106=ADVANCED_BREP_SHAPE_REPRESENTATION('',(#127),#10637);
#107=ADVANCED_BREP_SHAPE_REPRESENTATION('',(#128),#10638);
#108=STYLED_ITEM('',(#10743),#119);
#109=STYLED_ITEM('',(#10744),#120);
#110=STYLED_ITEM('',(#10744),#121);
#111=STYLED_ITEM('',(#10744),#122);
#112=STYLED_ITEM('',(#10745),#123);
#113=STYLED_ITEM('',(#10745),#124);
#114=STYLED_ITEM('',(#10744),#125);
#115=STYLED_ITEM('',(#10744),#126);
#116=STYLED_ITEM('',(#10742),#127);
#117=STYLED_ITEM('',(#10741),#128);
#118=STYLED_ITEM('',(#10747),#22);
#119=MANIFOLD_SOLID_BREP('Body1',#6267);
#120=MANIFOLD_SOLID_BREP('Body2',#6268);
#121=MANIFOLD_SOLID_BREP('Body1',#6269);
#122=MANIFOLD_SOLID_BREP('Body1',#6270);
#123=MANIFOLD_SOLID_BREP('Body2',#6271);
#124=MANIFOLD_SOLID_BREP('Body1',#6272);
#125=MANIFOLD_SOLID_BREP('Body2',#6273);
#126=MANIFOLD_SOLID_BREP('Body1',#6274);
#127=MANIFOLD_SOLID_BREP('Body1',#6275);
#128=MANIFOLD_SOLID_BREP('Body1',#6276);
#129=FACE_BOUND('',#861,.T.);
#130=FACE_BOUND('',#862,.T.);
#131=FACE_BOUND('',#863,.T.);
#132=FACE_BOUND('',#864,.T.);
#133=FACE_BOUND('',#865,.T.);
#134=FACE_BOUND('',#866,.T.);
#135=FACE_BOUND('',#867,.T.);
#136=FACE_BOUND('',#868,.T.);
#137=FACE_BOUND('',#869,.T.);
#138=FACE_BOUND('',#870,.T.);
#139=FACE_BOUND('',#871,.T.);
#140=FACE_BOUND('',#872,.T.);
#141=FACE_BOUND('',#873,.T.);
#142=FACE_BOUND('',#874,.T.);
#143=FACE_BOUND('',#875,.T.);
#144=FACE_BOUND('',#876,.T.);
#145=FACE_BOUND('',#877,.T.);
#146=FACE_BOUND('',#878,.T.);
#147=FACE_BOUND('',#879,.T.);
#148=FACE_BOUND('',#880,.T.);
#149=FACE_BOUND('',#881,.T.);
#150=FACE_BOUND('',#882,.T.);
#151=FACE_BOUND('',#883,.T.);
#152=FACE_BOUND('',#884,.T.);
#153=FACE_BOUND('',#921,.T.);
#154=FACE_BOUND('',#922,.T.);
#155=FACE_BOUND('',#923,.T.);
#156=FACE_BOUND('',#924,.T.);
#157=FACE_BOUND('',#925,.T.);
#158=FACE_BOUND('',#926,.T.);
#159=FACE_BOUND('',#927,.T.);
#160=FACE_BOUND('',#928,.T.);
#161=FACE_BOUND('',#929,.T.);
#162=FACE_BOUND('',#930,.T.);
#163=FACE_BOUND('',#931,.T.);
#164=FACE_BOUND('',#932,.T.);
#165=FACE_BOUND('',#933,.T.);
#166=FACE_BOUND('',#934,.T.);
#167=FACE_BOUND('',#935,.T.);
#168=FACE_BOUND('',#936,.T.);
#169=FACE_BOUND('',#937,.T.);
#170=FACE_BOUND('',#938,.T.);
#171=FACE_BOUND('',#939,.T.);
#172=FACE_BOUND('',#940,.T.);
#173=FACE_BOUND('',#941,.T.);
#174=FACE_BOUND('',#942,.T.);
#175=FACE_BOUND('',#943,.T.);
#176=FACE_BOUND('',#944,.T.);
#177=FACE_BOUND('',#958,.T.);
#178=FACE_BOUND('',#959,.T.);
#179=FACE_BOUND('',#960,.T.);
#180=FACE_BOUND('',#961,.T.);
#181=FACE_BOUND('',#962,.T.);
#182=FACE_BOUND('',#963,.T.);
#183=FACE_BOUND('',#965,.T.);
#184=FACE_BOUND('',#966,.T.);
#185=FACE_BOUND('',#967,.T.);
#186=FACE_BOUND('',#968,.T.);
#187=FACE_BOUND('',#969,.T.);
#188=FACE_BOUND('',#970,.T.);
#189=FACE_BOUND('',#989,.T.);
#190=FACE_BOUND('',#990,.T.);
#191=FACE_BOUND('',#991,.T.);
#192=FACE_BOUND('',#998,.T.);
#193=FACE_BOUND('',#999,.T.);
#194=FACE_BOUND('',#1000,.T.);
#195=FACE_BOUND('',#1009,.T.);
#196=FACE_BOUND('',#1010,.T.);
#197=FACE_BOUND('',#1011,.T.);
#198=FACE_BOUND('',#1012,.T.);
#199=FACE_BOUND('',#1014,.T.);
#200=FACE_BOUND('',#1015,.T.);
#201=FACE_BOUND('',#1016,.T.);
#202=FACE_BOUND('',#1017,.T.);
#203=FACE_BOUND('',#1036,.T.);
#204=FACE_BOUND('',#1037,.T.);
#205=FACE_BOUND('',#1038,.T.);
#206=FACE_BOUND('',#1045,.T.);
#207=FACE_BOUND('',#1046,.T.);
#208=FACE_BOUND('',#1047,.T.);
#209=FACE_BOUND('',#1061,.T.);
#210=FACE_BOUND('',#1062,.T.);
#211=FACE_BOUND('',#1063,.T.);
#212=FACE_BOUND('',#1064,.T.);
#213=FACE_BOUND('',#1065,.T.);
#214=FACE_BOUND('',#1066,.T.);
#215=FACE_BOUND('',#1068,.T.);
#216=FACE_BOUND('',#1069,.T.);
#217=FACE_BOUND('',#1070,.T.);
#218=FACE_BOUND('',#1071,.T.);
#219=FACE_BOUND('',#1072,.T.);
#220=FACE_BOUND('',#1073,.T.);
#221=FACE_BOUND('',#1092,.T.);
#222=FACE_BOUND('',#1093,.T.);
#223=FACE_BOUND('',#1094,.T.);
#224=FACE_BOUND('',#1101,.T.);
#225=FACE_BOUND('',#1102,.T.);
#226=FACE_BOUND('',#1103,.T.);
#227=FACE_BOUND('',#1111,.T.);
#228=FACE_BOUND('',#1118,.T.);
#229=FACE_BOUND('',#1122,.T.);
#230=FACE_BOUND('',#1129,.T.);
#231=FACE_BOUND('',#1136,.T.);
#232=FACE_BOUND('',#1137,.T.);
#233=FACE_BOUND('',#1141,.T.);
#234=FACE_BOUND('',#1142,.T.);
#235=FACE_BOUND('',#1145,.T.);
#236=FACE_BOUND('',#1146,.T.);
#237=FACE_BOUND('',#1152,.T.);
#238=FACE_BOUND('',#1153,.T.);
#239=FACE_BOUND('',#1161,.T.);
#240=FACE_BOUND('',#1168,.T.);
#241=FACE_BOUND('',#1172,.T.);
#242=FACE_BOUND('',#1179,.T.);
#243=FACE_BOUND('',#1187,.T.);
#244=FACE_BOUND('',#1188,.T.);
#245=FACE_BOUND('',#1191,.T.);
#246=FACE_BOUND('',#1192,.T.);
#247=FACE_BOUND('',#1195,.T.);
#248=FACE_BOUND('',#1196,.T.);
#249=FACE_BOUND('',#1202,.T.);
#250=FACE_BOUND('',#1203,.T.);
#251=FACE_BOUND('',#1214,.T.);
#252=FACE_BOUND('',#1216,.T.);
#253=FACE_BOUND('',#1223,.T.);
#254=FACE_BOUND('',#1231,.T.);
#255=FACE_BOUND('',#1234,.T.);
#256=FACE_BOUND('',#1235,.T.);
#257=FACE_BOUND('',#1236,.T.);
#258=FACE_BOUND('',#1237,.T.);
#259=FACE_BOUND('',#1244,.T.);
#260=FACE_BOUND('',#1245,.T.);
#261=FACE_BOUND('',#1246,.T.);
#262=FACE_BOUND('',#1247,.T.);
#263=FACE_BOUND('',#1294,.T.);
#264=FACE_BOUND('',#1297,.T.);
#265=FACE_BOUND('',#1299,.T.);
#266=FACE_BOUND('',#1301,.T.);
#267=FACE_BOUND('',#1304,.T.);
#268=FACE_BOUND('',#1306,.T.);
#269=FACE_BOUND('',#1329,.T.);
#270=FACE_BOUND('',#1333,.T.);
#271=FACE_BOUND('',#1337,.T.);
#272=FACE_BOUND('',#1338,.T.);
#273=FACE_BOUND('',#1339,.T.);
#274=FACE_BOUND('',#1340,.T.);
#275=FACE_BOUND('',#1352,.T.);
#276=FACE_BOUND('',#1353,.T.);
#277=FACE_BOUND('',#1354,.T.);
#278=FACE_BOUND('',#1355,.T.);
#279=PLANE('',#6405);
#280=PLANE('',#6475);
#281=PLANE('',#6476);
#282=PLANE('',#6477);
#283=PLANE('',#6478);
#284=PLANE('',#6479);
#285=PLANE('',#6480);
#286=PLANE('',#6481);
#287=PLANE('',#6482);
#288=PLANE('',#6483);
#289=PLANE('',#6484);
#290=PLANE('',#6485);
#291=PLANE('',#6486);
#292=PLANE('',#6487);
#293=PLANE('',#6495);
#294=PLANE('',#6499);
#295=PLANE('',#6512);
#296=PLANE('',#6513);
#297=PLANE('',#6514);
#298=PLANE('',#6515);
#299=PLANE('',#6516);
#300=PLANE('',#6517);
#301=PLANE('',#6518);
#302=PLANE('',#6519);
#303=PLANE('',#6523);
#304=PLANE('',#6524);
#305=PLANE('',#6525);
#306=PLANE('',#6527);
#307=PLANE('',#6529);
#308=PLANE('',#6530);
#309=PLANE('',#6532);
#310=PLANE('',#6536);
#311=PLANE('',#6538);
#312=PLANE('',#6541);
#313=PLANE('',#6542);
#314=PLANE('',#6552);
#315=PLANE('',#6553);
#316=PLANE('',#6554);
#317=PLANE('',#6568);
#318=PLANE('',#6569);
#319=PLANE('',#6570);
#320=PLANE('',#6571);
#321=PLANE('',#6572);
#322=PLANE('',#6573);
#323=PLANE('',#6574);
#324=PLANE('',#6575);
#325=PLANE('',#6579);
#326=PLANE('',#6580);
#327=PLANE('',#6581);
#328=PLANE('',#6583);
#329=PLANE('',#6585);
#330=PLANE('',#6586);
#331=PLANE('',#6588);
#332=PLANE('',#6592);
#333=PLANE('',#6594);
#334=PLANE('',#6597);
#335=PLANE('',#6598);
#336=PLANE('',#6608);
#337=PLANE('',#6609);
#338=PLANE('',#6610);
#339=PLANE('',#6615);
#340=PLANE('',#6619);
#341=PLANE('',#6635);
#342=PLANE('',#6636);
#343=PLANE('',#6637);
#344=PLANE('',#6638);
#345=PLANE('',#6639);
#346=PLANE('',#6640);
#347=PLANE('',#6641);
#348=PLANE('',#6642);
#349=PLANE('',#6646);
#350=PLANE('',#6647);
#351=PLANE('',#6648);
#352=PLANE('',#6650);
#353=PLANE('',#6652);
#354=PLANE('',#6653);
#355=PLANE('',#6655);
#356=PLANE('',#6659);
#357=PLANE('',#6661);
#358=PLANE('',#6664);
#359=PLANE('',#6665);
#360=PLANE('',#6675);
#361=PLANE('',#6676);
#362=PLANE('',#6677);
#363=PLANE('',#6694);
#364=PLANE('',#6695);
#365=PLANE('',#6696);
#366=PLANE('',#6698);
#367=PLANE('',#6700);
#368=PLANE('',#6701);
#369=PLANE('',#6703);
#370=PLANE('',#6707);
#371=PLANE('',#6708);
#372=PLANE('',#6709);
#373=PLANE('',#6711);
#374=PLANE('',#6713);
#375=PLANE('',#6714);
#376=PLANE('',#6716);
#377=PLANE('',#6717);
#378=PLANE('',#6720);
#379=PLANE('',#6723);
#380=PLANE('',#6726);
#381=PLANE('',#6727);
#382=PLANE('',#6728);
#383=PLANE('',#6729);
#384=PLANE('',#6730);
#385=PLANE('',#6731);
#386=PLANE('',#6738);
#387=PLANE('',#6739);
#388=PLANE('',#6740);
#389=PLANE('',#6757);
#390=PLANE('',#6758);
#391=PLANE('',#6759);
#392=PLANE('',#6761);
#393=PLANE('',#6763);
#394=PLANE('',#6764);
#395=PLANE('',#6766);
#396=PLANE('',#6770);
#397=PLANE('',#6771);
#398=PLANE('',#6772);
#399=PLANE('',#6774);
#400=PLANE('',#6776);
#401=PLANE('',#6777);
#402=PLANE('',#6779);
#403=PLANE('',#6780);
#404=PLANE('',#6783);
#405=PLANE('',#6786);
#406=PLANE('',#6789);
#407=PLANE('',#6790);
#408=PLANE('',#6791);
#409=PLANE('',#6792);
#410=PLANE('',#6793);
#411=PLANE('',#6794);
#412=PLANE('',#6801);
#413=PLANE('',#6802);
#414=PLANE('',#6803);
#415=PLANE('',#6811);
#416=PLANE('',#6812);
#417=PLANE('',#6819);
#418=PLANE('',#6820);
#419=PLANE('',#6821);
#420=PLANE('',#6822);
#421=PLANE('',#6823);
#422=PLANE('',#6827);
#423=PLANE('',#6828);
#424=PLANE('',#6830);
#425=PLANE('',#6833);
#426=PLANE('',#6837);
#427=PLANE('',#6838);
#428=PLANE('',#6840);
#429=PLANE('',#6842);
#430=PLANE('',#6844);
#431=PLANE('',#6845);
#432=PLANE('',#6846);
#433=PLANE('',#6851);
#434=PLANE('',#6860);
#435=PLANE('',#6868);
#436=PLANE('',#6869);
#437=PLANE('',#6870);
#438=PLANE('',#6871);
#439=PLANE('',#6872);
#440=PLANE('',#6873);
#441=PLANE('',#6874);
#442=PLANE('',#6875);
#443=PLANE('',#6876);
#444=PLANE('',#6877);
#445=PLANE('',#6878);
#446=PLANE('',#6879);
#447=PLANE('',#6880);
#448=PLANE('',#6884);
#449=PLANE('',#6885);
#450=PLANE('',#6887);
#451=PLANE('',#6889);
#452=PLANE('',#6891);
#453=PLANE('',#6895);
#454=PLANE('',#6896);
#455=PLANE('',#6898);
#456=PLANE('',#6900);
#457=PLANE('',#6901);
#458=PLANE('',#6903);
#459=PLANE('',#6907);
#460=PLANE('',#6908);
#461=PLANE('',#6910);
#462=PLANE('',#6912);
#463=PLANE('',#6917);
#464=PLANE('',#6918);
#465=PLANE('',#6919);
#466=PLANE('',#6921);
#467=PLANE('',#6923);
#468=PLANE('',#6925);
#469=PLANE('',#6926);
#470=PLANE('',#6927);
#471=PLANE('',#6928);
#472=PLANE('',#6929);
#473=PLANE('',#6930);
#474=PLANE('',#6931);
#475=PLANE('',#6933);
#476=PLANE('',#6936);
#477=PLANE('',#6938);
#478=PLANE('',#6942);
#479=PLANE('',#6944);
#480=PLANE('',#6950);
#481=PLANE('',#6952);
#482=PLANE('',#6955);
#483=PLANE('',#6960);
#484=PLANE('',#6963);
#485=PLANE('',#6966);
#486=PLANE('',#6969);
#487=PLANE('',#6970);
#488=PLANE('',#6971);
#489=PLANE('',#6972);
#490=PLANE('',#6975);
#491=PLANE('',#6976);
#492=PLANE('',#6979);
#493=PLANE('',#6984);
#494=PLANE('',#6985);
#495=PLANE('',#6995);
#496=PLANE('',#7008);
#497=PLANE('',#7009);
#498=PLANE('',#7010);
#499=PLANE('',#7015);
#500=PLANE('',#7016);
#501=FACE_OUTER_BOUND('',#855,.T.);
#502=FACE_OUTER_BOUND('',#856,.T.);
#503=FACE_OUTER_BOUND('',#857,.T.);
#504=FACE_OUTER_BOUND('',#858,.T.);
#505=FACE_OUTER_BOUND('',#859,.T.);
#506=FACE_OUTER_BOUND('',#860,.T.);
#507=FACE_OUTER_BOUND('',#885,.T.);
#508=FACE_OUTER_BOUND('',#886,.T.);
#509=FACE_OUTER_BOUND('',#887,.T.);
#510=FACE_OUTER_BOUND('',#888,.T.);
#511=FACE_OUTER_BOUND('',#889,.T.);
#512=FACE_OUTER_BOUND('',#890,.T.);
#513=FACE_OUTER_BOUND('',#891,.T.);
#514=FACE_OUTER_BOUND('',#892,.T.);
#515=FACE_OUTER_BOUND('',#893,.T.);
#516=FACE_OUTER_BOUND('',#894,.T.);
#517=FACE_OUTER_BOUND('',#895,.T.);
#518=FACE_OUTER_BOUND('',#896,.T.);
#519=FACE_OUTER_BOUND('',#897,.T.);
#520=FACE_OUTER_BOUND('',#898,.T.);
#521=FACE_OUTER_BOUND('',#899,.T.);
#522=FACE_OUTER_BOUND('',#900,.T.);
#523=FACE_OUTER_BOUND('',#901,.T.);
#524=FACE_OUTER_BOUND('',#902,.T.);
#525=FACE_OUTER_BOUND('',#903,.T.);
#526=FACE_OUTER_BOUND('',#904,.T.);
#527=FACE_OUTER_BOUND('',#905,.T.);
#528=FACE_OUTER_BOUND('',#906,.T.);
#529=FACE_OUTER_BOUND('',#907,.T.);
#530=FACE_OUTER_BOUND('',#908,.T.);
#531=FACE_OUTER_BOUND('',#909,.T.);
#532=FACE_OUTER_BOUND('',#910,.T.);
#533=FACE_OUTER_BOUND('',#911,.T.);
#534=FACE_OUTER_BOUND('',#912,.T.);
#535=FACE_OUTER_BOUND('',#913,.T.);
#536=FACE_OUTER_BOUND('',#914,.T.);
#537=FACE_OUTER_BOUND('',#915,.T.);
#538=FACE_OUTER_BOUND('',#916,.T.);
#539=FACE_OUTER_BOUND('',#917,.T.);
#540=FACE_OUTER_BOUND('',#918,.T.);
#541=FACE_OUTER_BOUND('',#919,.T.);
#542=FACE_OUTER_BOUND('',#920,.T.);
#543=FACE_OUTER_BOUND('',#945,.T.);
#544=FACE_OUTER_BOUND('',#946,.T.);
#545=FACE_OUTER_BOUND('',#947,.T.);
#546=FACE_OUTER_BOUND('',#948,.T.);
#547=FACE_OUTER_BOUND('',#949,.T.);
#548=FACE_OUTER_BOUND('',#950,.T.);
#549=FACE_OUTER_BOUND('',#951,.T.);
#550=FACE_OUTER_BOUND('',#952,.T.);
#551=FACE_OUTER_BOUND('',#953,.T.);
#552=FACE_OUTER_BOUND('',#954,.T.);
#553=FACE_OUTER_BOUND('',#955,.T.);
#554=FACE_OUTER_BOUND('',#956,.T.);
#555=FACE_OUTER_BOUND('',#957,.T.);
#556=FACE_OUTER_BOUND('',#964,.T.);
#557=FACE_OUTER_BOUND('',#971,.T.);
#558=FACE_OUTER_BOUND('',#972,.T.);
#559=FACE_OUTER_BOUND('',#973,.T.);
#560=FACE_OUTER_BOUND('',#974,.T.);
#561=FACE_OUTER_BOUND('',#975,.T.);
#562=FACE_OUTER_BOUND('',#976,.T.);
#563=FACE_OUTER_BOUND('',#977,.T.);
#564=FACE_OUTER_BOUND('',#978,.T.);
#565=FACE_OUTER_BOUND('',#979,.T.);
#566=FACE_OUTER_BOUND('',#980,.T.);
#567=FACE_OUTER_BOUND('',#981,.T.);
#568=FACE_OUTER_BOUND('',#982,.T.);
#569=FACE_OUTER_BOUND('',#983,.T.);
#570=FACE_OUTER_BOUND('',#984,.T.);
#571=FACE_OUTER_BOUND('',#985,.T.);
#572=FACE_OUTER_BOUND('',#986,.T.);
#573=FACE_OUTER_BOUND('',#987,.T.);
#574=FACE_OUTER_BOUND('',#988,.T.);
#575=FACE_OUTER_BOUND('',#992,.T.);
#576=FACE_OUTER_BOUND('',#993,.T.);
#577=FACE_OUTER_BOUND('',#994,.T.);
#578=FACE_OUTER_BOUND('',#995,.T.);
#579=FACE_OUTER_BOUND('',#996,.T.);
#580=FACE_OUTER_BOUND('',#997,.T.);
#581=FACE_OUTER_BOUND('',#1001,.T.);
#582=FACE_OUTER_BOUND('',#1002,.T.);
#583=FACE_OUTER_BOUND('',#1003,.T.);
#584=FACE_OUTER_BOUND('',#1004,.T.);
#585=FACE_OUTER_BOUND('',#1005,.T.);
#586=FACE_OUTER_BOUND('',#1006,.T.);
#587=FACE_OUTER_BOUND('',#1007,.T.);
#588=FACE_OUTER_BOUND('',#1008,.T.);
#589=FACE_OUTER_BOUND('',#1013,.T.);
#590=FACE_OUTER_BOUND('',#1018,.T.);
#591=FACE_OUTER_BOUND('',#1019,.T.);
#592=FACE_OUTER_BOUND('',#1020,.T.);
#593=FACE_OUTER_BOUND('',#1021,.T.);
#594=FACE_OUTER_BOUND('',#1022,.T.);
#595=FACE_OUTER_BOUND('',#1023,.T.);
#596=FACE_OUTER_BOUND('',#1024,.T.);
#597=FACE_OUTER_BOUND('',#1025,.T.);
#598=FACE_OUTER_BOUND('',#1026,.T.);
#599=FACE_OUTER_BOUND('',#1027,.T.);
#600=FACE_OUTER_BOUND('',#1028,.T.);
#601=FACE_OUTER_BOUND('',#1029,.T.);
#602=FACE_OUTER_BOUND('',#1030,.T.);
#603=FACE_OUTER_BOUND('',#1031,.T.);
#604=FACE_OUTER_BOUND('',#1032,.T.);
#605=FACE_OUTER_BOUND('',#1033,.T.);
#606=FACE_OUTER_BOUND('',#1034,.T.);
#607=FACE_OUTER_BOUND('',#1035,.T.);
#608=FACE_OUTER_BOUND('',#1039,.T.);
#609=FACE_OUTER_BOUND('',#1040,.T.);
#610=FACE_OUTER_BOUND('',#1041,.T.);
#611=FACE_OUTER_BOUND('',#1042,.T.);
#612=FACE_OUTER_BOUND('',#1043,.T.);
#613=FACE_OUTER_BOUND('',#1044,.T.);
#614=FACE_OUTER_BOUND('',#1048,.T.);
#615=FACE_OUTER_BOUND('',#1049,.T.);
#616=FACE_OUTER_BOUND('',#1050,.T.);
#617=FACE_OUTER_BOUND('',#1051,.T.);
#618=FACE_OUTER_BOUND('',#1052,.T.);
#619=FACE_OUTER_BOUND('',#1053,.T.);
#620=FACE_OUTER_BOUND('',#1054,.T.);
#621=FACE_OUTER_BOUND('',#1055,.T.);
#622=FACE_OUTER_BOUND('',#1056,.T.);
#623=FACE_OUTER_BOUND('',#1057,.T.);
#624=FACE_OUTER_BOUND('',#1058,.T.);
#625=FACE_OUTER_BOUND('',#1059,.T.);
#626=FACE_OUTER_BOUND('',#1060,.T.);
#627=FACE_OUTER_BOUND('',#1067,.T.);
#628=FACE_OUTER_BOUND('',#1074,.T.);
#629=FACE_OUTER_BOUND('',#1075,.T.);
#630=FACE_OUTER_BOUND('',#1076,.T.);
#631=FACE_OUTER_BOUND('',#1077,.T.);
#632=FACE_OUTER_BOUND('',#1078,.T.);
#633=FACE_OUTER_BOUND('',#1079,.T.);
#634=FACE_OUTER_BOUND('',#1080,.T.);
#635=FACE_OUTER_BOUND('',#1081,.T.);
#636=FACE_OUTER_BOUND('',#1082,.T.);
#637=FACE_OUTER_BOUND('',#1083,.T.);
#638=FACE_OUTER_BOUND('',#1084,.T.);
#639=FACE_OUTER_BOUND('',#1085,.T.);
#640=FACE_OUTER_BOUND('',#1086,.T.);
#641=FACE_OUTER_BOUND('',#1087,.T.);
#642=FACE_OUTER_BOUND('',#1088,.T.);
#643=FACE_OUTER_BOUND('',#1089,.T.);
#644=FACE_OUTER_BOUND('',#1090,.T.);
#645=FACE_OUTER_BOUND('',#1091,.T.);
#646=FACE_OUTER_BOUND('',#1095,.T.);
#647=FACE_OUTER_BOUND('',#1096,.T.);
#648=FACE_OUTER_BOUND('',#1097,.T.);
#649=FACE_OUTER_BOUND('',#1098,.T.);
#650=FACE_OUTER_BOUND('',#1099,.T.);
#651=FACE_OUTER_BOUND('',#1100,.T.);
#652=FACE_OUTER_BOUND('',#1104,.T.);
#653=FACE_OUTER_BOUND('',#1105,.T.);
#654=FACE_OUTER_BOUND('',#1106,.T.);
#655=FACE_OUTER_BOUND('',#1107,.T.);
#656=FACE_OUTER_BOUND('',#1108,.T.);
#657=FACE_OUTER_BOUND('',#1109,.T.);
#658=FACE_OUTER_BOUND('',#1110,.T.);
#659=FACE_OUTER_BOUND('',#1112,.T.);
#660=FACE_OUTER_BOUND('',#1113,.T.);
#661=FACE_OUTER_BOUND('',#1114,.T.);
#662=FACE_OUTER_BOUND('',#1115,.T.);
#663=FACE_OUTER_BOUND('',#1116,.T.);
#664=FACE_OUTER_BOUND('',#1117,.T.);
#665=FACE_OUTER_BOUND('',#1119,.T.);
#666=FACE_OUTER_BOUND('',#1120,.T.);
#667=FACE_OUTER_BOUND('',#1121,.T.);
#668=FACE_OUTER_BOUND('',#1123,.T.);
#669=FACE_OUTER_BOUND('',#1124,.T.);
#670=FACE_OUTER_BOUND('',#1125,.T.);
#671=FACE_OUTER_BOUND('',#1126,.T.);
#672=FACE_OUTER_BOUND('',#1127,.T.);
#673=FACE_OUTER_BOUND('',#1128,.T.);
#674=FACE_OUTER_BOUND('',#1130,.T.);
#675=FACE_OUTER_BOUND('',#1131,.T.);
#676=FACE_OUTER_BOUND('',#1132,.T.);
#677=FACE_OUTER_BOUND('',#1133,.T.);
#678=FACE_OUTER_BOUND('',#1134,.T.);
#679=FACE_OUTER_BOUND('',#1135,.T.);
#680=FACE_OUTER_BOUND('',#1138,.T.);
#681=FACE_OUTER_BOUND('',#1139,.T.);
#682=FACE_OUTER_BOUND('',#1140,.T.);
#683=FACE_OUTER_BOUND('',#1143,.T.);
#684=FACE_OUTER_BOUND('',#1144,.T.);
#685=FACE_OUTER_BOUND('',#1147,.T.);
#686=FACE_OUTER_BOUND('',#1148,.T.);
#687=FACE_OUTER_BOUND('',#1149,.T.);
#688=FACE_OUTER_BOUND('',#1150,.T.);
#689=FACE_OUTER_BOUND('',#1151,.T.);
#690=FACE_OUTER_BOUND('',#1154,.T.);
#691=FACE_OUTER_BOUND('',#1155,.T.);
#692=FACE_OUTER_BOUND('',#1156,.T.);
#693=FACE_OUTER_BOUND('',#1157,.T.);
#694=FACE_OUTER_BOUND('',#1158,.T.);
#695=FACE_OUTER_BOUND('',#1159,.T.);
#696=FACE_OUTER_BOUND('',#1160,.T.);
#697=FACE_OUTER_BOUND('',#1162,.T.);
#698=FACE_OUTER_BOUND('',#1163,.T.);
#699=FACE_OUTER_BOUND('',#1164,.T.);
#700=FACE_OUTER_BOUND('',#1165,.T.);
#701=FACE_OUTER_BOUND('',#1166,.T.);
#702=FACE_OUTER_BOUND('',#1167,.T.);
#703=FACE_OUTER_BOUND('',#1169,.T.);
#704=FACE_OUTER_BOUND('',#1170,.T.);
#705=FACE_OUTER_BOUND('',#1171,.T.);
#706=FACE_OUTER_BOUND('',#1173,.T.);
#707=FACE_OUTER_BOUND('',#1174,.T.);
#708=FACE_OUTER_BOUND('',#1175,.T.);
#709=FACE_OUTER_BOUND('',#1176,.T.);
#710=FACE_OUTER_BOUND('',#1177,.T.);
#711=FACE_OUTER_BOUND('',#1178,.T.);
#712=FACE_OUTER_BOUND('',#1180,.T.);
#713=FACE_OUTER_BOUND('',#1181,.T.);
#714=FACE_OUTER_BOUND('',#1182,.T.);
#715=FACE_OUTER_BOUND('',#1183,.T.);
#716=FACE_OUTER_BOUND('',#1184,.T.);
#717=FACE_OUTER_BOUND('',#1185,.T.);
#718=FACE_OUTER_BOUND('',#1186,.T.);
#719=FACE_OUTER_BOUND('',#1189,.T.);
#720=FACE_OUTER_BOUND('',#1190,.T.);
#721=FACE_OUTER_BOUND('',#1193,.T.);
#722=FACE_OUTER_BOUND('',#1194,.T.);
#723=FACE_OUTER_BOUND('',#1197,.T.);
#724=FACE_OUTER_BOUND('',#1198,.T.);
#725=FACE_OUTER_BOUND('',#1199,.T.);
#726=FACE_OUTER_BOUND('',#1200,.T.);
#727=FACE_OUTER_BOUND('',#1201,.T.);
#728=FACE_OUTER_BOUND('',#1204,.T.);
#729=FACE_OUTER_BOUND('',#1205,.T.);
#730=FACE_OUTER_BOUND('',#1206,.T.);
#731=FACE_OUTER_BOUND('',#1207,.T.);
#732=FACE_OUTER_BOUND('',#1208,.T.);
#733=FACE_OUTER_BOUND('',#1209,.T.);
#734=FACE_OUTER_BOUND('',#1210,.T.);
#735=FACE_OUTER_BOUND('',#1211,.T.);
#736=FACE_OUTER_BOUND('',#1212,.T.);
#737=FACE_OUTER_BOUND('',#1213,.T.);
#738=FACE_OUTER_BOUND('',#1215,.T.);
#739=FACE_OUTER_BOUND('',#1217,.T.);
#740=FACE_OUTER_BOUND('',#1218,.T.);
#741=FACE_OUTER_BOUND('',#1219,.T.);
#742=FACE_OUTER_BOUND('',#1220,.T.);
#743=FACE_OUTER_BOUND('',#1221,.T.);
#744=FACE_OUTER_BOUND('',#1222,.T.);
#745=FACE_OUTER_BOUND('',#1224,.T.);
#746=FACE_OUTER_BOUND('',#1225,.T.);
#747=FACE_OUTER_BOUND('',#1226,.T.);
#748=FACE_OUTER_BOUND('',#1227,.T.);
#749=FACE_OUTER_BOUND('',#1228,.T.);
#750=FACE_OUTER_BOUND('',#1229,.T.);
#751=FACE_OUTER_BOUND('',#1230,.T.);
#752=FACE_OUTER_BOUND('',#1232,.T.);
#753=FACE_OUTER_BOUND('',#1233,.T.);
#754=FACE_OUTER_BOUND('',#1238,.T.);
#755=FACE_OUTER_BOUND('',#1239,.T.);
#756=FACE_OUTER_BOUND('',#1240,.T.);
#757=FACE_OUTER_BOUND('',#1241,.T.);
#758=FACE_OUTER_BOUND('',#1242,.T.);
#759=FACE_OUTER_BOUND('',#1243,.T.);
#760=FACE_OUTER_BOUND('',#1248,.T.);
#761=FACE_OUTER_BOUND('',#1249,.T.);
#762=FACE_OUTER_BOUND('',#1250,.T.);
#763=FACE_OUTER_BOUND('',#1251,.T.);
#764=FACE_OUTER_BOUND('',#1252,.T.);
#765=FACE_OUTER_BOUND('',#1253,.T.);
#766=FACE_OUTER_BOUND('',#1254,.T.);
#767=FACE_OUTER_BOUND('',#1255,.T.);
#768=FACE_OUTER_BOUND('',#1256,.T.);
#769=FACE_OUTER_BOUND('',#1257,.T.);
#770=FACE_OUTER_BOUND('',#1258,.T.);
#771=FACE_OUTER_BOUND('',#1259,.T.);
#772=FACE_OUTER_BOUND('',#1260,.T.);
#773=FACE_OUTER_BOUND('',#1261,.T.);
#774=FACE_OUTER_BOUND('',#1262,.T.);
#775=FACE_OUTER_BOUND('',#1263,.T.);
#776=FACE_OUTER_BOUND('',#1264,.T.);
#777=FACE_OUTER_BOUND('',#1265,.T.);
#778=FACE_OUTER_BOUND('',#1266,.T.);
#779=FACE_OUTER_BOUND('',#1267,.T.);
#780=FACE_OUTER_BOUND('',#1268,.T.);
#781=FACE_OUTER_BOUND('',#1269,.T.);
#782=FACE_OUTER_BOUND('',#1270,.T.);
#783=FACE_OUTER_BOUND('',#1271,.T.);
#784=FACE_OUTER_BOUND('',#1272,.T.);
#785=FACE_OUTER_BOUND('',#1273,.T.);
#786=FACE_OUTER_BOUND('',#1274,.T.);
#787=FACE_OUTER_BOUND('',#1275,.T.);
#788=FACE_OUTER_BOUND('',#1276,.T.);
#789=FACE_OUTER_BOUND('',#1277,.T.);
#790=FACE_OUTER_BOUND('',#1278,.T.);
#791=FACE_OUTER_BOUND('',#1279,.T.);
#792=FACE_OUTER_BOUND('',#1280,.T.);
#793=FACE_OUTER_BOUND('',#1281,.T.);
#794=FACE_OUTER_BOUND('',#1282,.T.);
#795=FACE_OUTER_BOUND('',#1283,.T.);
#796=FACE_OUTER_BOUND('',#1284,.T.);
#797=FACE_OUTER_BOUND('',#1285,.T.);
#798=FACE_OUTER_BOUND('',#1286,.T.);
#799=FACE_OUTER_BOUND('',#1287,.T.);
#800=FACE_OUTER_BOUND('',#1288,.T.);
#801=FACE_OUTER_BOUND('',#1289,.T.);
#802=FACE_OUTER_BOUND('',#1290,.T.);
#803=FACE_OUTER_BOUND('',#1291,.T.);
#804=FACE_OUTER_BOUND('',#1292,.T.);
#805=FACE_OUTER_BOUND('',#1293,.T.);
#806=FACE_OUTER_BOUND('',#1295,.T.);
#807=FACE_OUTER_BOUND('',#1296,.T.);
#808=FACE_OUTER_BOUND('',#1298,.T.);
#809=FACE_OUTER_BOUND('',#1300,.T.);
#810=FACE_OUTER_BOUND('',#1302,.T.);
#811=FACE_OUTER_BOUND('',#1303,.T.);
#812=FACE_OUTER_BOUND('',#1305,.T.);
#813=FACE_OUTER_BOUND('',#1307,.T.);
#814=FACE_OUTER_BOUND('',#1308,.T.);
#815=FACE_OUTER_BOUND('',#1309,.T.);
#816=FACE_OUTER_BOUND('',#1310,.T.);
#817=FACE_OUTER_BOUND('',#1311,.T.);
#818=FACE_OUTER_BOUND('',#1312,.T.);
#819=FACE_OUTER_BOUND('',#1313,.T.);
#820=FACE_OUTER_BOUND('',#1314,.T.);
#821=FACE_OUTER_BOUND('',#1315,.T.);
#822=FACE_OUTER_BOUND('',#1316,.T.);
#823=FACE_OUTER_BOUND('',#1317,.T.);
#824=FACE_OUTER_BOUND('',#1318,.T.);
#825=FACE_OUTER_BOUND('',#1319,.T.);
#826=FACE_OUTER_BOUND('',#1320,.T.);
#827=FACE_OUTER_BOUND('',#1321,.T.);
#828=FACE_OUTER_BOUND('',#1322,.T.);
#829=FACE_OUTER_BOUND('',#1323,.T.);
#830=FACE_OUTER_BOUND('',#1324,.T.);
#831=FACE_OUTER_BOUND('',#1325,.T.);
#832=FACE_OUTER_BOUND('',#1326,.T.);
#833=FACE_OUTER_BOUND('',#1327,.T.);
#834=FACE_OUTER_BOUND('',#1328,.T.);
#835=FACE_OUTER_BOUND('',#1330,.T.);
#836=FACE_OUTER_BOUND('',#1331,.T.);
#837=FACE_OUTER_BOUND('',#1332,.T.);
#838=FACE_OUTER_BOUND('',#1334,.T.);
#839=FACE_OUTER_BOUND('',#1335,.T.);
#840=FACE_OUTER_BOUND('',#1336,.T.);
#841=FACE_OUTER_BOUND('',#1341,.T.);
#842=FACE_OUTER_BOUND('',#1342,.T.);
#843=FACE_OUTER_BOUND('',#1343,.T.);
#844=FACE_OUTER_BOUND('',#1344,.T.);
#845=FACE_OUTER_BOUND('',#1345,.T.);
#846=FACE_OUTER_BOUND('',#1346,.T.);
#847=FACE_OUTER_BOUND('',#1347,.T.);
#848=FACE_OUTER_BOUND('',#1348,.T.);
#849=FACE_OUTER_BOUND('',#1349,.T.);
#850=FACE_OUTER_BOUND('',#1350,.T.);
#851=FACE_OUTER_BOUND('',#1351,.T.);
#852=FACE_OUTER_BOUND('',#1356,.T.);
#853=FACE_OUTER_BOUND('',#1357,.T.);
#854=FACE_OUTER_BOUND('',#1358,.T.);
#855=EDGE_LOOP('',(#4105,#4106,#4107,#4108));
#856=EDGE_LOOP('',(#4109,#4110,#4111,#4112));
#857=EDGE_LOOP('',(#4113,#4114,#4115,#4116));
#858=EDGE_LOOP('',(#4117,#4118,#4119,#4120));
#859=EDGE_LOOP('',(#4121,#4122,#4123,#4124));
#860=EDGE_LOOP('',(#4125,#4126,#4127,#4128,#4129,#4130,#4131,#4132,#4133,
#4134,#4135,#4136,#4137,#4138,#4139,#4140));
#861=EDGE_LOOP('',(#4141));
#862=EDGE_LOOP('',(#4142));
#863=EDGE_LOOP('',(#4143));
#864=EDGE_LOOP('',(#4144));
#865=EDGE_LOOP('',(#4145));
#866=EDGE_LOOP('',(#4146));
#867=EDGE_LOOP('',(#4147));
#868=EDGE_LOOP('',(#4148));
#869=EDGE_LOOP('',(#4149));
#870=EDGE_LOOP('',(#4150));
#871=EDGE_LOOP('',(#4151));
#872=EDGE_LOOP('',(#4152));
#873=EDGE_LOOP('',(#4153));
#874=EDGE_LOOP('',(#4154));
#875=EDGE_LOOP('',(#4155));
#876=EDGE_LOOP('',(#4156));
#877=EDGE_LOOP('',(#4157));
#878=EDGE_LOOP('',(#4158));
#879=EDGE_LOOP('',(#4159));
#880=EDGE_LOOP('',(#4160));
#881=EDGE_LOOP('',(#4161));
#882=EDGE_LOOP('',(#4162));
#883=EDGE_LOOP('',(#4163));
#884=EDGE_LOOP('',(#4164));
#885=EDGE_LOOP('',(#4165,#4166,#4167,#4168));
#886=EDGE_LOOP('',(#4169,#4170,#4171,#4172));
#887=EDGE_LOOP('',(#4173,#4174,#4175,#4176));
#888=EDGE_LOOP('',(#4177,#4178,#4179,#4180));
#889=EDGE_LOOP('',(#4181,#4182,#4183,#4184));
#890=EDGE_LOOP('',(#4185,#4186,#4187,#4188));
#891=EDGE_LOOP('',(#4189,#4190,#4191,#4192));
#892=EDGE_LOOP('',(#4193,#4194,#4195,#4196));
#893=EDGE_LOOP('',(#4197,#4198,#4199,#4200));
#894=EDGE_LOOP('',(#4201,#4202,#4203,#4204));
#895=EDGE_LOOP('',(#4205,#4206,#4207,#4208));
#896=EDGE_LOOP('',(#4209,#4210,#4211,#4212));
#897=EDGE_LOOP('',(#4213,#4214,#4215,#4216));
#898=EDGE_LOOP('',(#4217,#4218,#4219,#4220));
#899=EDGE_LOOP('',(#4221,#4222,#4223,#4224));
#900=EDGE_LOOP('',(#4225,#4226,#4227,#4228));
#901=EDGE_LOOP('',(#4229,#4230,#4231,#4232));
#902=EDGE_LOOP('',(#4233,#4234,#4235,#4236));
#903=EDGE_LOOP('',(#4237,#4238,#4239,#4240));
#904=EDGE_LOOP('',(#4241,#4242,#4243,#4244));
#905=EDGE_LOOP('',(#4245,#4246,#4247,#4248));
#906=EDGE_LOOP('',(#4249,#4250,#4251,#4252));
#907=EDGE_LOOP('',(#4253,#4254,#4255,#4256));
#908=EDGE_LOOP('',(#4257,#4258,#4259,#4260));
#909=EDGE_LOOP('',(#4261,#4262,#4263,#4264));
#910=EDGE_LOOP('',(#4265,#4266,#4267,#4268));
#911=EDGE_LOOP('',(#4269,#4270,#4271,#4272));
#912=EDGE_LOOP('',(#4273,#4274,#4275,#4276));
#913=EDGE_LOOP('',(#4277,#4278,#4279,#4280));
#914=EDGE_LOOP('',(#4281,#4282,#4283,#4284));
#915=EDGE_LOOP('',(#4285,#4286,#4287,#4288));
#916=EDGE_LOOP('',(#4289,#4290,#4291,#4292));
#917=EDGE_LOOP('',(#4293,#4294,#4295,#4296));
#918=EDGE_LOOP('',(#4297,#4298,#4299,#4300));
#919=EDGE_LOOP('',(#4301,#4302,#4303,#4304));
#920=EDGE_LOOP('',(#4305,#4306,#4307,#4308,#4309,#4310,#4311,#4312,#4313,
#4314,#4315,#4316,#4317,#4318,#4319,#4320));
#921=EDGE_LOOP('',(#4321));
#922=EDGE_LOOP('',(#4322));
#923=EDGE_LOOP('',(#4323));
#924=EDGE_LOOP('',(#4324));
#925=EDGE_LOOP('',(#4325));
#926=EDGE_LOOP('',(#4326));
#927=EDGE_LOOP('',(#4327));
#928=EDGE_LOOP('',(#4328));
#929=EDGE_LOOP('',(#4329));
#930=EDGE_LOOP('',(#4330));
#931=EDGE_LOOP('',(#4331));
#932=EDGE_LOOP('',(#4332));
#933=EDGE_LOOP('',(#4333));
#934=EDGE_LOOP('',(#4334));
#935=EDGE_LOOP('',(#4335));
#936=EDGE_LOOP('',(#4336));
#937=EDGE_LOOP('',(#4337));
#938=EDGE_LOOP('',(#4338));
#939=EDGE_LOOP('',(#4339));
#940=EDGE_LOOP('',(#4340));
#941=EDGE_LOOP('',(#4341));
#942=EDGE_LOOP('',(#4342));
#943=EDGE_LOOP('',(#4343));
#944=EDGE_LOOP('',(#4344));
#945=EDGE_LOOP('',(#4345,#4346,#4347,#4348));
#946=EDGE_LOOP('',(#4349,#4350,#4351,#4352));
#947=EDGE_LOOP('',(#4353,#4354,#4355,#4356));
#948=EDGE_LOOP('',(#4357,#4358,#4359,#4360));
#949=EDGE_LOOP('',(#4361,#4362,#4363,#4364));
#950=EDGE_LOOP('',(#4365,#4366,#4367,#4368));
#951=EDGE_LOOP('',(#4369,#4370,#4371,#4372));
#952=EDGE_LOOP('',(#4373,#4374,#4375,#4376));
#953=EDGE_LOOP('',(#4377,#4378,#4379,#4380));
#954=EDGE_LOOP('',(#4381,#4382,#4383,#4384));
#955=EDGE_LOOP('',(#4385,#4386,#4387,#4388));
#956=EDGE_LOOP('',(#4389,#4390,#4391,#4392));
#957=EDGE_LOOP('',(#4393,#4394,#4395,#4396,#4397,#4398,#4399,#4400));
#958=EDGE_LOOP('',(#4401));
#959=EDGE_LOOP('',(#4402,#4403,#4404,#4405));
#960=EDGE_LOOP('',(#4406));
#961=EDGE_LOOP('',(#4407));
#962=EDGE_LOOP('',(#4408));
#963=EDGE_LOOP('',(#4409));
#964=EDGE_LOOP('',(#4410,#4411,#4412,#4413,#4414,#4415,#4416,#4417));
#965=EDGE_LOOP('',(#4418));
#966=EDGE_LOOP('',(#4419,#4420,#4421,#4422));
#967=EDGE_LOOP('',(#4423));
#968=EDGE_LOOP('',(#4424));
#969=EDGE_LOOP('',(#4425));
#970=EDGE_LOOP('',(#4426));
#971=EDGE_LOOP('',(#4427,#4428,#4429,#4430));
#972=EDGE_LOOP('',(#4431,#4432,#4433,#4434));
#973=EDGE_LOOP('',(#4435,#4436,#4437,#4438));
#974=EDGE_LOOP('',(#4439,#4440,#4441,#4442));
#975=EDGE_LOOP('',(#4443,#4444,#4445,#4446));
#976=EDGE_LOOP('',(#4447,#4448,#4449,#4450));
#977=EDGE_LOOP('',(#4451,#4452,#4453,#4454));
#978=EDGE_LOOP('',(#4455,#4456,#4457,#4458));
#979=EDGE_LOOP('',(#4459,#4460,#4461,#4462));
#980=EDGE_LOOP('',(#4463,#4464,#4465,#4466));
#981=EDGE_LOOP('',(#4467,#4468,#4469,#4470));
#982=EDGE_LOOP('',(#4471,#4472,#4473,#4474));
#983=EDGE_LOOP('',(#4475,#4476,#4477,#4478));
#984=EDGE_LOOP('',(#4479,#4480,#4481,#4482));
#985=EDGE_LOOP('',(#4483,#4484,#4485,#4486));
#986=EDGE_LOOP('',(#4487,#4488,#4489,#4490));
#987=EDGE_LOOP('',(#4491,#4492,#4493,#4494));
#988=EDGE_LOOP('',(#4495,#4496,#4497,#4498));
#989=EDGE_LOOP('',(#4499));
#990=EDGE_LOOP('',(#4500));
#991=EDGE_LOOP('',(#4501));
#992=EDGE_LOOP('',(#4502,#4503,#4504,#4505));
#993=EDGE_LOOP('',(#4506,#4507,#4508,#4509));
#994=EDGE_LOOP('',(#4510,#4511,#4512,#4513));
#995=EDGE_LOOP('',(#4514,#4515,#4516,#4517));
#996=EDGE_LOOP('',(#4518,#4519,#4520,#4521));
#997=EDGE_LOOP('',(#4522,#4523,#4524,#4525));
#998=EDGE_LOOP('',(#4526));
#999=EDGE_LOOP('',(#4527));
#1000=EDGE_LOOP('',(#4528));
#1001=EDGE_LOOP('',(#4529,#4530,#4531,#4532));
#1002=EDGE_LOOP('',(#4533,#4534,#4535,#4536));
#1003=EDGE_LOOP('',(#4537,#4538,#4539,#4540));
#1004=EDGE_LOOP('',(#4541,#4542,#4543,#4544));
#1005=EDGE_LOOP('',(#4545,#4546,#4547,#4548));
#1006=EDGE_LOOP('',(#4549,#4550,#4551,#4552));
#1007=EDGE_LOOP('',(#4553,#4554,#4555,#4556));
#1008=EDGE_LOOP('',(#4557,#4558,#4559,#4560,#4561,#4562,#4563,#4564));
#1009=EDGE_LOOP('',(#4565));
#1010=EDGE_LOOP('',(#4566));
#1011=EDGE_LOOP('',(#4567));
#1012=EDGE_LOOP('',(#4568));
#1013=EDGE_LOOP('',(#4569,#4570,#4571,#4572,#4573,#4574,#4575,#4576));
#1014=EDGE_LOOP('',(#4577));
#1015=EDGE_LOOP('',(#4578));
#1016=EDGE_LOOP('',(#4579));
#1017=EDGE_LOOP('',(#4580));
#1018=EDGE_LOOP('',(#4581,#4582,#4583,#4584));
#1019=EDGE_LOOP('',(#4585,#4586,#4587,#4588));
#1020=EDGE_LOOP('',(#4589,#4590,#4591,#4592));
#1021=EDGE_LOOP('',(#4593,#4594,#4595,#4596));
#1022=EDGE_LOOP('',(#4597,#4598,#4599,#4600));
#1023=EDGE_LOOP('',(#4601,#4602,#4603,#4604));
#1024=EDGE_LOOP('',(#4605,#4606,#4607,#4608));
#1025=EDGE_LOOP('',(#4609,#4610,#4611,#4612));
#1026=EDGE_LOOP('',(#4613,#4614,#4615,#4616));
#1027=EDGE_LOOP('',(#4617,#4618,#4619,#4620));
#1028=EDGE_LOOP('',(#4621,#4622,#4623,#4624));
#1029=EDGE_LOOP('',(#4625,#4626,#4627,#4628));
#1030=EDGE_LOOP('',(#4629,#4630,#4631,#4632));
#1031=EDGE_LOOP('',(#4633,#4634,#4635,#4636));
#1032=EDGE_LOOP('',(#4637,#4638,#4639,#4640));
#1033=EDGE_LOOP('',(#4641,#4642,#4643,#4644));
#1034=EDGE_LOOP('',(#4645,#4646,#4647,#4648));
#1035=EDGE_LOOP('',(#4649,#4650,#4651,#4652));
#1036=EDGE_LOOP('',(#4653));
#1037=EDGE_LOOP('',(#4654));
#1038=EDGE_LOOP('',(#4655));
#1039=EDGE_LOOP('',(#4656,#4657,#4658,#4659));
#1040=EDGE_LOOP('',(#4660,#4661,#4662,#4663));
#1041=EDGE_LOOP('',(#4664,#4665,#4666,#4667));
#1042=EDGE_LOOP('',(#4668,#4669,#4670,#4671));
#1043=EDGE_LOOP('',(#4672,#4673,#4674,#4675));
#1044=EDGE_LOOP('',(#4676,#4677,#4678,#4679));
#1045=EDGE_LOOP('',(#4680));
#1046=EDGE_LOOP('',(#4681));
#1047=EDGE_LOOP('',(#4682));
#1048=EDGE_LOOP('',(#4683,#4684,#4685,#4686));
#1049=EDGE_LOOP('',(#4687,#4688,#4689,#4690));
#1050=EDGE_LOOP('',(#4691,#4692,#4693,#4694));
#1051=EDGE_LOOP('',(#4695,#4696,#4697,#4698));
#1052=EDGE_LOOP('',(#4699,#4700,#4701,#4702));
#1053=EDGE_LOOP('',(#4703,#4704,#4705,#4706));
#1054=EDGE_LOOP('',(#4707,#4708,#4709,#4710));
#1055=EDGE_LOOP('',(#4711,#4712,#4713,#4714));
#1056=EDGE_LOOP('',(#4715,#4716,#4717,#4718));
#1057=EDGE_LOOP('',(#4719,#4720,#4721,#4722));
#1058=EDGE_LOOP('',(#4723,#4724,#4725,#4726));
#1059=EDGE_LOOP('',(#4727,#4728,#4729,#4730));
#1060=EDGE_LOOP('',(#4731,#4732,#4733,#4734,#4735,#4736,#4737,#4738));
#1061=EDGE_LOOP('',(#4739,#4740,#4741,#4742));
#1062=EDGE_LOOP('',(#4743));
#1063=EDGE_LOOP('',(#4744));
#1064=EDGE_LOOP('',(#4745));
#1065=EDGE_LOOP('',(#4746));
#1066=EDGE_LOOP('',(#4747));
#1067=EDGE_LOOP('',(#4748,#4749,#4750,#4751,#4752,#4753,#4754,#4755));
#1068=EDGE_LOOP('',(#4756,#4757,#4758,#4759));
#1069=EDGE_LOOP('',(#4760));
#1070=EDGE_LOOP('',(#4761));
#1071=EDGE_LOOP('',(#4762));
#1072=EDGE_LOOP('',(#4763));
#1073=EDGE_LOOP('',(#4764));
#1074=EDGE_LOOP('',(#4765,#4766,#4767,#4768));
#1075=EDGE_LOOP('',(#4769,#4770,#4771,#4772));
#1076=EDGE_LOOP('',(#4773,#4774,#4775,#4776));
#1077=EDGE_LOOP('',(#4777,#4778,#4779,#4780));
#1078=EDGE_LOOP('',(#4781,#4782,#4783,#4784));
#1079=EDGE_LOOP('',(#4785,#4786,#4787,#4788));
#1080=EDGE_LOOP('',(#4789,#4790,#4791,#4792));
#1081=EDGE_LOOP('',(#4793,#4794,#4795,#4796));
#1082=EDGE_LOOP('',(#4797,#4798,#4799,#4800));
#1083=EDGE_LOOP('',(#4801,#4802,#4803,#4804));
#1084=EDGE_LOOP('',(#4805,#4806,#4807,#4808));
#1085=EDGE_LOOP('',(#4809,#4810,#4811,#4812));
#1086=EDGE_LOOP('',(#4813,#4814,#4815,#4816));
#1087=EDGE_LOOP('',(#4817,#4818,#4819,#4820));
#1088=EDGE_LOOP('',(#4821,#4822,#4823,#4824));
#1089=EDGE_LOOP('',(#4825,#4826,#4827,#4828));
#1090=EDGE_LOOP('',(#4829,#4830,#4831,#4832));
#1091=EDGE_LOOP('',(#4833,#4834,#4835,#4836));
#1092=EDGE_LOOP('',(#4837));
#1093=EDGE_LOOP('',(#4838));
#1094=EDGE_LOOP('',(#4839));
#1095=EDGE_LOOP('',(#4840,#4841,#4842,#4843));
#1096=EDGE_LOOP('',(#4844,#4845,#4846,#4847));
#1097=EDGE_LOOP('',(#4848,#4849,#4850,#4851));
#1098=EDGE_LOOP('',(#4852,#4853,#4854,#4855));
#1099=EDGE_LOOP('',(#4856,#4857,#4858,#4859));
#1100=EDGE_LOOP('',(#4860,#4861,#4862,#4863));
#1101=EDGE_LOOP('',(#4864));
#1102=EDGE_LOOP('',(#4865));
#1103=EDGE_LOOP('',(#4866));
#1104=EDGE_LOOP('',(#4867,#4868,#4869,#4870));
#1105=EDGE_LOOP('',(#4871,#4872,#4873,#4874));
#1106=EDGE_LOOP('',(#4875,#4876,#4877,#4878));
#1107=EDGE_LOOP('',(#4879,#4880,#4881,#4882));
#1108=EDGE_LOOP('',(#4883,#4884,#4885,#4886));
#1109=EDGE_LOOP('',(#4887,#4888,#4889,#4890));
#1110=EDGE_LOOP('',(#4891,#4892,#4893,#4894));
#1111=EDGE_LOOP('',(#4895));
#1112=EDGE_LOOP('',(#4896,#4897,#4898,#4899));
#1113=EDGE_LOOP('',(#4900,#4901,#4902,#4903));
#1114=EDGE_LOOP('',(#4904,#4905,#4906,#4907));
#1115=EDGE_LOOP('',(#4908,#4909,#4910,#4911));
#1116=EDGE_LOOP('',(#4912,#4913,#4914,#4915));
#1117=EDGE_LOOP('',(#4916,#4917,#4918,#4919));
#1118=EDGE_LOOP('',(#4920));
#1119=EDGE_LOOP('',(#4921,#4922,#4923,#4924));
#1120=EDGE_LOOP('',(#4925,#4926,#4927,#4928));
#1121=EDGE_LOOP('',(#4929,#4930,#4931,#4932));
#1122=EDGE_LOOP('',(#4933));
#1123=EDGE_LOOP('',(#4934,#4935,#4936,#4937));
#1124=EDGE_LOOP('',(#4938,#4939,#4940,#4941));
#1125=EDGE_LOOP('',(#4942,#4943,#4944,#4945));
#1126=EDGE_LOOP('',(#4946,#4947,#4948,#4949));
#1127=EDGE_LOOP('',(#4950,#4951,#4952,#4953));
#1128=EDGE_LOOP('',(#4954,#4955,#4956,#4957));
#1129=EDGE_LOOP('',(#4958));
#1130=EDGE_LOOP('',(#4959,#4960,#4961,#4962));
#1131=EDGE_LOOP('',(#4963,#4964,#4965,#4966));
#1132=EDGE_LOOP('',(#4967,#4968,#4969,#4970));
#1133=EDGE_LOOP('',(#4971,#4972,#4973,#4974));
#1134=EDGE_LOOP('',(#4975,#4976,#4977,#4978));
#1135=EDGE_LOOP('',(#4979,#4980,#4981,#4982));
#1136=EDGE_LOOP('',(#4983));
#1137=EDGE_LOOP('',(#4984));
#1138=EDGE_LOOP('',(#4985,#4986,#4987,#4988));
#1139=EDGE_LOOP('',(#4989,#4990,#4991,#4992));
#1140=EDGE_LOOP('',(#4993,#4994,#4995,#4996));
#1141=EDGE_LOOP('',(#4997));
#1142=EDGE_LOOP('',(#4998));
#1143=EDGE_LOOP('',(#4999,#5000,#5001,#5002));
#1144=EDGE_LOOP('',(#5003,#5004,#5005,#5006,#5007,#5008));
#1145=EDGE_LOOP('',(#5009));
#1146=EDGE_LOOP('',(#5010));
#1147=EDGE_LOOP('',(#5011,#5012,#5013,#5014));
#1148=EDGE_LOOP('',(#5015,#5016,#5017,#5018));
#1149=EDGE_LOOP('',(#5019,#5020,#5021,#5022));
#1150=EDGE_LOOP('',(#5023,#5024,#5025,#5026));
#1151=EDGE_LOOP('',(#5027,#5028,#5029,#5030,#5031,#5032));
#1152=EDGE_LOOP('',(#5033));
#1153=EDGE_LOOP('',(#5034));
#1154=EDGE_LOOP('',(#5035,#5036,#5037,#5038));
#1155=EDGE_LOOP('',(#5039,#5040,#5041,#5042));
#1156=EDGE_LOOP('',(#5043,#5044,#5045,#5046));
#1157=EDGE_LOOP('',(#5047,#5048,#5049,#5050));
#1158=EDGE_LOOP('',(#5051,#5052,#5053,#5054));
#1159=EDGE_LOOP('',(#5055,#5056,#5057,#5058));
#1160=EDGE_LOOP('',(#5059,#5060,#5061,#5062));
#1161=EDGE_LOOP('',(#5063));
#1162=EDGE_LOOP('',(#5064,#5065,#5066,#5067));
#1163=EDGE_LOOP('',(#5068,#5069,#5070,#5071));
#1164=EDGE_LOOP('',(#5072,#5073,#5074,#5075));
#1165=EDGE_LOOP('',(#5076,#5077,#5078,#5079));
#1166=EDGE_LOOP('',(#5080,#5081,#5082,#5083));
#1167=EDGE_LOOP('',(#5084,#5085,#5086,#5087));
#1168=EDGE_LOOP('',(#5088));
#1169=EDGE_LOOP('',(#5089,#5090,#5091,#5092));
#1170=EDGE_LOOP('',(#5093,#5094,#5095,#5096));
#1171=EDGE_LOOP('',(#5097,#5098,#5099,#5100));
#1172=EDGE_LOOP('',(#5101));
#1173=EDGE_LOOP('',(#5102,#5103,#5104,#5105));
#1174=EDGE_LOOP('',(#5106,#5107,#5108,#5109));
#1175=EDGE_LOOP('',(#5110,#5111,#5112,#5113));
#1176=EDGE_LOOP('',(#5114,#5115,#5116,#5117));
#1177=EDGE_LOOP('',(#5118,#5119,#5120,#5121));
#1178=EDGE_LOOP('',(#5122,#5123,#5124,#5125));
#1179=EDGE_LOOP('',(#5126));
#1180=EDGE_LOOP('',(#5127,#5128,#5129,#5130));
#1181=EDGE_LOOP('',(#5131,#5132,#5133,#5134));
#1182=EDGE_LOOP('',(#5135,#5136,#5137,#5138));
#1183=EDGE_LOOP('',(#5139,#5140,#5141,#5142));
#1184=EDGE_LOOP('',(#5143,#5144,#5145,#5146));
#1185=EDGE_LOOP('',(#5147,#5148,#5149,#5150));
#1186=EDGE_LOOP('',(#5151,#5152,#5153,#5154));
#1187=EDGE_LOOP('',(#5155));
#1188=EDGE_LOOP('',(#5156));
#1189=EDGE_LOOP('',(#5157,#5158,#5159,#5160));
#1190=EDGE_LOOP('',(#5161,#5162,#5163,#5164));
#1191=EDGE_LOOP('',(#5165));
#1192=EDGE_LOOP('',(#5166));
#1193=EDGE_LOOP('',(#5167,#5168,#5169,#5170));
#1194=EDGE_LOOP('',(#5171,#5172,#5173,#5174,#5175,#5176));
#1195=EDGE_LOOP('',(#5177));
#1196=EDGE_LOOP('',(#5178));
#1197=EDGE_LOOP('',(#5179,#5180,#5181,#5182));
#1198=EDGE_LOOP('',(#5183,#5184,#5185,#5186));
#1199=EDGE_LOOP('',(#5187,#5188,#5189,#5190));
#1200=EDGE_LOOP('',(#5191,#5192,#5193,#5194));
#1201=EDGE_LOOP('',(#5195,#5196,#5197,#5198,#5199,#5200));
#1202=EDGE_LOOP('',(#5201));
#1203=EDGE_LOOP('',(#5202));
#1204=EDGE_LOOP('',(#5203,#5204,#5205,#5206));
#1205=EDGE_LOOP('',(#5207,#5208,#5209,#5210));
#1206=EDGE_LOOP('',(#5211,#5212,#5213,#5214));
#1207=EDGE_LOOP('',(#5215,#5216,#5217,#5218));
#1208=EDGE_LOOP('',(#5219,#5220,#5221,#5222));
#1209=EDGE_LOOP('',(#5223,#5224,#5225,#5226));
#1210=EDGE_LOOP('',(#5227,#5228,#5229,#5230));
#1211=EDGE_LOOP('',(#5231,#5232,#5233,#5234));
#1212=EDGE_LOOP('',(#5235,#5236,#5237,#5238));
#1213=EDGE_LOOP('',(#5239,#5240,#5241,#5242,#5243,#5244));
#1214=EDGE_LOOP('',(#5245));
#1215=EDGE_LOOP('',(#5246,#5247,#5248,#5249,#5250,#5251));
#1216=EDGE_LOOP('',(#5252));
#1217=EDGE_LOOP('',(#5253,#5254,#5255,#5256));
#1218=EDGE_LOOP('',(#5257,#5258,#5259,#5260));
#1219=EDGE_LOOP('',(#5261,#5262,#5263,#5264));
#1220=EDGE_LOOP('',(#5265,#5266,#5267,#5268));
#1221=EDGE_LOOP('',(#5269,#5270,#5271,#5272));
#1222=EDGE_LOOP('',(#5273,#5274,#5275,#5276,#5277,#5278));
#1223=EDGE_LOOP('',(#5279));
#1224=EDGE_LOOP('',(#5280,#5281,#5282,#5283));
#1225=EDGE_LOOP('',(#5284,#5285,#5286,#5287));
#1226=EDGE_LOOP('',(#5288,#5289,#5290,#5291));
#1227=EDGE_LOOP('',(#5292,#5293,#5294,#5295));
#1228=EDGE_LOOP('',(#5296,#5297,#5298,#5299));
#1229=EDGE_LOOP('',(#5300,#5301,#5302,#5303));
#1230=EDGE_LOOP('',(#5304,#5305,#5306,#5307,#5308,#5309));
#1231=EDGE_LOOP('',(#5310));
#1232=EDGE_LOOP('',(#5311,#5312,#5313,#5314));
#1233=EDGE_LOOP('',(#5315,#5316,#5317,#5318));
#1234=EDGE_LOOP('',(#5319));
#1235=EDGE_LOOP('',(#5320));
#1236=EDGE_LOOP('',(#5321));
#1237=EDGE_LOOP('',(#5322));
#1238=EDGE_LOOP('',(#5323,#5324,#5325,#5326));
#1239=EDGE_LOOP('',(#5327,#5328,#5329,#5330));
#1240=EDGE_LOOP('',(#5331,#5332,#5333,#5334));
#1241=EDGE_LOOP('',(#5335,#5336,#5337,#5338));
#1242=EDGE_LOOP('',(#5339,#5340,#5341,#5342));
#1243=EDGE_LOOP('',(#5343,#5344,#5345,#5346));
#1244=EDGE_LOOP('',(#5347));
#1245=EDGE_LOOP('',(#5348));
#1246=EDGE_LOOP('',(#5349));
#1247=EDGE_LOOP('',(#5350));
#1248=EDGE_LOOP('',(#5351,#5352,#5353,#5354));
#1249=EDGE_LOOP('',(#5355,#5356,#5357,#5358));
#1250=EDGE_LOOP('',(#5359,#5360,#5361,#5362));
#1251=EDGE_LOOP('',(#5363,#5364,#5365,#5366));
#1252=EDGE_LOOP('',(#5367,#5368,#5369,#5370,#5371));
#1253=EDGE_LOOP('',(#5372,#5373,#5374,#5375));
#1254=EDGE_LOOP('',(#5376,#5377,#5378,#5379,#5380,#5381));
#1255=EDGE_LOOP('',(#5382,#5383,#5384,#5385,#5386));
#1256=EDGE_LOOP('',(#5387,#5388,#5389,#5390));
#1257=EDGE_LOOP('',(#5391,#5392,#5393,#5394));
#1258=EDGE_LOOP('',(#5395,#5396,#5397,#5398));
#1259=EDGE_LOOP('',(#5399,#5400,#5401,#5402));
#1260=EDGE_LOOP('',(#5403,#5404,#5405,#5406));
#1261=EDGE_LOOP('',(#5407,#5408,#5409,#5410,#5411));
#1262=EDGE_LOOP('',(#5412,#5413,#5414,#5415));
#1263=EDGE_LOOP('',(#5416,#5417,#5418,#5419));
#1264=EDGE_LOOP('',(#5420,#5421,#5422,#5423));
#1265=EDGE_LOOP('',(#5424,#5425,#5426,#5427));
#1266=EDGE_LOOP('',(#5428,#5429,#5430,#5431));
#1267=EDGE_LOOP('',(#5432,#5433,#5434,#5435));
#1268=EDGE_LOOP('',(#5436,#5437,#5438,#5439,#5440));
#1269=EDGE_LOOP('',(#5441,#5442,#5443,#5444,#5445));
#1270=EDGE_LOOP('',(#5446,#5447,#5448,#5449));
#1271=EDGE_LOOP('',(#5450,#5451,#5452,#5453));
#1272=EDGE_LOOP('',(#5454,#5455,#5456,#5457));
#1273=EDGE_LOOP('',(#5458,#5459,#5460,#5461));
#1274=EDGE_LOOP('',(#5462,#5463,#5464,#5465));
#1275=EDGE_LOOP('',(#5466,#5467,#5468,#5469));
#1276=EDGE_LOOP('',(#5470,#5471,#5472,#5473,#5474));
#1277=EDGE_LOOP('',(#5475,#5476,#5477,#5478));
#1278=EDGE_LOOP('',(#5479,#5480,#5481,#5482));
#1279=EDGE_LOOP('',(#5483,#5484,#5485,#5486));
#1280=EDGE_LOOP('',(#5487,#5488,#5489,#5490));
#1281=EDGE_LOOP('',(#5491,#5492,#5493,#5494));
#1282=EDGE_LOOP('',(#5495,#5496,#5497,#5498));
#1283=EDGE_LOOP('',(#5499,#5500,#5501,#5502,#5503));
#1284=EDGE_LOOP('',(#5504,#5505,#5506,#5507));
#1285=EDGE_LOOP('',(#5508,#5509,#5510,#5511));
#1286=EDGE_LOOP('',(#5512,#5513,#5514,#5515));
#1287=EDGE_LOOP('',(#5516,#5517,#5518,#5519));
#1288=EDGE_LOOP('',(#5520,#5521,#5522,#5523));
#1289=EDGE_LOOP('',(#5524,#5525,#5526,#5527));
#1290=EDGE_LOOP('',(#5528,#5529,#5530,#5531,#5532));
#1291=EDGE_LOOP('',(#5533,#5534,#5535,#5536));
#1292=EDGE_LOOP('',(#5537,#5538,#5539,#5540));
#1293=EDGE_LOOP('',(#5541,#5542,#5543,#5544,#5545,#5546));
#1294=EDGE_LOOP('',(#5547));
#1295=EDGE_LOOP('',(#5548,#5549,#5550,#5551));
#1296=EDGE_LOOP('',(#5552,#5553,#5554,#5555,#5556,#5557));
#1297=EDGE_LOOP('',(#5558));
#1298=EDGE_LOOP('',(#5559,#5560,#5561,#5562,#5563,#5564));
#1299=EDGE_LOOP('',(#5565));
#1300=EDGE_LOOP('',(#5566,#5567,#5568,#5569));
#1301=EDGE_LOOP('',(#5570));
#1302=EDGE_LOOP('',(#5571,#5572,#5573,#5574,#5575,#5576));
#1303=EDGE_LOOP('',(#5577,#5578,#5579,#5580));
#1304=EDGE_LOOP('',(#5581));
#1305=EDGE_LOOP('',(#5582,#5583,#5584,#5585,#5586,#5587));
#1306=EDGE_LOOP('',(#5588));
#1307=EDGE_LOOP('',(#5589,#5590,#5591,#5592));
#1308=EDGE_LOOP('',(#5593,#5594,#5595,#5596));
#1309=EDGE_LOOP('',(#5597,#5598,#5599,#5600));
#1310=EDGE_LOOP('',(#5601,#5602,#5603,#5604));
#1311=EDGE_LOOP('',(#5605,#5606,#5607,#5608));
#1312=EDGE_LOOP('',(#5609,#5610,#5611,#5612));
#1313=EDGE_LOOP('',(#5613,#5614,#5615,#5616));
#1314=EDGE_LOOP('',(#5617,#5618,#5619,#5620));
#1315=EDGE_LOOP('',(#5621,#5622,#5623,#5624,#5625,#5626));
#1316=EDGE_LOOP('',(#5627,#5628,#5629,#5630,#5631,#5632));
#1317=EDGE_LOOP('',(#5633,#5634,#5635,#5636));
#1318=EDGE_LOOP('',(#5637,#5638,#5639,#5640));
#1319=EDGE_LOOP('',(#5641,#5642,#5643,#5644));
#1320=EDGE_LOOP('',(#5645,#5646,#5647,#5648,#5649,#5650));
#1321=EDGE_LOOP('',(#5651,#5652,#5653,#5654));
#1322=EDGE_LOOP('',(#5655,#5656,#5657,#5658));
#1323=EDGE_LOOP('',(#5659,#5660,#5661,#5662,#5663,#5664));
#1324=EDGE_LOOP('',(#5665,#5666,#5667,#5668));
#1325=EDGE_LOOP('',(#5669,#5670,#5671,#5672));
#1326=EDGE_LOOP('',(#5673,#5674,#5675,#5676,#5677,#5678));
#1327=EDGE_LOOP('',(#5679,#5680,#5681,#5682));
#1328=EDGE_LOOP('',(#5683,#5684,#5685,#5686));
#1329=EDGE_LOOP('',(#5687));
#1330=EDGE_LOOP('',(#5688,#5689,#5690,#5691,#5692,#5693));
#1331=EDGE_LOOP('',(#5694,#5695,#5696,#5697));
#1332=EDGE_LOOP('',(#5698,#5699,#5700,#5701));
#1333=EDGE_LOOP('',(#5702));
#1334=EDGE_LOOP('',(#5703,#5704,#5705,#5706));
#1335=EDGE_LOOP('',(#5707,#5708,#5709,#5710));
#1336=EDGE_LOOP('',(#5711,#5712,#5713,#5714,#5715,#5716,#5717,#5718));
#1337=EDGE_LOOP('',(#5719));
#1338=EDGE_LOOP('',(#5720));
#1339=EDGE_LOOP('',(#5721));
#1340=EDGE_LOOP('',(#5722));
#1341=EDGE_LOOP('',(#5723,#5724,#5725,#5726));
#1342=EDGE_LOOP('',(#5727,#5728,#5729,#5730));
#1343=EDGE_LOOP('',(#5731,#5732,#5733,#5734));
#1344=EDGE_LOOP('',(#5735,#5736,#5737,#5738));
#1345=EDGE_LOOP('',(#5739,#5740,#5741,#5742));
#1346=EDGE_LOOP('',(#5743,#5744,#5745,#5746));
#1347=EDGE_LOOP('',(#5747,#5748,#5749,#5750));
#1348=EDGE_LOOP('',(#5751,#5752,#5753,#5754));
#1349=EDGE_LOOP('',(#5755,#5756,#5757,#5758));
#1350=EDGE_LOOP('',(#5759,#5760,#5761,#5762));
#1351=EDGE_LOOP('',(#5763,#5764,#5765,#5766,#5767,#5768,#5769,#5770));
#1352=EDGE_LOOP('',(#5771));
#1353=EDGE_LOOP('',(#5772));
#1354=EDGE_LOOP('',(#5773));
#1355=EDGE_LOOP('',(#5774));
#1356=EDGE_LOOP('',(#5775,#5776,#5777,#5778));
#1357=EDGE_LOOP('',(#5779));
#1358=EDGE_LOOP('',(#5780));
#1359=LINE('',#8906,#1933);
#1360=LINE('',#8912,#1934);
#1361=LINE('',#8918,#1935);
#1362=LINE('',#8924,#1936);
#1363=LINE('',#8931,#1937);
#1364=LINE('',#8934,#1938);
#1365=LINE('',#8937,#1939);
#1366=LINE('',#8939,#1940);
#1367=LINE('',#8941,#1941);
#1368=LINE('',#8945,#1942);
#1369=LINE('',#8947,#1943);
#1370=LINE('',#8949,#1944);
#1371=LINE('',#8953,#1945);
#1372=LINE('',#8955,#1946);
#1373=LINE('',#8957,#1947);
#1374=LINE('',#8961,#1948);
#1375=LINE('',#8963,#1949);
#1376=LINE('',#8964,#1950);
#1377=LINE('',#9007,#1951);
#1378=LINE('',#9010,#1952);
#1379=LINE('',#9013,#1953);
#1380=LINE('',#9016,#1954);
#1381=LINE('',#9019,#1955);
#1382=LINE('',#9022,#1956);
#1383=LINE('',#9026,#1957);
#1384=LINE('',#9030,#1958);
#1385=LINE('',#9034,#1959);
#1386=LINE('',#9038,#1960);
#1387=LINE('',#9042,#1961);
#1388=LINE('',#9046,#1962);
#1389=LINE('',#9050,#1963);
#1390=LINE('',#9054,#1964);
#1391=LINE('',#9058,#1965);
#1392=LINE('',#9062,#1966);
#1393=LINE('',#9066,#1967);
#1394=LINE('',#9070,#1968);
#1395=LINE('',#9074,#1969);
#1396=LINE('',#9078,#1970);
#1397=LINE('',#9082,#1971);
#1398=LINE('',#9086,#1972);
#1399=LINE('',#9090,#1973);
#1400=LINE('',#9094,#1974);
#1401=LINE('',#9098,#1975);
#1402=LINE('',#9102,#1976);
#1403=LINE('',#9105,#1977);
#1404=LINE('',#9106,#1978);
#1405=LINE('',#9109,#1979);
#1406=LINE('',#9110,#1980);
#1407=LINE('',#9113,#1981);
#1408=LINE('',#9114,#1982);
#1409=LINE('',#9116,#1983);
#1410=LINE('',#9119,#1984);
#1411=LINE('',#9120,#1985);
#1412=LINE('',#9123,#1986);
#1413=LINE('',#9124,#1987);
#1414=LINE('',#9126,#1988);
#1415=LINE('',#9129,#1989);
#1416=LINE('',#9130,#1990);
#1417=LINE('',#9133,#1991);
#1418=LINE('',#9134,#1992);
#1419=LINE('',#9136,#1993);
#1420=LINE('',#9139,#1994);
#1421=LINE('',#9140,#1995);
#1422=LINE('',#9142,#1996);
#1423=LINE('',#9149,#1997);
#1424=LINE('',#9156,#1998);
#1425=LINE('',#9159,#1999);
#1426=LINE('',#9162,#2000);
#1427=LINE('',#9164,#2001);
#1428=LINE('',#9165,#2002);
#1429=LINE('',#9171,#2003);
#1430=LINE('',#9173,#2004);
#1431=LINE('',#9174,#2005);
#1432=LINE('',#9179,#2006);
#1433=LINE('',#9185,#2007);
#1434=LINE('',#9191,#2008);
#1435=LINE('',#9197,#2009);
#1436=LINE('',#9202,#2010);
#1437=LINE('',#9204,#2011);
#1438=LINE('',#9206,#2012);
#1439=LINE('',#9207,#2013);
#1440=LINE('',#9211,#2014);
#1441=LINE('',#9213,#2015);
#1442=LINE('',#9215,#2016);
#1443=LINE('',#9216,#2017);
#1444=LINE('',#9218,#2018);
#1445=LINE('',#9219,#2019);
#1446=LINE('',#9222,#2020);
#1447=LINE('',#9224,#2021);
#1448=LINE('',#9226,#2022);
#1449=LINE('',#9228,#2023);
#1450=LINE('',#9229,#2024);
#1451=LINE('',#9232,#2025);
#1452=LINE('',#9234,#2026);
#1453=LINE('',#9236,#2027);
#1454=LINE('',#9238,#2028);
#1455=LINE('',#9239,#2029);
#1456=LINE('',#9241,#2030);
#1457=LINE('',#9242,#2031);
#1458=LINE('',#9244,#2032);
#1459=LINE('',#9245,#2033);
#1460=LINE('',#9250,#2034);
#1461=LINE('',#9255,#2035);
#1462=LINE('',#9257,#2036);
#1463=LINE('',#9259,#2037);
#1464=LINE('',#9260,#2038);
#1465=LINE('',#9263,#2039);
#1466=LINE('',#9265,#2040);
#1467=LINE('',#9266,#2041);
#1468=LINE('',#9268,#2042);
#1469=LINE('',#9274,#2043);
#1470=LINE('',#9275,#2044);
#1471=LINE('',#9277,#2045);
#1472=LINE('',#9284,#2046);
#1473=LINE('',#9289,#2047);
#1474=LINE('',#9292,#2048);
#1475=LINE('',#9295,#2049);
#1476=LINE('',#9298,#2050);
#1477=LINE('',#9300,#2051);
#1478=LINE('',#9301,#2052);
#1479=LINE('',#9304,#2053);
#1480=LINE('',#9305,#2054);
#1481=LINE('',#9314,#2055);
#1482=LINE('',#9318,#2056);
#1483=LINE('',#9322,#2057);
#1484=LINE('',#9326,#2058);
#1485=LINE('',#9327,#2059);
#1486=LINE('',#9329,#2060);
#1487=LINE('',#9336,#2061);
#1488=LINE('',#9342,#2062);
#1489=LINE('',#9348,#2063);
#1490=LINE('',#9354,#2064);
#1491=LINE('',#9359,#2065);
#1492=LINE('',#9361,#2066);
#1493=LINE('',#9363,#2067);
#1494=LINE('',#9364,#2068);
#1495=LINE('',#9368,#2069);
#1496=LINE('',#9370,#2070);
#1497=LINE('',#9372,#2071);
#1498=LINE('',#9373,#2072);
#1499=LINE('',#9375,#2073);
#1500=LINE('',#9376,#2074);
#1501=LINE('',#9379,#2075);
#1502=LINE('',#9381,#2076);
#1503=LINE('',#9383,#2077);
#1504=LINE('',#9385,#2078);
#1505=LINE('',#9386,#2079);
#1506=LINE('',#9389,#2080);
#1507=LINE('',#9391,#2081);
#1508=LINE('',#9393,#2082);
#1509=LINE('',#9395,#2083);
#1510=LINE('',#9396,#2084);
#1511=LINE('',#9398,#2085);
#1512=LINE('',#9399,#2086);
#1513=LINE('',#9401,#2087);
#1514=LINE('',#9402,#2088);
#1515=LINE('',#9407,#2089);
#1516=LINE('',#9412,#2090);
#1517=LINE('',#9414,#2091);
#1518=LINE('',#9416,#2092);
#1519=LINE('',#9417,#2093);
#1520=LINE('',#9420,#2094);
#1521=LINE('',#9422,#2095);
#1522=LINE('',#9423,#2096);
#1523=LINE('',#9425,#2097);
#1524=LINE('',#9431,#2098);
#1525=LINE('',#9432,#2099);
#1526=LINE('',#9434,#2100);
#1527=LINE('',#9441,#2101);
#1528=LINE('',#9446,#2102);
#1529=LINE('',#9449,#2103);
#1530=LINE('',#9452,#2104);
#1531=LINE('',#9455,#2105);
#1532=LINE('',#9457,#2106);
#1533=LINE('',#9458,#2107);
#1534=LINE('',#9461,#2108);
#1535=LINE('',#9462,#2109);
#1536=LINE('',#9471,#2110);
#1537=LINE('',#9475,#2111);
#1538=LINE('',#9479,#2112);
#1539=LINE('',#9483,#2113);
#1540=LINE('',#9484,#2114);
#1541=LINE('',#9486,#2115);
#1542=LINE('',#9494,#2116);
#1543=LINE('',#9497,#2117);
#1544=LINE('',#9500,#2118);
#1545=LINE('',#9502,#2119);
#1546=LINE('',#9503,#2120);
#1547=LINE('',#9509,#2121);
#1548=LINE('',#9511,#2122);
#1549=LINE('',#9512,#2123);
#1550=LINE('',#9517,#2124);
#1551=LINE('',#9523,#2125);
#1552=LINE('',#9529,#2126);
#1553=LINE('',#9535,#2127);
#1554=LINE('',#9541,#2128);
#1555=LINE('',#9546,#2129);
#1556=LINE('',#9548,#2130);
#1557=LINE('',#9550,#2131);
#1558=LINE('',#9551,#2132);
#1559=LINE('',#9555,#2133);
#1560=LINE('',#9557,#2134);
#1561=LINE('',#9559,#2135);
#1562=LINE('',#9560,#2136);
#1563=LINE('',#9562,#2137);
#1564=LINE('',#9563,#2138);
#1565=LINE('',#9566,#2139);
#1566=LINE('',#9568,#2140);
#1567=LINE('',#9570,#2141);
#1568=LINE('',#9572,#2142);
#1569=LINE('',#9573,#2143);
#1570=LINE('',#9576,#2144);
#1571=LINE('',#9578,#2145);
#1572=LINE('',#9580,#2146);
#1573=LINE('',#9582,#2147);
#1574=LINE('',#9583,#2148);
#1575=LINE('',#9585,#2149);
#1576=LINE('',#9586,#2150);
#1577=LINE('',#9588,#2151);
#1578=LINE('',#9589,#2152);
#1579=LINE('',#9594,#2153);
#1580=LINE('',#9599,#2154);
#1581=LINE('',#9601,#2155);
#1582=LINE('',#9603,#2156);
#1583=LINE('',#9604,#2157);
#1584=LINE('',#9607,#2158);
#1585=LINE('',#9609,#2159);
#1586=LINE('',#9610,#2160);
#1587=LINE('',#9612,#2161);
#1588=LINE('',#9618,#2162);
#1589=LINE('',#9619,#2163);
#1590=LINE('',#9621,#2164);
#1591=LINE('',#9628,#2165);
#1592=LINE('',#9633,#2166);
#1593=LINE('',#9636,#2167);
#1594=LINE('',#9639,#2168);
#1595=LINE('',#9642,#2169);
#1596=LINE('',#9644,#2170);
#1597=LINE('',#9645,#2171);
#1598=LINE('',#9648,#2172);
#1599=LINE('',#9649,#2173);
#1600=LINE('',#9658,#2174);
#1601=LINE('',#9662,#2175);
#1602=LINE('',#9666,#2176);
#1603=LINE('',#9670,#2177);
#1604=LINE('',#9671,#2178);
#1605=LINE('',#9673,#2179);
#1606=LINE('',#9680,#2180);
#1607=LINE('',#9686,#2181);
#1608=LINE('',#9692,#2182);
#1609=LINE('',#9698,#2183);
#1610=LINE('',#9703,#2184);
#1611=LINE('',#9707,#2185);
#1612=LINE('',#9711,#2186);
#1613=LINE('',#9713,#2187);
#1614=LINE('',#9715,#2188);
#1615=LINE('',#9716,#2189);
#1616=LINE('',#9719,#2190);
#1617=LINE('',#9721,#2191);
#1618=LINE('',#9722,#2192);
#1619=LINE('',#9724,#2193);
#1620=LINE('',#9727,#2194);
#1621=LINE('',#9730,#2195);
#1622=LINE('',#9734,#2196);
#1623=LINE('',#9735,#2197);
#1624=LINE('',#9737,#2198);
#1625=LINE('',#9739,#2199);
#1626=LINE('',#9744,#2200);
#1627=LINE('',#9748,#2201);
#1628=LINE('',#9752,#2202);
#1629=LINE('',#9754,#2203);
#1630=LINE('',#9756,#2204);
#1631=LINE('',#9757,#2205);
#1632=LINE('',#9760,#2206);
#1633=LINE('',#9762,#2207);
#1634=LINE('',#9763,#2208);
#1635=LINE('',#9765,#2209);
#1636=LINE('',#9768,#2210);
#1637=LINE('',#9771,#2211);
#1638=LINE('',#9775,#2212);
#1639=LINE('',#9776,#2213);
#1640=LINE('',#9778,#2214);
#1641=LINE('',#9780,#2215);
#1642=LINE('',#9786,#2216);
#1643=LINE('',#9790,#2217);
#1644=LINE('',#9792,#2218);
#1645=LINE('',#9793,#2219);
#1646=LINE('',#9795,#2220);
#1647=LINE('',#9798,#2221);
#1648=LINE('',#9801,#2222);
#1649=LINE('',#9803,#2223);
#1650=LINE('',#9805,#2224);
#1651=LINE('',#9806,#2225);
#1652=LINE('',#9808,#2226);
#1653=LINE('',#9810,#2227);
#1654=LINE('',#9812,#2228);
#1655=LINE('',#9815,#2229);
#1656=LINE('',#9819,#2230);
#1657=LINE('',#9821,#2231);
#1658=LINE('',#9822,#2232);
#1659=LINE('',#9825,#2233);
#1660=LINE('',#9826,#2234);
#1661=LINE('',#9834,#2235);
#1662=LINE('',#9838,#2236);
#1663=LINE('',#9841,#2237);
#1664=LINE('',#9842,#2238);
#1665=LINE('',#9844,#2239);
#1666=LINE('',#9851,#2240);
#1667=LINE('',#9857,#2241);
#1668=LINE('',#9863,#2242);
#1669=LINE('',#9869,#2243);
#1670=LINE('',#9874,#2244);
#1671=LINE('',#9878,#2245);
#1672=LINE('',#9882,#2246);
#1673=LINE('',#9884,#2247);
#1674=LINE('',#9886,#2248);
#1675=LINE('',#9887,#2249);
#1676=LINE('',#9890,#2250);
#1677=LINE('',#9892,#2251);
#1678=LINE('',#9893,#2252);
#1679=LINE('',#9895,#2253);
#1680=LINE('',#9898,#2254);
#1681=LINE('',#9901,#2255);
#1682=LINE('',#9905,#2256);
#1683=LINE('',#9906,#2257);
#1684=LINE('',#9908,#2258);
#1685=LINE('',#9910,#2259);
#1686=LINE('',#9915,#2260);
#1687=LINE('',#9919,#2261);
#1688=LINE('',#9923,#2262);
#1689=LINE('',#9925,#2263);
#1690=LINE('',#9927,#2264);
#1691=LINE('',#9928,#2265);
#1692=LINE('',#9931,#2266);
#1693=LINE('',#9933,#2267);
#1694=LINE('',#9934,#2268);
#1695=LINE('',#9936,#2269);
#1696=LINE('',#9939,#2270);
#1697=LINE('',#9942,#2271);
#1698=LINE('',#9946,#2272);
#1699=LINE('',#9947,#2273);
#1700=LINE('',#9949,#2274);
#1701=LINE('',#9951,#2275);
#1702=LINE('',#9957,#2276);
#1703=LINE('',#9962,#2277);
#1704=LINE('',#9964,#2278);
#1705=LINE('',#9966,#2279);
#1706=LINE('',#9967,#2280);
#1707=LINE('',#9970,#2281);
#1708=LINE('',#9971,#2282);
#1709=LINE('',#9974,#2283);
#1710=LINE('',#9976,#2284);
#1711=LINE('',#9977,#2285);
#1712=LINE('',#9980,#2286);
#1713=LINE('',#9981,#2287);
#1714=LINE('',#9984,#2288);
#1715=LINE('',#9986,#2289);
#1716=LINE('',#9990,#2290);
#1717=LINE('',#9992,#2291);
#1718=LINE('',#9993,#2292);
#1719=LINE('',#9996,#2293);
#1720=LINE('',#9997,#2294);
#1721=LINE('',#10005,#2295);
#1722=LINE('',#10009,#2296);
#1723=LINE('',#10012,#2297);
#1724=LINE('',#10013,#2298);
#1725=LINE('',#10015,#2299);
#1726=LINE('',#10022,#2300);
#1727=LINE('',#10028,#2301);
#1728=LINE('',#10033,#2302);
#1729=LINE('',#10035,#2303);
#1730=LINE('',#10037,#2304);
#1731=LINE('',#10038,#2305);
#1732=LINE('',#10042,#2306);
#1733=LINE('',#10044,#2307);
#1734=LINE('',#10046,#2308);
#1735=LINE('',#10047,#2309);
#1736=LINE('',#10053,#2310);
#1737=LINE('',#10058,#2311);
#1738=LINE('',#10062,#2312);
#1739=LINE('',#10064,#2313);
#1740=LINE('',#10065,#2314);
#1741=LINE('',#10068,#2315);
#1742=LINE('',#10070,#2316);
#1743=LINE('',#10071,#2317);
#1744=LINE('',#10074,#2318);
#1745=LINE('',#10076,#2319);
#1746=LINE('',#10077,#2320);
#1747=LINE('',#10080,#2321);
#1748=LINE('',#10081,#2322);
#1749=LINE('',#10084,#2323);
#1750=LINE('',#10086,#2324);
#1751=LINE('',#10087,#2325);
#1752=LINE('',#10090,#2326);
#1753=LINE('',#10094,#2327);
#1754=LINE('',#10097,#2328);
#1755=LINE('',#10098,#2329);
#1756=LINE('',#10102,#2330);
#1757=LINE('',#10105,#2331);
#1758=LINE('',#10108,#2332);
#1759=LINE('',#10113,#2333);
#1760=LINE('',#10117,#2334);
#1761=LINE('',#10120,#2335);
#1762=LINE('',#10121,#2336);
#1763=LINE('',#10123,#2337);
#1764=LINE('',#10126,#2338);
#1765=LINE('',#10129,#2339);
#1766=LINE('',#10132,#2340);
#1767=LINE('',#10134,#2341);
#1768=LINE('',#10137,#2342);
#1769=LINE('',#10138,#2343);
#1770=LINE('',#10140,#2344);
#1771=LINE('',#10150,#2345);
#1772=LINE('',#10154,#2346);
#1773=LINE('',#10158,#2347);
#1774=LINE('',#10162,#2348);
#1775=LINE('',#10166,#2349);
#1776=LINE('',#10173,#2350);
#1777=LINE('',#10179,#2351);
#1778=LINE('',#10184,#2352);
#1779=LINE('',#10186,#2353);
#1780=LINE('',#10188,#2354);
#1781=LINE('',#10189,#2355);
#1782=LINE('',#10193,#2356);
#1783=LINE('',#10195,#2357);
#1784=LINE('',#10197,#2358);
#1785=LINE('',#10198,#2359);
#1786=LINE('',#10201,#2360);
#1787=LINE('',#10203,#2361);
#1788=LINE('',#10205,#2362);
#1789=LINE('',#10206,#2363);
#1790=LINE('',#10209,#2364);
#1791=LINE('',#10210,#2365);
#1792=LINE('',#10213,#2366);
#1793=LINE('',#10215,#2367);
#1794=LINE('',#10217,#2368);
#1795=LINE('',#10219,#2369);
#1796=LINE('',#10221,#2370);
#1797=LINE('',#10222,#2371);
#1798=LINE('',#10225,#2372);
#1799=LINE('',#10227,#2373);
#1800=LINE('',#10229,#2374);
#1801=LINE('',#10230,#2375);
#1802=LINE('',#10233,#2376);
#1803=LINE('',#10234,#2377);
#1804=LINE('',#10238,#2378);
#1805=LINE('',#10239,#2379);
#1806=LINE('',#10241,#2380);
#1807=LINE('',#10242,#2381);
#1808=LINE('',#10246,#2382);
#1809=LINE('',#10248,#2383);
#1810=LINE('',#10250,#2384);
#1811=LINE('',#10251,#2385);
#1812=LINE('',#10254,#2386);
#1813=LINE('',#10256,#2387);
#1814=LINE('',#10257,#2388);
#1815=LINE('',#10260,#2389);
#1816=LINE('',#10262,#2390);
#1817=LINE('',#10263,#2391);
#1818=LINE('',#10266,#2392);
#1819=LINE('',#10268,#2393);
#1820=LINE('',#10270,#2394);
#1821=LINE('',#10271,#2395);
#1822=LINE('',#10274,#2396);
#1823=LINE('',#10275,#2397);
#1824=LINE('',#10279,#2398);
#1825=LINE('',#10283,#2399);
#1826=LINE('',#10286,#2400);
#1827=LINE('',#10287,#2401);
#1828=LINE('',#10290,#2402);
#1829=LINE('',#10293,#2403);
#1830=LINE('',#10296,#2404);
#1831=LINE('',#10299,#2405);
#1832=LINE('',#10300,#2406);
#1833=LINE('',#10302,#2407);
#1834=LINE('',#10303,#2408);
#1835=LINE('',#10309,#2409);
#1836=LINE('',#10312,#2410);
#1837=LINE('',#10315,#2411);
#1838=LINE('',#10318,#2412);
#1839=LINE('',#10321,#2413);
#1840=LINE('',#10325,#2414);
#1841=LINE('',#10326,#2415);
#1842=LINE('',#10328,#2416);
#1843=LINE('',#10330,#2417);
#1844=LINE('',#10331,#2418);
#1845=LINE('',#10334,#2419);
#1846=LINE('',#10335,#2420);
#1847=LINE('',#10340,#2421);
#1848=LINE('',#10344,#2422);
#1849=LINE('',#10346,#2423);
#1850=LINE('',#10347,#2424);
#1851=LINE('',#10351,#2425);
#1852=LINE('',#10354,#2426);
#1853=LINE('',#10357,#2427);
#1854=LINE('',#10359,#2428);
#1855=LINE('',#10360,#2429);
#1856=LINE('',#10365,#2430);
#1857=LINE('',#10369,#2431);
#1858=LINE('',#10371,#2432);
#1859=LINE('',#10372,#2433);
#1860=LINE('',#10374,#2434);
#1861=LINE('',#10378,#2435);
#1862=LINE('',#10381,#2436);
#1863=LINE('',#10384,#2437);
#1864=LINE('',#10386,#2438);
#1865=LINE('',#10387,#2439);
#1866=LINE('',#10389,#2440);
#1867=LINE('',#10390,#2441);
#1868=LINE('',#10393,#2442);
#1869=LINE('',#10395,#2443);
#1870=LINE('',#10396,#2444);
#1871=LINE('',#10399,#2445);
#1872=LINE('',#10400,#2446);
#1873=LINE('',#10402,#2447);
#1874=LINE('',#10403,#2448);
#1875=LINE('',#10406,#2449);
#1876=LINE('',#10408,#2450);
#1877=LINE('',#10409,#2451);
#1878=LINE('',#10412,#2452);
#1879=LINE('',#10414,#2453);
#1880=LINE('',#10415,#2454);
#1881=LINE('',#10417,#2455);
#1882=LINE('',#10418,#2456);
#1883=LINE('',#10426,#2457);
#1884=LINE('',#10428,#2458);
#1885=LINE('',#10430,#2459);
#1886=LINE('',#10435,#2460);
#1887=LINE('',#10436,#2461);
#1888=LINE('',#10440,#2462);
#1889=LINE('',#10443,#2463);
#1890=LINE('',#10446,#2464);
#1891=LINE('',#10450,#2465);
#1892=LINE('',#10455,#2466);
#1893=LINE('',#10458,#2467);
#1894=LINE('',#10461,#2468);
#1895=LINE('',#10463,#2469);
#1896=LINE('',#10465,#2470);
#1897=LINE('',#10468,#2471);
#1898=LINE('',#10474,#2472);
#1899=LINE('',#10475,#2473);
#1900=LINE('',#10477,#2474);
#1901=LINE('',#10483,#2475);
#1902=LINE('',#10484,#2476);
#1903=LINE('',#10488,#2477);
#1904=LINE('',#10492,#2478);
#1905=LINE('',#10494,#2479);
#1906=LINE('',#10497,#2480);
#1907=LINE('',#10498,#2481);
#1908=LINE('',#10502,#2482);
#1909=LINE('',#10506,#2483);
#1910=LINE('',#10508,#2484);
#1911=LINE('',#10513,#2485);
#1912=LINE('',#10521,#2486);
#1913=LINE('',#10524,#2487);
#1914=LINE('',#10527,#2488);
#1915=LINE('',#10529,#2489);
#1916=LINE('',#10530,#2490);
#1917=LINE('',#10533,#2491);
#1918=LINE('',#10537,#2492);
#1919=LINE('',#10541,#2493);
#1920=LINE('',#10555,#2494);
#1921=LINE('',#10556,#2495);
#1922=LINE('',#10559,#2496);
#1923=LINE('',#10560,#2497);
#1924=LINE('',#10564,#2498);
#1925=LINE('',#10568,#2499);
#1926=LINE('',#10572,#2500);
#1927=LINE('',#10576,#2501);
#1928=LINE('',#10580,#2502);
#1929=LINE('',#10584,#2503);
#1930=LINE('',#10586,#2504);
#1931=LINE('',#10588,#2505);
#1932=LINE('',#10595,#2506);
#1933=VECTOR('',#7042,1.99999999999999);
#1934=VECTOR('',#7049,1.99999999999999);
#1935=VECTOR('',#7056,1.99999999999999);
#1936=VECTOR('',#7063,1.99999999999999);
#1937=VECTOR('',#7070,10.);
#1938=VECTOR('',#7073,10.);
#1939=VECTOR('',#7076,10.);
#1940=VECTOR('',#7077,10.);
#1941=VECTOR('',#7078,10.);
#1942=VECTOR('',#7081,10.);
#1943=VECTOR('',#7082,10.);
#1944=VECTOR('',#7083,10.);
#1945=VECTOR('',#7086,10.);
#1946=VECTOR('',#7087,10.);
#1947=VECTOR('',#7088,10.);
#1948=VECTOR('',#7091,10.);
#1949=VECTOR('',#7092,10.);
#1950=VECTOR('',#7093,10.);
#1951=VECTOR('',#7136,10.);
#1952=VECTOR('',#7139,10.);
#1953=VECTOR('',#7142,10.);
#1954=VECTOR('',#7145,10.);
#1955=VECTOR('',#7148,10.);
#1956=VECTOR('',#7151,10.);
#1957=VECTOR('',#7156,1.99999999999999);
#1958=VECTOR('',#7161,1.99999999999999);
#1959=VECTOR('',#7166,1.99999999999999);
#1960=VECTOR('',#7171,2.);
#1961=VECTOR('',#7176,1.99999999999999);
#1962=VECTOR('',#7181,1.99999999999999);
#1963=VECTOR('',#7186,1.99999999999999);
#1964=VECTOR('',#7191,1.99999999999999);
#1965=VECTOR('',#7196,1.99999999999999);
#1966=VECTOR('',#7201,1.99999999999999);
#1967=VECTOR('',#7206,1.99999999999999);
#1968=VECTOR('',#7211,1.99999999999999);
#1969=VECTOR('',#7216,1.99999999999999);
#1970=VECTOR('',#7221,1.99999999999999);
#1971=VECTOR('',#7226,1.99999999999999);
#1972=VECTOR('',#7231,1.99999999999999);
#1973=VECTOR('',#7236,1.99999999999999);
#1974=VECTOR('',#7241,1.99999999999999);
#1975=VECTOR('',#7246,1.99999999999999);
#1976=VECTOR('',#7251,2.);
#1977=VECTOR('',#7254,10.);
#1978=VECTOR('',#7255,10.);
#1979=VECTOR('',#7258,10.);
#1980=VECTOR('',#7259,10.);
#1981=VECTOR('',#7262,10.);
#1982=VECTOR('',#7263,10.);
#1983=VECTOR('',#7266,10.);
#1984=VECTOR('',#7269,10.);
#1985=VECTOR('',#7270,10.);
#1986=VECTOR('',#7273,10.);
#1987=VECTOR('',#7274,10.);
#1988=VECTOR('',#7277,10.);
#1989=VECTOR('',#7280,10.);
#1990=VECTOR('',#7281,10.);
#1991=VECTOR('',#7284,10.);
#1992=VECTOR('',#7285,10.);
#1993=VECTOR('',#7288,10.);
#1994=VECTOR('',#7291,10.);
#1995=VECTOR('',#7292,10.);
#1996=VECTOR('',#7295,10.);
#1997=VECTOR('',#7304,15.);
#1998=VECTOR('',#7311,10.);
#1999=VECTOR('',#7314,10.);
#2000=VECTOR('',#7317,10.);
#2001=VECTOR('',#7318,10.);
#2002=VECTOR('',#7319,10.);
#2003=VECTOR('',#7326,10.);
#2004=VECTOR('',#7329,10.);
#2005=VECTOR('',#7330,10.);
#2006=VECTOR('',#7335,1.99999999999999);
#2007=VECTOR('',#7342,1.99999999999999);
#2008=VECTOR('',#7349,1.99999999999999);
#2009=VECTOR('',#7356,1.99999999999999);
#2010=VECTOR('',#7361,10.);
#2011=VECTOR('',#7362,10.);
#2012=VECTOR('',#7363,10.);
#2013=VECTOR('',#7364,10.);
#2014=VECTOR('',#7367,10.);
#2015=VECTOR('',#7368,10.);
#2016=VECTOR('',#7369,10.);
#2017=VECTOR('',#7370,10.);
#2018=VECTOR('',#7373,10.);
#2019=VECTOR('',#7374,10.);
#2020=VECTOR('',#7377,10.);
#2021=VECTOR('',#7378,10.);
#2022=VECTOR('',#7379,10.);
#2023=VECTOR('',#7380,10.);
#2024=VECTOR('',#7381,10.);
#2025=VECTOR('',#7384,10.);
#2026=VECTOR('',#7385,10.);
#2027=VECTOR('',#7386,10.);
#2028=VECTOR('',#7387,10.);
#2029=VECTOR('',#7388,10.);
#2030=VECTOR('',#7391,10.);
#2031=VECTOR('',#7392,10.);
#2032=VECTOR('',#7395,10.);
#2033=VECTOR('',#7396,10.);
#2034=VECTOR('',#7401,10.);
#2035=VECTOR('',#7408,10.);
#2036=VECTOR('',#7409,1.44);
#2037=VECTOR('',#7410,10.);
#2038=VECTOR('',#7411,1.44);
#2039=VECTOR('',#7414,10.);
#2040=VECTOR('',#7415,1.44);
#2041=VECTOR('',#7416,10.);
#2042=VECTOR('',#7419,10.);
#2043=VECTOR('',#7428,10.);
#2044=VECTOR('',#7429,10.);
#2045=VECTOR('',#7432,10.);
#2046=VECTOR('',#7441,10.);
#2047=VECTOR('',#7448,10.);
#2048=VECTOR('',#7451,10.);
#2049=VECTOR('',#7456,10.);
#2050=VECTOR('',#7459,10.);
#2051=VECTOR('',#7460,10.);
#2052=VECTOR('',#7461,10.);
#2053=VECTOR('',#7464,10.);
#2054=VECTOR('',#7465,10.);
#2055=VECTOR('',#7474,1.99999999999999);
#2056=VECTOR('',#7479,2.);
#2057=VECTOR('',#7484,1.99999999999999);
#2058=VECTOR('',#7489,10.);
#2059=VECTOR('',#7490,10.);
#2060=VECTOR('',#7493,10.);
#2061=VECTOR('',#7502,1.99999999999999);
#2062=VECTOR('',#7509,1.99999999999999);
#2063=VECTOR('',#7516,1.99999999999999);
#2064=VECTOR('',#7523,1.99999999999999);
#2065=VECTOR('',#7528,10.);
#2066=VECTOR('',#7529,10.);
#2067=VECTOR('',#7530,10.);
#2068=VECTOR('',#7531,10.);
#2069=VECTOR('',#7534,10.);
#2070=VECTOR('',#7535,10.);
#2071=VECTOR('',#7536,10.);
#2072=VECTOR('',#7537,10.);
#2073=VECTOR('',#7540,10.);
#2074=VECTOR('',#7541,10.);
#2075=VECTOR('',#7544,10.);
#2076=VECTOR('',#7545,10.);
#2077=VECTOR('',#7546,10.);
#2078=VECTOR('',#7547,10.);
#2079=VECTOR('',#7548,10.);
#2080=VECTOR('',#7551,10.);
#2081=VECTOR('',#7552,10.);
#2082=VECTOR('',#7553,10.);
#2083=VECTOR('',#7554,10.);
#2084=VECTOR('',#7555,10.);
#2085=VECTOR('',#7558,10.);
#2086=VECTOR('',#7559,10.);
#2087=VECTOR('',#7562,10.);
#2088=VECTOR('',#7563,10.);
#2089=VECTOR('',#7568,10.);
#2090=VECTOR('',#7575,10.);
#2091=VECTOR('',#7576,1.44000000000001);
#2092=VECTOR('',#7577,10.);
#2093=VECTOR('',#7578,1.44000000000001);
#2094=VECTOR('',#7581,10.);
#2095=VECTOR('',#7582,1.44000000000001);
#2096=VECTOR('',#7583,10.);
#2097=VECTOR('',#7586,10.);
#2098=VECTOR('',#7595,10.);
#2099=VECTOR('',#7596,10.);
#2100=VECTOR('',#7599,10.);
#2101=VECTOR('',#7608,10.);
#2102=VECTOR('',#7615,10.);
#2103=VECTOR('',#7618,10.);
#2104=VECTOR('',#7623,10.);
#2105=VECTOR('',#7626,10.);
#2106=VECTOR('',#7627,10.);
#2107=VECTOR('',#7628,10.);
#2108=VECTOR('',#7631,10.);
#2109=VECTOR('',#7632,10.);
#2110=VECTOR('',#7641,1.99999999999999);
#2111=VECTOR('',#7646,1.99999999999999);
#2112=VECTOR('',#7651,1.99999999999999);
#2113=VECTOR('',#7656,10.);
#2114=VECTOR('',#7657,10.);
#2115=VECTOR('',#7660,10.);
#2116=VECTOR('',#7669,10.);
#2117=VECTOR('',#7672,10.);
#2118=VECTOR('',#7675,10.);
#2119=VECTOR('',#7676,10.);
#2120=VECTOR('',#7677,10.);
#2121=VECTOR('',#7684,10.);
#2122=VECTOR('',#7687,10.);
#2123=VECTOR('',#7688,10.);
#2124=VECTOR('',#7693,15.);
#2125=VECTOR('',#7700,1.99999999999999);
#2126=VECTOR('',#7707,1.99999999999999);
#2127=VECTOR('',#7714,1.99999999999999);
#2128=VECTOR('',#7721,1.99999999999999);
#2129=VECTOR('',#7726,10.);
#2130=VECTOR('',#7727,10.);
#2131=VECTOR('',#7728,10.);
#2132=VECTOR('',#7729,10.);
#2133=VECTOR('',#7732,10.);
#2134=VECTOR('',#7733,10.);
#2135=VECTOR('',#7734,10.);
#2136=VECTOR('',#7735,10.);
#2137=VECTOR('',#7738,10.);
#2138=VECTOR('',#7739,10.);
#2139=VECTOR('',#7742,10.);
#2140=VECTOR('',#7743,10.);
#2141=VECTOR('',#7744,10.);
#2142=VECTOR('',#7745,10.);
#2143=VECTOR('',#7746,10.);
#2144=VECTOR('',#7749,10.);
#2145=VECTOR('',#7750,10.);
#2146=VECTOR('',#7751,10.);
#2147=VECTOR('',#7752,10.);
#2148=VECTOR('',#7753,10.);
#2149=VECTOR('',#7756,10.);
#2150=VECTOR('',#7757,10.);
#2151=VECTOR('',#7760,10.);
#2152=VECTOR('',#7761,10.);
#2153=VECTOR('',#7766,10.);
#2154=VECTOR('',#7773,10.);
#2155=VECTOR('',#7774,1.44);
#2156=VECTOR('',#7775,10.);
#2157=VECTOR('',#7776,1.44);
#2158=VECTOR('',#7779,10.);
#2159=VECTOR('',#7780,1.44);
#2160=VECTOR('',#7781,10.);
#2161=VECTOR('',#7784,10.);
#2162=VECTOR('',#7793,10.);
#2163=VECTOR('',#7794,10.);
#2164=VECTOR('',#7797,10.);
#2165=VECTOR('',#7806,10.);
#2166=VECTOR('',#7813,10.);
#2167=VECTOR('',#7816,10.);
#2168=VECTOR('',#7821,10.);
#2169=VECTOR('',#7824,10.);
#2170=VECTOR('',#7825,10.);
#2171=VECTOR('',#7826,10.);
#2172=VECTOR('',#7829,10.);
#2173=VECTOR('',#7830,10.);
#2174=VECTOR('',#7839,1.99999999999999);
#2175=VECTOR('',#7844,2.);
#2176=VECTOR('',#7849,1.99999999999999);
#2177=VECTOR('',#7854,10.);
#2178=VECTOR('',#7855,10.);
#2179=VECTOR('',#7858,10.);
#2180=VECTOR('',#7867,1.99999999999999);
#2181=VECTOR('',#7874,1.99999999999999);
#2182=VECTOR('',#7881,1.99999999999999);
#2183=VECTOR('',#7888,1.99999999999999);
#2184=VECTOR('',#7893,10.);
#2185=VECTOR('',#7896,10.);
#2186=VECTOR('',#7901,10.);
#2187=VECTOR('',#7902,3.87999999999999);
#2188=VECTOR('',#7903,10.);
#2189=VECTOR('',#7904,3.87999999999999);
#2190=VECTOR('',#7907,10.);
#2191=VECTOR('',#7908,3.87999999999999);
#2192=VECTOR('',#7909,10.);
#2193=VECTOR('',#7912,10.);
#2194=VECTOR('',#7915,10.);
#2195=VECTOR('',#7918,10.);
#2196=VECTOR('',#7923,10.);
#2197=VECTOR('',#7924,10.);
#2198=VECTOR('',#7927,10.);
#2199=VECTOR('',#7930,10.);
#2200=VECTOR('',#7935,10.);
#2201=VECTOR('',#7938,10.);
#2202=VECTOR('',#7943,10.);
#2203=VECTOR('',#7944,3.87999999999999);
#2204=VECTOR('',#7945,10.);
#2205=VECTOR('',#7946,3.87999999999999);
#2206=VECTOR('',#7949,10.);
#2207=VECTOR('',#7950,3.87999999999999);
#2208=VECTOR('',#7951,10.);
#2209=VECTOR('',#7954,10.);
#2210=VECTOR('',#7957,10.);
#2211=VECTOR('',#7960,10.);
#2212=VECTOR('',#7965,10.);
#2213=VECTOR('',#7966,10.);
#2214=VECTOR('',#7969,10.);
#2215=VECTOR('',#7972,10.);
#2216=VECTOR('',#7979,10.);
#2217=VECTOR('',#7984,10.);
#2218=VECTOR('',#7985,10.);
#2219=VECTOR('',#7986,10.);
#2220=VECTOR('',#7989,10.);
#2221=VECTOR('',#7992,10.);
#2222=VECTOR('',#7995,10.);
#2223=VECTOR('',#7996,10.);
#2224=VECTOR('',#7997,10.);
#2225=VECTOR('',#7998,10.);
#2226=VECTOR('',#8001,10.);
#2227=VECTOR('',#8004,10.);
#2228=VECTOR('',#8007,10.);
#2229=VECTOR('',#8012,10.);
#2230=VECTOR('',#8017,10.);
#2231=VECTOR('',#8018,10.);
#2232=VECTOR('',#8019,10.);
#2233=VECTOR('',#8022,10.);
#2234=VECTOR('',#8023,10.);
#2235=VECTOR('',#8032,1.99999999999999);
#2236=VECTOR('',#8037,1.99999999999999);
#2237=VECTOR('',#8040,10.);
#2238=VECTOR('',#8041,10.);
#2239=VECTOR('',#8044,10.);
#2240=VECTOR('',#8053,1.99999999999999);
#2241=VECTOR('',#8060,1.99999999999999);
#2242=VECTOR('',#8067,1.99999999999999);
#2243=VECTOR('',#8074,1.99999999999999);
#2244=VECTOR('',#8079,10.);
#2245=VECTOR('',#8082,10.);
#2246=VECTOR('',#8087,10.);
#2247=VECTOR('',#8088,3.87999999999999);
#2248=VECTOR('',#8089,10.);
#2249=VECTOR('',#8090,3.87999999999999);
#2250=VECTOR('',#8093,10.);
#2251=VECTOR('',#8094,3.87999999999999);
#2252=VECTOR('',#8095,10.);
#2253=VECTOR('',#8098,10.);
#2254=VECTOR('',#8101,10.);
#2255=VECTOR('',#8104,10.);
#2256=VECTOR('',#8109,10.);
#2257=VECTOR('',#8110,10.);
#2258=VECTOR('',#8113,10.);
#2259=VECTOR('',#8116,10.);
#2260=VECTOR('',#8121,10.);
#2261=VECTOR('',#8124,10.);
#2262=VECTOR('',#8129,10.);
#2263=VECTOR('',#8130,3.87999999999999);
#2264=VECTOR('',#8131,10.);
#2265=VECTOR('',#8132,3.87999999999999);
#2266=VECTOR('',#8135,10.);
#2267=VECTOR('',#8136,3.87999999999999);
#2268=VECTOR('',#8137,10.);
#2269=VECTOR('',#8140,10.);
#2270=VECTOR('',#8143,10.);
#2271=VECTOR('',#8146,10.);
#2272=VECTOR('',#8151,10.);
#2273=VECTOR('',#8152,10.);
#2274=VECTOR('',#8155,10.);
#2275=VECTOR('',#8158,10.);
#2276=VECTOR('',#8165,10.);
#2277=VECTOR('',#8170,10.);
#2278=VECTOR('',#8171,10.);
#2279=VECTOR('',#8172,10.);
#2280=VECTOR('',#8173,10.);
#2281=VECTOR('',#8178,10.);
#2282=VECTOR('',#8179,10.);
#2283=VECTOR('',#8182,10.);
#2284=VECTOR('',#8183,10.);
#2285=VECTOR('',#8184,10.);
#2286=VECTOR('',#8189,10.);
#2287=VECTOR('',#8190,10.);
#2288=VECTOR('',#8195,10.);
#2289=VECTOR('',#8198,10.);
#2290=VECTOR('',#8203,10.);
#2291=VECTOR('',#8204,10.);
#2292=VECTOR('',#8205,10.);
#2293=VECTOR('',#8208,10.);
#2294=VECTOR('',#8209,10.);
#2295=VECTOR('',#8218,1.99999999999999);
#2296=VECTOR('',#8223,1.99999999999999);
#2297=VECTOR('',#8226,10.);
#2298=VECTOR('',#8227,10.);
#2299=VECTOR('',#8230,10.);
#2300=VECTOR('',#8239,5.);
#2301=VECTOR('',#8246,5.);
#2302=VECTOR('',#8251,10.);
#2303=VECTOR('',#8252,10.);
#2304=VECTOR('',#8253,10.);
#2305=VECTOR('',#8254,10.);
#2306=VECTOR('',#8257,10.);
#2307=VECTOR('',#8258,10.);
#2308=VECTOR('',#8259,10.);
#2309=VECTOR('',#8260,10.);
#2310=VECTOR('',#8267,10.);
#2311=VECTOR('',#8272,10.);
#2312=VECTOR('',#8277,10.);
#2313=VECTOR('',#8278,10.);
#2314=VECTOR('',#8279,10.);
#2315=VECTOR('',#8282,10.);
#2316=VECTOR('',#8283,10.);
#2317=VECTOR('',#8284,10.);
#2318=VECTOR('',#8287,1.44);
#2319=VECTOR('',#8288,10.);
#2320=VECTOR('',#8289,10.);
#2321=VECTOR('',#8292,1.44);
#2322=VECTOR('',#8293,10.);
#2323=VECTOR('',#8296,1.44);
#2324=VECTOR('',#8297,10.);
#2325=VECTOR('',#8298,1.44);
#2326=VECTOR('',#8301,10.);
#2327=VECTOR('',#8304,10.);
#2328=VECTOR('',#8309,1.44);
#2329=VECTOR('',#8310,10.);
#2330=VECTOR('',#8315,10.);
#2331=VECTOR('',#8318,10.);
#2332=VECTOR('',#8323,10.);
#2333=VECTOR('',#8328,10.);
#2334=VECTOR('',#8331,10.);
#2335=VECTOR('',#8336,1.44);
#2336=VECTOR('',#8337,10.);
#2337=VECTOR('',#8340,10.);
#2338=VECTOR('',#8343,10.);
#2339=VECTOR('',#8346,10.);
#2340=VECTOR('',#8351,10.);
#2341=VECTOR('',#8354,10.);
#2342=VECTOR('',#8359,10.);
#2343=VECTOR('',#8360,10.);
#2344=VECTOR('',#8363,10.);
#2345=VECTOR('',#8374,10.);
#2346=VECTOR('',#8379,1.99999999999999);
#2347=VECTOR('',#8384,1.99999999999999);
#2348=VECTOR('',#8389,1.99999999999999);
#2349=VECTOR('',#8394,1.99999999999999);
#2350=VECTOR('',#8403,15.);
#2351=VECTOR('',#8410,15.);
#2352=VECTOR('',#8415,10.);
#2353=VECTOR('',#8416,10.);
#2354=VECTOR('',#8417,10.);
#2355=VECTOR('',#8418,10.);
#2356=VECTOR('',#8421,10.);
#2357=VECTOR('',#8422,10.);
#2358=VECTOR('',#8423,10.);
#2359=VECTOR('',#8424,10.);
#2360=VECTOR('',#8427,10.);
#2361=VECTOR('',#8428,10.);
#2362=VECTOR('',#8429,1.44);
#2363=VECTOR('',#8430,10.);
#2364=VECTOR('',#8433,1.44);
#2365=VECTOR('',#8434,10.);
#2366=VECTOR('',#8437,10.);
#2367=VECTOR('',#8438,10.);
#2368=VECTOR('',#8439,10.);
#2369=VECTOR('',#8440,10.);
#2370=VECTOR('',#8441,10.);
#2371=VECTOR('',#8442,10.);
#2372=VECTOR('',#8445,10.);
#2373=VECTOR('',#8446,10.);
#2374=VECTOR('',#8447,10.);
#2375=VECTOR('',#8448,1.44);
#2376=VECTOR('',#8451,1.44);
#2377=VECTOR('',#8452,10.);
#2378=VECTOR('',#8455,10.);
#2379=VECTOR('',#8456,10.);
#2380=VECTOR('',#8457,10.);
#2381=VECTOR('',#8458,10.);
#2382=VECTOR('',#8461,10.);
#2383=VECTOR('',#8462,10.);
#2384=VECTOR('',#8463,10.);
#2385=VECTOR('',#8464,10.);
#2386=VECTOR('',#8467,10.);
#2387=VECTOR('',#8468,10.);
#2388=VECTOR('',#8469,10.);
#2389=VECTOR('',#8472,1.44);
#2390=VECTOR('',#8473,10.);
#2391=VECTOR('',#8474,10.);
#2392=VECTOR('',#8477,10.);
#2393=VECTOR('',#8478,10.);
#2394=VECTOR('',#8479,1.44);
#2395=VECTOR('',#8480,10.);
#2396=VECTOR('',#8483,1.44);
#2397=VECTOR('',#8484,10.);
#2398=VECTOR('',#8487,10.);
#2399=VECTOR('',#8490,10.);
#2400=VECTOR('',#8495,1.44);
#2401=VECTOR('',#8496,10.);
#2402=VECTOR('',#8499,10.);
#2403=VECTOR('',#8502,10.);
#2404=VECTOR('',#8505,10.);
#2405=VECTOR('',#8510,10.);
#2406=VECTOR('',#8511,10.);
#2407=VECTOR('',#8514,10.);
#2408=VECTOR('',#8515,10.);
#2409=VECTOR('',#8522,10.);
#2410=VECTOR('',#8527,10.);
#2411=VECTOR('',#8530,10.);
#2412=VECTOR('',#8533,10.);
#2413=VECTOR('',#8536,10.);
#2414=VECTOR('',#8541,10.);
#2415=VECTOR('',#8542,10.);
#2416=VECTOR('',#8545,10.);
#2417=VECTOR('',#8548,10.);
#2418=VECTOR('',#8549,10.);
#2419=VECTOR('',#8552,10.);
#2420=VECTOR('',#8553,10.);
#2421=VECTOR('',#8558,10.);
#2422=VECTOR('',#8563,10.);
#2423=VECTOR('',#8564,10.);
#2424=VECTOR('',#8565,10.);
#2425=VECTOR('',#8570,10.);
#2426=VECTOR('',#8573,10.);
#2427=VECTOR('',#8578,10.);
#2428=VECTOR('',#8581,10.);
#2429=VECTOR('',#8582,10.);
#2430=VECTOR('',#8587,10.);
#2431=VECTOR('',#8592,10.);
#2432=VECTOR('',#8593,10.);
#2433=VECTOR('',#8594,10.);
#2434=VECTOR('',#8597,10.);
#2435=VECTOR('',#8602,10.);
#2436=VECTOR('',#8605,10.);
#2437=VECTOR('',#8610,10.);
#2438=VECTOR('',#8613,10.);
#2439=VECTOR('',#8614,10.);
#2440=VECTOR('',#8617,10.);
#2441=VECTOR('',#8618,10.);
#2442=VECTOR('',#8621,10.);
#2443=VECTOR('',#8622,10.);
#2444=VECTOR('',#8623,10.);
#2445=VECTOR('',#8626,10.);
#2446=VECTOR('',#8627,10.);
#2447=VECTOR('',#8630,10.);
#2448=VECTOR('',#8631,10.);
#2449=VECTOR('',#8634,10.);
#2450=VECTOR('',#8635,10.);
#2451=VECTOR('',#8636,10.);
#2452=VECTOR('',#8639,10.);
#2453=VECTOR('',#8640,10.);
#2454=VECTOR('',#8641,10.);
#2455=VECTOR('',#8644,10.);
#2456=VECTOR('',#8645,10.);
#2457=VECTOR('',#8652,10.);
#2458=VECTOR('',#8655,10.);
#2459=VECTOR('',#8658,10.);
#2460=VECTOR('',#8663,10.);
#2461=VECTOR('',#8664,10.);
#2462=VECTOR('',#8669,10.);
#2463=VECTOR('',#8674,10.);
#2464=VECTOR('',#8677,10.);
#2465=VECTOR('',#8684,10.);
#2466=VECTOR('',#8689,10.);
#2467=VECTOR('',#8694,10.);
#2468=VECTOR('',#8697,10.);
#2469=VECTOR('',#8700,10.);
#2470=VECTOR('',#8701,10.);
#2471=VECTOR('',#8706,10.);
#2472=VECTOR('',#8713,10.);
#2473=VECTOR('',#8714,10.);
#2474=VECTOR('',#8717,10.);
#2475=VECTOR('',#8726,10.);
#2476=VECTOR('',#8727,10.);
#2477=VECTOR('',#8734,10.);
#2478=VECTOR('',#8739,10.);
#2479=VECTOR('',#8742,10.);
#2480=VECTOR('',#8745,10.);
#2481=VECTOR('',#8746,10.);
#2482=VECTOR('',#8753,10.);
#2483=VECTOR('',#8758,5.);
#2484=VECTOR('',#8761,10.);
#2485=VECTOR('',#8768,5.);
#2486=VECTOR('',#8777,10.);
#2487=VECTOR('',#8780,10.);
#2488=VECTOR('',#8783,10.);
#2489=VECTOR('',#8784,10.);
#2490=VECTOR('',#8785,10.);
#2491=VECTOR('',#8788,10.);
#2492=VECTOR('',#8791,10.);
#2493=VECTOR('',#8794,10.);
#2494=VECTOR('',#8809,10.);
#2495=VECTOR('',#8810,10.);
#2496=VECTOR('',#8813,10.);
#2497=VECTOR('',#8814,10.);
#2498=VECTOR('',#8819,10.);
#2499=VECTOR('',#8824,10.);
#2500=VECTOR('',#8829,1.99999999999999);
#2501=VECTOR('',#8834,1.99999999999999);
#2502=VECTOR('',#8839,1.99999999999999);
#2503=VECTOR('',#8844,1.99999999999999);
#2504=VECTOR('',#8847,10.);
#2505=VECTOR('',#8850,10.);
#2506=VECTOR('',#8859,50.8);
#2507=CIRCLE('',#6391,1.99999999999999);
#2508=CIRCLE('',#6392,1.99999999999999);
#2509=CIRCLE('',#6394,1.99999999999999);
#2510=CIRCLE('',#6395,1.99999999999999);
#2511=CIRCLE('',#6397,1.99999999999999);
#2512=CIRCLE('',#6398,1.99999999999999);
#2513=CIRCLE('',#6400,1.99999999999999);
#2514=CIRCLE('',#6401,1.99999999999999);
#2515=CIRCLE('',#6403,6.00000000000003);
#2516=CIRCLE('',#6404,6.00000000000003);
#2517=CIRCLE('',#6406,5.99999999999999);
#2518=CIRCLE('',#6407,5.99999999999998);
#2519=CIRCLE('',#6408,5.99999999999998);
#2520=CIRCLE('',#6409,2.);
#2521=CIRCLE('',#6410,1.99999999999999);
#2522=CIRCLE('',#6411,1.99999999999999);
#2523=CIRCLE('',#6412,1.99999999999999);
#2524=CIRCLE('',#6413,1.99999999999999);
#2525=CIRCLE('',#6414,1.99999999999999);
#2526=CIRCLE('',#6415,1.99999999999999);
#2527=CIRCLE('',#6416,1.99999999999999);
#2528=CIRCLE('',#6417,1.99999999999999);
#2529=CIRCLE('',#6418,1.99999999999999);
#2530=CIRCLE('',#6419,1.99999999999999);
#2531=CIRCLE('',#6420,1.99999999999999);
#2532=CIRCLE('',#6421,1.99999999999999);
#2533=CIRCLE('',#6422,1.99999999999999);
#2534=CIRCLE('',#6423,1.99999999999999);
#2535=CIRCLE('',#6424,1.99999999999999);
#2536=CIRCLE('',#6425,2.);
#2537=CIRCLE('',#6426,1.99999999999999);
#2538=CIRCLE('',#6427,1.99999999999999);
#2539=CIRCLE('',#6428,1.99999999999999);
#2540=CIRCLE('',#6430,5.99999999999999);
#2541=CIRCLE('',#6432,5.99999999999998);
#2542=CIRCLE('',#6434,5.99999999999998);
#2543=CIRCLE('',#6436,1.99999999999999);
#2544=CIRCLE('',#6438,1.99999999999999);
#2545=CIRCLE('',#6440,1.99999999999999);
#2546=CIRCLE('',#6442,2.);
#2547=CIRCLE('',#6444,1.99999999999999);
#2548=CIRCLE('',#6446,1.99999999999999);
#2549=CIRCLE('',#6448,1.99999999999999);
#2550=CIRCLE('',#6450,1.99999999999999);
#2551=CIRCLE('',#6452,1.99999999999999);
#2552=CIRCLE('',#6454,1.99999999999999);
#2553=CIRCLE('',#6456,1.99999999999999);
#2554=CIRCLE('',#6458,1.99999999999999);
#2555=CIRCLE('',#6460,1.99999999999999);
#2556=CIRCLE('',#6462,1.99999999999999);
#2557=CIRCLE('',#6464,1.99999999999999);
#2558=CIRCLE('',#6466,1.99999999999999);
#2559=CIRCLE('',#6468,1.99999999999999);
#2560=CIRCLE('',#6470,1.99999999999999);
#2561=CIRCLE('',#6472,1.99999999999999);
#2562=CIRCLE('',#6474,2.);
#2563=CIRCLE('',#6490,15.);
#2564=CIRCLE('',#6491,15.);
#2565=CIRCLE('',#6493,15.);
#2566=CIRCLE('',#6494,15.);
#2567=CIRCLE('',#6497,15.);
#2568=CIRCLE('',#6498,15.);
#2569=CIRCLE('',#6501,1.99999999999999);
#2570=CIRCLE('',#6502,1.99999999999999);
#2571=CIRCLE('',#6504,1.99999999999999);
#2572=CIRCLE('',#6505,1.99999999999999);
#2573=CIRCLE('',#6507,1.99999999999999);
#2574=CIRCLE('',#6508,1.99999999999999);
#2575=CIRCLE('',#6510,1.99999999999999);
#2576=CIRCLE('',#6511,1.99999999999999);
#2577=CIRCLE('',#6521,1.99999999999999);
#2578=CIRCLE('',#6522,2.00000000000001);
#2579=CIRCLE('',#6526,1.00000000000001);
#2580=CIRCLE('',#6528,1.00000000000001);
#2581=CIRCLE('',#6534,1.99999999999999);
#2582=CIRCLE('',#6535,2.);
#2583=CIRCLE('',#6537,0.999999999999996);
#2584=CIRCLE('',#6539,0.999999999999996);
#2585=CIRCLE('',#6543,1.99999999999999);
#2586=CIRCLE('',#6544,2.);
#2587=CIRCLE('',#6545,1.99999999999999);
#2588=CIRCLE('',#6547,1.99999999999999);
#2589=CIRCLE('',#6549,2.);
#2590=CIRCLE('',#6551,1.99999999999999);
#2591=CIRCLE('',#6557,1.99999999999999);
#2592=CIRCLE('',#6558,1.99999999999999);
#2593=CIRCLE('',#6560,1.99999999999999);
#2594=CIRCLE('',#6561,1.99999999999999);
#2595=CIRCLE('',#6563,1.99999999999999);
#2596=CIRCLE('',#6564,1.99999999999999);
#2597=CIRCLE('',#6566,1.99999999999999);
#2598=CIRCLE('',#6567,1.99999999999999);
#2599=CIRCLE('',#6577,2.0000000000001);
#2600=CIRCLE('',#6578,2.00000000000003);
#2601=CIRCLE('',#6582,1.00000000000005);
#2602=CIRCLE('',#6584,1.00000000000005);
#2603=CIRCLE('',#6590,1.99999999999999);
#2604=CIRCLE('',#6591,2.00000000000001);
#2605=CIRCLE('',#6593,0.999999999999979);
#2606=CIRCLE('',#6595,0.999999999999979);
#2607=CIRCLE('',#6599,1.99999999999999);
#2608=CIRCLE('',#6600,1.99999999999999);
#2609=CIRCLE('',#6601,1.99999999999999);
#2610=CIRCLE('',#6603,1.99999999999999);
#2611=CIRCLE('',#6605,1.99999999999999);
#2612=CIRCLE('',#6607,1.99999999999999);
#2613=CIRCLE('',#6613,15.);
#2614=CIRCLE('',#6614,15.);
#2615=CIRCLE('',#6617,15.);
#2616=CIRCLE('',#6618,15.);
#2617=CIRCLE('',#6621,15.);
#2618=CIRCLE('',#6622,15.);
#2619=CIRCLE('',#6624,1.99999999999999);
#2620=CIRCLE('',#6625,1.99999999999999);
#2621=CIRCLE('',#6627,1.99999999999999);
#2622=CIRCLE('',#6628,1.99999999999999);
#2623=CIRCLE('',#6630,1.99999999999999);
#2624=CIRCLE('',#6631,1.99999999999999);
#2625=CIRCLE('',#6633,1.99999999999999);
#2626=CIRCLE('',#6634,1.99999999999999);
#2627=CIRCLE('',#6644,2.00000000000001);
#2628=CIRCLE('',#6645,2.00000000000001);
#2629=CIRCLE('',#6649,1.00000000000001);
#2630=CIRCLE('',#6651,1.00000000000001);
#2631=CIRCLE('',#6657,1.99999999999999);
#2632=CIRCLE('',#6658,2.);
#2633=CIRCLE('',#6660,0.999999999999996);
#2634=CIRCLE('',#6662,0.999999999999996);
#2635=CIRCLE('',#6666,1.99999999999999);
#2636=CIRCLE('',#6667,2.);
#2637=CIRCLE('',#6668,1.99999999999999);
#2638=CIRCLE('',#6670,1.99999999999999);
#2639=CIRCLE('',#6672,2.);
#2640=CIRCLE('',#6674,1.99999999999999);
#2641=CIRCLE('',#6680,1.99999999999999);
#2642=CIRCLE('',#6681,1.99999999999999);
#2643=CIRCLE('',#6683,1.99999999999999);
#2644=CIRCLE('',#6684,1.99999999999999);
#2645=CIRCLE('',#6686,1.99999999999999);
#2646=CIRCLE('',#6687,1.99999999999999);
#2647=CIRCLE('',#6689,1.99999999999999);
#2648=CIRCLE('',#6690,1.99999999999999);
#2649=CIRCLE('',#6692,4.99999999999989);
#2650=CIRCLE('',#6693,5.00000000000011);
#2651=CIRCLE('',#6697,2.99999999999986);
#2652=CIRCLE('',#6699,3.00000000000008);
#2653=CIRCLE('',#6705,4.99999999999993);
#2654=CIRCLE('',#6706,5.);
#2655=CIRCLE('',#6710,2.99999999999997);
#2656=CIRCLE('',#6712,3.00000000000001);
#2657=CIRCLE('',#6718,4.99999999999988);
#2658=CIRCLE('',#6719,2.99999999999998);
#2659=CIRCLE('',#6722,4.99999999999988);
#2660=CIRCLE('',#6725,2.99999999999998);
#2661=CIRCLE('',#6732,1.99999999999999);
#2662=CIRCLE('',#6733,1.99999999999999);
#2663=CIRCLE('',#6735,1.99999999999999);
#2664=CIRCLE('',#6737,1.99999999999999);
#2665=CIRCLE('',#6743,1.99999999999999);
#2666=CIRCLE('',#6744,1.99999999999999);
#2667=CIRCLE('',#6746,1.99999999999999);
#2668=CIRCLE('',#6747,1.99999999999999);
#2669=CIRCLE('',#6749,1.99999999999999);
#2670=CIRCLE('',#6750,1.99999999999999);
#2671=CIRCLE('',#6752,1.99999999999999);
#2672=CIRCLE('',#6753,1.99999999999999);
#2673=CIRCLE('',#6755,4.99999999999993);
#2674=CIRCLE('',#6756,5.);
#2675=CIRCLE('',#6760,2.99999999999994);
#2676=CIRCLE('',#6762,3.00000000000004);
#2677=CIRCLE('',#6768,5.00000000000004);
#2678=CIRCLE('',#6769,5.00000000000007);
#2679=CIRCLE('',#6773,3.00000000000004);
#2680=CIRCLE('',#6775,3.00000000000018);
#2681=CIRCLE('',#6781,5.00000000000012);
#2682=CIRCLE('',#6782,3.00000000000007);
#2683=CIRCLE('',#6785,3.00000000000007);
#2684=CIRCLE('',#6788,5.00000000000012);
#2685=CIRCLE('',#6795,1.99999999999999);
#2686=CIRCLE('',#6796,1.99999999999999);
#2687=CIRCLE('',#6798,1.99999999999999);
#2688=CIRCLE('',#6800,1.99999999999999);
#2689=CIRCLE('',#6806,5.);
#2690=CIRCLE('',#6807,5.);
#2691=CIRCLE('',#6809,5.);
#2692=CIRCLE('',#6810,5.);
#2693=CIRCLE('',#6814,7.07106786456766);
#2694=CIRCLE('',#6815,7.07106786456766);
#2695=CIRCLE('',#6817,7.07106786456766);
#2696=CIRCLE('',#6818,7.07106786456766);
#2697=CIRCLE('',#6825,1.99999999999996);
#2698=CIRCLE('',#6826,2.00000000000001);
#2699=CIRCLE('',#6829,0.999999999999943);
#2700=CIRCLE('',#6831,1.00000000000001);
#2701=CIRCLE('',#6835,1.99999999999999);
#2702=CIRCLE('',#6836,2.);
#2703=CIRCLE('',#6839,0.999999999999996);
#2704=CIRCLE('',#6841,0.999999999999996);
#2705=CIRCLE('',#6847,1.99999999999999);
#2706=CIRCLE('',#6848,1.99999999999999);
#2707=CIRCLE('',#6849,1.99999999999999);
#2708=CIRCLE('',#6850,1.99999999999999);
#2709=CIRCLE('',#6853,1.99999999999999);
#2710=CIRCLE('',#6855,1.99999999999999);
#2711=CIRCLE('',#6857,1.99999999999999);
#2712=CIRCLE('',#6859,1.99999999999999);
#2713=CIRCLE('',#6863,15.);
#2714=CIRCLE('',#6864,15.);
#2715=CIRCLE('',#6866,15.);
#2716=CIRCLE('',#6867,15.);
#2717=CIRCLE('',#6882,2.00000000000024);
#2718=CIRCLE('',#6883,1.99999999999974);
#2719=CIRCLE('',#6886,1.00000000000023);
#2720=CIRCLE('',#6888,0.999999999999801);
#2721=CIRCLE('',#6893,2.00000000000029);
#2722=CIRCLE('',#6894,1.99999999999969);
#2723=CIRCLE('',#6897,1.0000000000003);
#2724=CIRCLE('',#6899,0.999999999999694);
#2725=CIRCLE('',#6905,1.99999999999999);
#2726=CIRCLE('',#6906,1.99999999999999);
#2727=CIRCLE('',#6909,0.999999999999996);
#2728=CIRCLE('',#6911,0.999999999999996);
#2729=CIRCLE('',#6915,1.99999999999999);
#2730=CIRCLE('',#6916,2.00000000000001);
#2731=CIRCLE('',#6920,1.00000000000007);
#2732=CIRCLE('',#6922,1.00000000000007);
#2733=CIRCLE('',#6932,5.);
#2734=CIRCLE('',#6934,1.00000000000001);
#2735=CIRCLE('',#6935,1.99999999999997);
#2736=CIRCLE('',#6937,5.);
#2737=CIRCLE('',#6940,1.99999999999999);
#2738=CIRCLE('',#6941,2.);
#2739=CIRCLE('',#6943,0.999999999999996);
#2740=CIRCLE('',#6945,1.00000000000003);
#2741=CIRCLE('',#6948,1.99999999999996);
#2742=CIRCLE('',#6949,2.00000000000002);
#2743=CIRCLE('',#6951,0.999999999999961);
#2744=CIRCLE('',#6953,1.00000000000003);
#2745=CIRCLE('',#6956,0.999999999999985);
#2746=CIRCLE('',#6957,2.);
#2747=CIRCLE('',#6959,1.99999999999997);
#2748=CIRCLE('',#6962,0.999999999999985);
#2749=CIRCLE('',#6965,2.);
#2750=CIRCLE('',#6968,1.00000000000001);
#2751=CIRCLE('',#6974,5.);
#2752=CIRCLE('',#6978,5.);
#2753=CIRCLE('',#6982,15.);
#2754=CIRCLE('',#6983,15.);
#2755=CIRCLE('',#6986,15.);
#2756=CIRCLE('',#6987,15.);
#2757=CIRCLE('',#6988,15.);
#2758=CIRCLE('',#6989,1.99999999999999);
#2759=CIRCLE('',#6990,1.99999999999999);
#2760=CIRCLE('',#6991,1.99999999999999);
#2761=CIRCLE('',#6992,1.99999999999999);
#2762=CIRCLE('',#6994,15.);
#2763=CIRCLE('',#6997,15.);
#2764=CIRCLE('',#6999,15.);
#2765=CIRCLE('',#7001,1.99999999999999);
#2766=CIRCLE('',#7003,1.99999999999999);
#2767=CIRCLE('',#7005,1.99999999999999);
#2768=CIRCLE('',#7007,1.99999999999999);
#2769=CIRCLE('',#7013,50.8);
#2770=CIRCLE('',#7014,50.8);
#2771=VERTEX_POINT('',#8903);
#2772=VERTEX_POINT('',#8905);
#2773=VERTEX_POINT('',#8909);
#2774=VERTEX_POINT('',#8911);
#2775=VERTEX_POINT('',#8915);
#2776=VERTEX_POINT('',#8917);
#2777=VERTEX_POINT('',#8921);
#2778=VERTEX_POINT('',#8923);
#2779=VERTEX_POINT('',#8927);
#2780=VERTEX_POINT('',#8928);
#2781=VERTEX_POINT('',#8930);
#2782=VERTEX_POINT('',#8932);
#2783=VERTEX_POINT('',#8936);
#2784=VERTEX_POINT('',#8938);
#2785=VERTEX_POINT('',#8940);
#2786=VERTEX_POINT('',#8942);
#2787=VERTEX_POINT('',#8944);
#2788=VERTEX_POINT('',#8946);
#2789=VERTEX_POINT('',#8948);
#2790=VERTEX_POINT('',#8950);
#2791=VERTEX_POINT('',#8952);
#2792=VERTEX_POINT('',#8954);
#2793=VERTEX_POINT('',#8956);
#2794=VERTEX_POINT('',#8958);
#2795=VERTEX_POINT('',#8960);
#2796=VERTEX_POINT('',#8962);
#2797=VERTEX_POINT('',#8965);
#2798=VERTEX_POINT('',#8967);
#2799=VERTEX_POINT('',#8969);
#2800=VERTEX_POINT('',#8971);
#2801=VERTEX_POINT('',#8973);
#2802=VERTEX_POINT('',#8975);
#2803=VERTEX_POINT('',#8977);
#2804=VERTEX_POINT('',#8979);
#2805=VERTEX_POINT('',#8981);
#2806=VERTEX_POINT('',#8983);
#2807=VERTEX_POINT('',#8985);
#2808=VERTEX_POINT('',#8987);
#2809=VERTEX_POINT('',#8989);
#2810=VERTEX_POINT('',#8991);
#2811=VERTEX_POINT('',#8993);
#2812=VERTEX_POINT('',#8995);
#2813=VERTEX_POINT('',#8997);
#2814=VERTEX_POINT('',#8999);
#2815=VERTEX_POINT('',#9001);
#2816=VERTEX_POINT('',#9003);
#2817=VERTEX_POINT('',#9006);
#2818=VERTEX_POINT('',#9008);
#2819=VERTEX_POINT('',#9012);
#2820=VERTEX_POINT('',#9014);
#2821=VERTEX_POINT('',#9018);
#2822=VERTEX_POINT('',#9020);
#2823=VERTEX_POINT('',#9024);
#2824=VERTEX_POINT('',#9028);
#2825=VERTEX_POINT('',#9032);
#2826=VERTEX_POINT('',#9036);
#2827=VERTEX_POINT('',#9040);
#2828=VERTEX_POINT('',#9044);
#2829=VERTEX_POINT('',#9048);
#2830=VERTEX_POINT('',#9052);
#2831=VERTEX_POINT('',#9056);
#2832=VERTEX_POINT('',#9060);
#2833=VERTEX_POINT('',#9064);
#2834=VERTEX_POINT('',#9068);
#2835=VERTEX_POINT('',#9072);
#2836=VERTEX_POINT('',#9076);
#2837=VERTEX_POINT('',#9080);
#2838=VERTEX_POINT('',#9084);
#2839=VERTEX_POINT('',#9088);
#2840=VERTEX_POINT('',#9092);
#2841=VERTEX_POINT('',#9096);
#2842=VERTEX_POINT('',#9100);
#2843=VERTEX_POINT('',#9104);
#2844=VERTEX_POINT('',#9108);
#2845=VERTEX_POINT('',#9112);
#2846=VERTEX_POINT('',#9118);
#2847=VERTEX_POINT('',#9122);
#2848=VERTEX_POINT('',#9128);
#2849=VERTEX_POINT('',#9132);
#2850=VERTEX_POINT('',#9138);
#2851=VERTEX_POINT('',#9146);
#2852=VERTEX_POINT('',#9148);
#2853=VERTEX_POINT('',#9152);
#2854=VERTEX_POINT('',#9153);
#2855=VERTEX_POINT('',#9155);
#2856=VERTEX_POINT('',#9157);
#2857=VERTEX_POINT('',#9161);
#2858=VERTEX_POINT('',#9163);
#2859=VERTEX_POINT('',#9167);
#2860=VERTEX_POINT('',#9169);
#2861=VERTEX_POINT('',#9176);
#2862=VERTEX_POINT('',#9178);
#2863=VERTEX_POINT('',#9182);
#2864=VERTEX_POINT('',#9184);
#2865=VERTEX_POINT('',#9188);
#2866=VERTEX_POINT('',#9190);
#2867=VERTEX_POINT('',#9194);
#2868=VERTEX_POINT('',#9196);
#2869=VERTEX_POINT('',#9200);
#2870=VERTEX_POINT('',#9201);
#2871=VERTEX_POINT('',#9203);
#2872=VERTEX_POINT('',#9205);
#2873=VERTEX_POINT('',#9209);
#2874=VERTEX_POINT('',#9210);
#2875=VERTEX_POINT('',#9212);
#2876=VERTEX_POINT('',#9214);
#2877=VERTEX_POINT('',#9221);
#2878=VERTEX_POINT('',#9223);
#2879=VERTEX_POINT('',#9225);
#2880=VERTEX_POINT('',#9227);
#2881=VERTEX_POINT('',#9231);
#2882=VERTEX_POINT('',#9233);
#2883=VERTEX_POINT('',#9235);
#2884=VERTEX_POINT('',#9237);
#2885=VERTEX_POINT('',#9248);
#2886=VERTEX_POINT('',#9249);
#2887=VERTEX_POINT('',#9254);
#2888=VERTEX_POINT('',#9256);
#2889=VERTEX_POINT('',#9258);
#2890=VERTEX_POINT('',#9262);
#2891=VERTEX_POINT('',#9264);
#2892=VERTEX_POINT('',#9273);
#2893=VERTEX_POINT('',#9281);
#2894=VERTEX_POINT('',#9283);
#2895=VERTEX_POINT('',#9287);
#2896=VERTEX_POINT('',#9291);
#2897=VERTEX_POINT('',#9297);
#2898=VERTEX_POINT('',#9299);
#2899=VERTEX_POINT('',#9303);
#2900=VERTEX_POINT('',#9306);
#2901=VERTEX_POINT('',#9308);
#2902=VERTEX_POINT('',#9310);
#2903=VERTEX_POINT('',#9313);
#2904=VERTEX_POINT('',#9317);
#2905=VERTEX_POINT('',#9321);
#2906=VERTEX_POINT('',#9325);
#2907=VERTEX_POINT('',#9333);
#2908=VERTEX_POINT('',#9335);
#2909=VERTEX_POINT('',#9339);
#2910=VERTEX_POINT('',#9341);
#2911=VERTEX_POINT('',#9345);
#2912=VERTEX_POINT('',#9347);
#2913=VERTEX_POINT('',#9351);
#2914=VERTEX_POINT('',#9353);
#2915=VERTEX_POINT('',#9357);
#2916=VERTEX_POINT('',#9358);
#2917=VERTEX_POINT('',#9360);
#2918=VERTEX_POINT('',#9362);
#2919=VERTEX_POINT('',#9366);
#2920=VERTEX_POINT('',#9367);
#2921=VERTEX_POINT('',#9369);
#2922=VERTEX_POINT('',#9371);
#2923=VERTEX_POINT('',#9378);
#2924=VERTEX_POINT('',#9380);
#2925=VERTEX_POINT('',#9382);
#2926=VERTEX_POINT('',#9384);
#2927=VERTEX_POINT('',#9388);
#2928=VERTEX_POINT('',#9390);
#2929=VERTEX_POINT('',#9392);
#2930=VERTEX_POINT('',#9394);
#2931=VERTEX_POINT('',#9405);
#2932=VERTEX_POINT('',#9406);
#2933=VERTEX_POINT('',#9411);
#2934=VERTEX_POINT('',#9413);
#2935=VERTEX_POINT('',#9415);
#2936=VERTEX_POINT('',#9419);
#2937=VERTEX_POINT('',#9421);
#2938=VERTEX_POINT('',#9430);
#2939=VERTEX_POINT('',#9438);
#2940=VERTEX_POINT('',#9440);
#2941=VERTEX_POINT('',#9444);
#2942=VERTEX_POINT('',#9448);
#2943=VERTEX_POINT('',#9454);
#2944=VERTEX_POINT('',#9456);
#2945=VERTEX_POINT('',#9460);
#2946=VERTEX_POINT('',#9463);
#2947=VERTEX_POINT('',#9465);
#2948=VERTEX_POINT('',#9467);
#2949=VERTEX_POINT('',#9470);
#2950=VERTEX_POINT('',#9474);
#2951=VERTEX_POINT('',#9478);
#2952=VERTEX_POINT('',#9482);
#2953=VERTEX_POINT('',#9490);
#2954=VERTEX_POINT('',#9491);
#2955=VERTEX_POINT('',#9493);
#2956=VERTEX_POINT('',#9495);
#2957=VERTEX_POINT('',#9499);
#2958=VERTEX_POINT('',#9501);
#2959=VERTEX_POINT('',#9505);
#2960=VERTEX_POINT('',#9507);
#2961=VERTEX_POINT('',#9514);
#2962=VERTEX_POINT('',#9516);
#2963=VERTEX_POINT('',#9520);
#2964=VERTEX_POINT('',#9522);
#2965=VERTEX_POINT('',#9526);
#2966=VERTEX_POINT('',#9528);
#2967=VERTEX_POINT('',#9532);
#2968=VERTEX_POINT('',#9534);
#2969=VERTEX_POINT('',#9538);
#2970=VERTEX_POINT('',#9540);
#2971=VERTEX_POINT('',#9544);
#2972=VERTEX_POINT('',#9545);
#2973=VERTEX_POINT('',#9547);
#2974=VERTEX_POINT('',#9549);
#2975=VERTEX_POINT('',#9553);
#2976=VERTEX_POINT('',#9554);
#2977=VERTEX_POINT('',#9556);
#2978=VERTEX_POINT('',#9558);
#2979=VERTEX_POINT('',#9565);
#2980=VERTEX_POINT('',#9567);
#2981=VERTEX_POINT('',#9569);
#2982=VERTEX_POINT('',#9571);
#2983=VERTEX_POINT('',#9575);
#2984=VERTEX_POINT('',#9577);
#2985=VERTEX_POINT('',#9579);
#2986=VERTEX_POINT('',#9581);
#2987=VERTEX_POINT('',#9592);
#2988=VERTEX_POINT('',#9593);
#2989=VERTEX_POINT('',#9598);
#2990=VERTEX_POINT('',#9600);
#2991=VERTEX_POINT('',#9602);
#2992=VERTEX_POINT('',#9606);
#2993=VERTEX_POINT('',#9608);
#2994=VERTEX_POINT('',#9617);
#2995=VERTEX_POINT('',#9625);
#2996=VERTEX_POINT('',#9627);
#2997=VERTEX_POINT('',#9631);
#2998=VERTEX_POINT('',#9635);
#2999=VERTEX_POINT('',#9641);
#3000=VERTEX_POINT('',#9643);
#3001=VERTEX_POINT('',#9647);
#3002=VERTEX_POINT('',#9650);
#3003=VERTEX_POINT('',#9652);
#3004=VERTEX_POINT('',#9654);
#3005=VERTEX_POINT('',#9657);
#3006=VERTEX_POINT('',#9661);
#3007=VERTEX_POINT('',#9665);
#3008=VERTEX_POINT('',#9669);
#3009=VERTEX_POINT('',#9677);
#3010=VERTEX_POINT('',#9679);
#3011=VERTEX_POINT('',#9683);
#3012=VERTEX_POINT('',#9685);
#3013=VERTEX_POINT('',#9689);
#3014=VERTEX_POINT('',#9691);
#3015=VERTEX_POINT('',#9695);
#3016=VERTEX_POINT('',#9697);
#3017=VERTEX_POINT('',#9701);
#3018=VERTEX_POINT('',#9702);
#3019=VERTEX_POINT('',#9704);
#3020=VERTEX_POINT('',#9706);
#3021=VERTEX_POINT('',#9710);
#3022=VERTEX_POINT('',#9712);
#3023=VERTEX_POINT('',#9714);
#3024=VERTEX_POINT('',#9718);
#3025=VERTEX_POINT('',#9720);
#3026=VERTEX_POINT('',#9725);
#3027=VERTEX_POINT('',#9729);
#3028=VERTEX_POINT('',#9733);
#3029=VERTEX_POINT('',#9742);
#3030=VERTEX_POINT('',#9743);
#3031=VERTEX_POINT('',#9745);
#3032=VERTEX_POINT('',#9747);
#3033=VERTEX_POINT('',#9751);
#3034=VERTEX_POINT('',#9753);
#3035=VERTEX_POINT('',#9755);
#3036=VERTEX_POINT('',#9759);
#3037=VERTEX_POINT('',#9761);
#3038=VERTEX_POINT('',#9766);
#3039=VERTEX_POINT('',#9770);
#3040=VERTEX_POINT('',#9774);
#3041=VERTEX_POINT('',#9783);
#3042=VERTEX_POINT('',#9785);
#3043=VERTEX_POINT('',#9789);
#3044=VERTEX_POINT('',#9791);
#3045=VERTEX_POINT('',#9796);
#3046=VERTEX_POINT('',#9800);
#3047=VERTEX_POINT('',#9802);
#3048=VERTEX_POINT('',#9804);
#3049=VERTEX_POINT('',#9818);
#3050=VERTEX_POINT('',#9820);
#3051=VERTEX_POINT('',#9824);
#3052=VERTEX_POINT('',#9827);
#3053=VERTEX_POINT('',#9829);
#3054=VERTEX_POINT('',#9832);
#3055=VERTEX_POINT('',#9836);
#3056=VERTEX_POINT('',#9840);
#3057=VERTEX_POINT('',#9848);
#3058=VERTEX_POINT('',#9850);
#3059=VERTEX_POINT('',#9854);
#3060=VERTEX_POINT('',#9856);
#3061=VERTEX_POINT('',#9860);
#3062=VERTEX_POINT('',#9862);
#3063=VERTEX_POINT('',#9866);
#3064=VERTEX_POINT('',#9868);
#3065=VERTEX_POINT('',#9872);
#3066=VERTEX_POINT('',#9873);
#3067=VERTEX_POINT('',#9875);
#3068=VERTEX_POINT('',#9877);
#3069=VERTEX_POINT('',#9881);
#3070=VERTEX_POINT('',#9883);
#3071=VERTEX_POINT('',#9885);
#3072=VERTEX_POINT('',#9889);
#3073=VERTEX_POINT('',#9891);
#3074=VERTEX_POINT('',#9896);
#3075=VERTEX_POINT('',#9900);
#3076=VERTEX_POINT('',#9904);
#3077=VERTEX_POINT('',#9913);
#3078=VERTEX_POINT('',#9914);
#3079=VERTEX_POINT('',#9916);
#3080=VERTEX_POINT('',#9918);
#3081=VERTEX_POINT('',#9922);
#3082=VERTEX_POINT('',#9924);
#3083=VERTEX_POINT('',#9926);
#3084=VERTEX_POINT('',#9930);
#3085=VERTEX_POINT('',#9932);
#3086=VERTEX_POINT('',#9937);
#3087=VERTEX_POINT('',#9941);
#3088=VERTEX_POINT('',#9945);
#3089=VERTEX_POINT('',#9954);
#3090=VERTEX_POINT('',#9956);
#3091=VERTEX_POINT('',#9960);
#3092=VERTEX_POINT('',#9961);
#3093=VERTEX_POINT('',#9963);
#3094=VERTEX_POINT('',#9965);
#3095=VERTEX_POINT('',#9973);
#3096=VERTEX_POINT('',#9975);
#3097=VERTEX_POINT('',#9989);
#3098=VERTEX_POINT('',#9991);
#3099=VERTEX_POINT('',#9995);
#3100=VERTEX_POINT('',#9998);
#3101=VERTEX_POINT('',#10000);
#3102=VERTEX_POINT('',#10003);
#3103=VERTEX_POINT('',#10007);
#3104=VERTEX_POINT('',#10011);
#3105=VERTEX_POINT('',#10019);
#3106=VERTEX_POINT('',#10021);
#3107=VERTEX_POINT('',#10025);
#3108=VERTEX_POINT('',#10027);
#3109=VERTEX_POINT('',#10031);
#3110=VERTEX_POINT('',#10032);
#3111=VERTEX_POINT('',#10034);
#3112=VERTEX_POINT('',#10036);
#3113=VERTEX_POINT('',#10040);
#3114=VERTEX_POINT('',#10041);
#3115=VERTEX_POINT('',#10043);
#3116=VERTEX_POINT('',#10045);
#3117=VERTEX_POINT('',#10049);
#3118=VERTEX_POINT('',#10051);
#3119=VERTEX_POINT('',#10055);
#3120=VERTEX_POINT('',#10057);
#3121=VERTEX_POINT('',#10061);
#3122=VERTEX_POINT('',#10063);
#3123=VERTEX_POINT('',#10067);
#3124=VERTEX_POINT('',#10069);
#3125=VERTEX_POINT('',#10073);
#3126=VERTEX_POINT('',#10075);
#3127=VERTEX_POINT('',#10079);
#3128=VERTEX_POINT('',#10083);
#3129=VERTEX_POINT('',#10085);
#3130=VERTEX_POINT('',#10089);
#3131=VERTEX_POINT('',#10091);
#3132=VERTEX_POINT('',#10093);
#3133=VERTEX_POINT('',#10100);
#3134=VERTEX_POINT('',#10104);
#3135=VERTEX_POINT('',#10111);
#3136=VERTEX_POINT('',#10112);
#3137=VERTEX_POINT('',#10114);
#3138=VERTEX_POINT('',#10116);
#3139=VERTEX_POINT('',#10124);
#3140=VERTEX_POINT('',#10128);
#3141=VERTEX_POINT('',#10141);
#3142=VERTEX_POINT('',#10143);
#3143=VERTEX_POINT('',#10145);
#3144=VERTEX_POINT('',#10147);
#3145=VERTEX_POINT('',#10152);
#3146=VERTEX_POINT('',#10156);
#3147=VERTEX_POINT('',#10160);
#3148=VERTEX_POINT('',#10164);
#3149=VERTEX_POINT('',#10170);
#3150=VERTEX_POINT('',#10172);
#3151=VERTEX_POINT('',#10176);
#3152=VERTEX_POINT('',#10178);
#3153=VERTEX_POINT('',#10182);
#3154=VERTEX_POINT('',#10183);
#3155=VERTEX_POINT('',#10185);
#3156=VERTEX_POINT('',#10187);
#3157=VERTEX_POINT('',#10191);
#3158=VERTEX_POINT('',#10192);
#3159=VERTEX_POINT('',#10194);
#3160=VERTEX_POINT('',#10196);
#3161=VERTEX_POINT('',#10200);
#3162=VERTEX_POINT('',#10202);
#3163=VERTEX_POINT('',#10204);
#3164=VERTEX_POINT('',#10208);
#3165=VERTEX_POINT('',#10212);
#3166=VERTEX_POINT('',#10214);
#3167=VERTEX_POINT('',#10216);
#3168=VERTEX_POINT('',#10218);
#3169=VERTEX_POINT('',#10220);
#3170=VERTEX_POINT('',#10224);
#3171=VERTEX_POINT('',#10226);
#3172=VERTEX_POINT('',#10228);
#3173=VERTEX_POINT('',#10232);
#3174=VERTEX_POINT('',#10236);
#3175=VERTEX_POINT('',#10237);
#3176=VERTEX_POINT('',#10240);
#3177=VERTEX_POINT('',#10244);
#3178=VERTEX_POINT('',#10245);
#3179=VERTEX_POINT('',#10247);
#3180=VERTEX_POINT('',#10249);
#3181=VERTEX_POINT('',#10253);
#3182=VERTEX_POINT('',#10255);
#3183=VERTEX_POINT('',#10259);
#3184=VERTEX_POINT('',#10261);
#3185=VERTEX_POINT('',#10265);
#3186=VERTEX_POINT('',#10267);
#3187=VERTEX_POINT('',#10269);
#3188=VERTEX_POINT('',#10273);
#3189=VERTEX_POINT('',#10277);
#3190=VERTEX_POINT('',#10278);
#3191=VERTEX_POINT('',#10280);
#3192=VERTEX_POINT('',#10282);
#3193=VERTEX_POINT('',#10289);
#3194=VERTEX_POINT('',#10291);
#3195=VERTEX_POINT('',#10295);
#3196=VERTEX_POINT('',#10306);
#3197=VERTEX_POINT('',#10308);
#3198=VERTEX_POINT('',#10314);
#3199=VERTEX_POINT('',#10316);
#3200=VERTEX_POINT('',#10320);
#3201=VERTEX_POINT('',#10324);
#3202=VERTEX_POINT('',#10333);
#3203=VERTEX_POINT('',#10337);
#3204=VERTEX_POINT('',#10339);
#3205=VERTEX_POINT('',#10343);
#3206=VERTEX_POINT('',#10345);
#3207=VERTEX_POINT('',#10349);
#3208=VERTEX_POINT('',#10353);
#3209=VERTEX_POINT('',#10362);
#3210=VERTEX_POINT('',#10364);
#3211=VERTEX_POINT('',#10368);
#3212=VERTEX_POINT('',#10370);
#3213=VERTEX_POINT('',#10376);
#3214=VERTEX_POINT('',#10380);
#3215=VERTEX_POINT('',#10392);
#3216=VERTEX_POINT('',#10394);
#3217=VERTEX_POINT('',#10398);
#3218=VERTEX_POINT('',#10405);
#3219=VERTEX_POINT('',#10407);
#3220=VERTEX_POINT('',#10411);
#3221=VERTEX_POINT('',#10413);
#3222=VERTEX_POINT('',#10419);
#3223=VERTEX_POINT('',#10422);
#3224=VERTEX_POINT('',#10423);
#3225=VERTEX_POINT('',#10425);
#3226=VERTEX_POINT('',#10431);
#3227=VERTEX_POINT('',#10434);
#3228=VERTEX_POINT('',#10438);
#3229=VERTEX_POINT('',#10444);
#3230=VERTEX_POINT('',#10452);
#3231=VERTEX_POINT('',#10454);
#3232=VERTEX_POINT('',#10459);
#3233=VERTEX_POINT('',#10464);
#3234=VERTEX_POINT('',#10470);
#3235=VERTEX_POINT('',#10473);
#3236=VERTEX_POINT('',#10481);
#3237=VERTEX_POINT('',#10491);
#3238=VERTEX_POINT('',#10496);
#3239=VERTEX_POINT('',#10504);
#3240=VERTEX_POINT('',#10511);
#3241=VERTEX_POINT('',#10517);
#3242=VERTEX_POINT('',#10518);
#3243=VERTEX_POINT('',#10520);
#3244=VERTEX_POINT('',#10522);
#3245=VERTEX_POINT('',#10526);
#3246=VERTEX_POINT('',#10528);
#3247=VERTEX_POINT('',#10532);
#3248=VERTEX_POINT('',#10534);
#3249=VERTEX_POINT('',#10536);
#3250=VERTEX_POINT('',#10538);
#3251=VERTEX_POINT('',#10540);
#3252=VERTEX_POINT('',#10543);
#3253=VERTEX_POINT('',#10545);
#3254=VERTEX_POINT('',#10547);
#3255=VERTEX_POINT('',#10549);
#3256=VERTEX_POINT('',#10552);
#3257=VERTEX_POINT('',#10553);
#3258=VERTEX_POINT('',#10558);
#3259=VERTEX_POINT('',#10562);
#3260=VERTEX_POINT('',#10566);
#3261=VERTEX_POINT('',#10570);
#3262=VERTEX_POINT('',#10574);
#3263=VERTEX_POINT('',#10578);
#3264=VERTEX_POINT('',#10582);
#3265=VERTEX_POINT('',#10592);
#3266=VERTEX_POINT('',#10594);
#3267=EDGE_CURVE('',#2771,#2771,#2507,.T.);
#3268=EDGE_CURVE('',#2771,#2772,#1359,.T.);
#3269=EDGE_CURVE('',#2772,#2772,#2508,.T.);
#3270=EDGE_CURVE('',#2773,#2773,#2509,.T.);
#3271=EDGE_CURVE('',#2773,#2774,#1360,.T.);
#3272=EDGE_CURVE('',#2774,#2774,#2510,.T.);
#3273=EDGE_CURVE('',#2775,#2775,#2511,.T.);
#3274=EDGE_CURVE('',#2775,#2776,#1361,.T.);
#3275=EDGE_CURVE('',#2776,#2776,#2512,.T.);
#3276=EDGE_CURVE('',#2777,#2777,#2513,.T.);
#3277=EDGE_CURVE('',#2777,#2778,#1362,.T.);
#3278=EDGE_CURVE('',#2778,#2778,#2514,.T.);
#3279=EDGE_CURVE('',#2779,#2780,#2515,.T.);
#3280=EDGE_CURVE('',#2780,#2781,#1363,.T.);
#3281=EDGE_CURVE('',#2781,#2782,#2516,.T.);
#3282=EDGE_CURVE('',#2779,#2782,#1364,.T.);
#3283=EDGE_CURVE('',#2779,#2783,#1365,.T.);
#3284=EDGE_CURVE('',#2784,#2783,#1366,.T.);
#3285=EDGE_CURVE('',#2785,#2784,#1367,.T.);
#3286=EDGE_CURVE('',#2786,#2785,#2517,.T.);
#3287=EDGE_CURVE('',#2786,#2787,#1368,.T.);
#3288=EDGE_CURVE('',#2788,#2787,#1369,.T.);
#3289=EDGE_CURVE('',#2789,#2788,#1370,.T.);
#3290=EDGE_CURVE('',#2790,#2789,#2518,.T.);
#3291=EDGE_CURVE('',#2790,#2791,#1371,.T.);
#3292=EDGE_CURVE('',#2792,#2791,#1372,.T.);
#3293=EDGE_CURVE('',#2793,#2792,#1373,.T.);
#3294=EDGE_CURVE('',#2794,#2793,#2519,.T.);
#3295=EDGE_CURVE('',#2794,#2795,#1374,.T.);
#3296=EDGE_CURVE('',#2796,#2795,#1375,.T.);
#3297=EDGE_CURVE('',#2780,#2796,#1376,.T.);
#3298=EDGE_CURVE('',#2797,#2797,#2520,.T.);
#3299=EDGE_CURVE('',#2798,#2798,#2521,.T.);
#3300=EDGE_CURVE('',#2799,#2799,#2522,.T.);
#3301=EDGE_CURVE('',#2800,#2800,#2523,.T.);
#3302=EDGE_CURVE('',#2801,#2801,#2524,.T.);
#3303=EDGE_CURVE('',#2802,#2802,#2525,.T.);
#3304=EDGE_CURVE('',#2803,#2803,#2526,.T.);
#3305=EDGE_CURVE('',#2804,#2804,#2527,.T.);
#3306=EDGE_CURVE('',#2805,#2805,#2528,.T.);
#3307=EDGE_CURVE('',#2806,#2806,#2529,.T.);
#3308=EDGE_CURVE('',#2807,#2807,#2530,.T.);
#3309=EDGE_CURVE('',#2808,#2808,#2531,.T.);
#3310=EDGE_CURVE('',#2809,#2809,#2532,.T.);
#3311=EDGE_CURVE('',#2810,#2810,#2533,.T.);
#3312=EDGE_CURVE('',#2811,#2811,#2534,.T.);
#3313=EDGE_CURVE('',#2812,#2812,#2535,.T.);
#3314=EDGE_CURVE('',#2813,#2813,#2536,.T.);
#3315=EDGE_CURVE('',#2814,#2814,#2537,.T.);
#3316=EDGE_CURVE('',#2815,#2815,#2538,.T.);
#3317=EDGE_CURVE('',#2816,#2816,#2539,.T.);
#3318=EDGE_CURVE('',#2785,#2817,#1377,.T.);
#3319=EDGE_CURVE('',#2817,#2818,#2540,.T.);
#3320=EDGE_CURVE('',#2786,#2818,#1378,.T.);
#3321=EDGE_CURVE('',#2789,#2819,#1379,.T.);
#3322=EDGE_CURVE('',#2819,#2820,#2541,.T.);
#3323=EDGE_CURVE('',#2790,#2820,#1380,.T.);
#3324=EDGE_CURVE('',#2793,#2821,#1381,.T.);
#3325=EDGE_CURVE('',#2821,#2822,#2542,.T.);
#3326=EDGE_CURVE('',#2794,#2822,#1382,.T.);
#3327=EDGE_CURVE('',#2823,#2823,#2543,.T.);
#3328=EDGE_CURVE('',#2823,#2816,#1383,.T.);
#3329=EDGE_CURVE('',#2824,#2824,#2544,.T.);
#3330=EDGE_CURVE('',#2824,#2815,#1384,.T.);
#3331=EDGE_CURVE('',#2825,#2825,#2545,.T.);
#3332=EDGE_CURVE('',#2825,#2814,#1385,.T.);
#3333=EDGE_CURVE('',#2826,#2826,#2546,.T.);
#3334=EDGE_CURVE('',#2826,#2813,#1386,.T.);
#3335=EDGE_CURVE('',#2827,#2827,#2547,.T.);
#3336=EDGE_CURVE('',#2827,#2812,#1387,.T.);
#3337=EDGE_CURVE('',#2828,#2828,#2548,.T.);
#3338=EDGE_CURVE('',#2828,#2811,#1388,.T.);
#3339=EDGE_CURVE('',#2829,#2829,#2549,.T.);
#3340=EDGE_CURVE('',#2829,#2810,#1389,.T.);
#3341=EDGE_CURVE('',#2830,#2830,#2550,.T.);
#3342=EDGE_CURVE('',#2830,#2809,#1390,.T.);
#3343=EDGE_CURVE('',#2831,#2831,#2551,.T.);
#3344=EDGE_CURVE('',#2831,#2808,#1391,.T.);
#3345=EDGE_CURVE('',#2832,#2832,#2552,.T.);
#3346=EDGE_CURVE('',#2832,#2807,#1392,.T.);
#3347=EDGE_CURVE('',#2833,#2833,#2553,.T.);
#3348=EDGE_CURVE('',#2833,#2806,#1393,.T.);
#3349=EDGE_CURVE('',#2834,#2834,#2554,.T.);
#3350=EDGE_CURVE('',#2834,#2805,#1394,.T.);
#3351=EDGE_CURVE('',#2835,#2835,#2555,.T.);
#3352=EDGE_CURVE('',#2835,#2804,#1395,.T.);
#3353=EDGE_CURVE('',#2836,#2836,#2556,.T.);
#3354=EDGE_CURVE('',#2836,#2803,#1396,.T.);
#3355=EDGE_CURVE('',#2837,#2837,#2557,.T.);
#3356=EDGE_CURVE('',#2837,#2802,#1397,.T.);
#3357=EDGE_CURVE('',#2838,#2838,#2558,.T.);
#3358=EDGE_CURVE('',#2838,#2801,#1398,.T.);
#3359=EDGE_CURVE('',#2839,#2839,#2559,.T.);
#3360=EDGE_CURVE('',#2839,#2800,#1399,.T.);
#3361=EDGE_CURVE('',#2840,#2840,#2560,.T.);
#3362=EDGE_CURVE('',#2840,#2799,#1400,.T.);
#3363=EDGE_CURVE('',#2841,#2841,#2561,.T.);
#3364=EDGE_CURVE('',#2841,#2798,#1401,.T.);
#3365=EDGE_CURVE('',#2842,#2842,#2562,.T.);
#3366=EDGE_CURVE('',#2842,#2797,#1402,.T.);
#3367=EDGE_CURVE('',#2792,#2843,#1403,.T.);
#3368=EDGE_CURVE('',#2821,#2843,#1404,.T.);
#3369=EDGE_CURVE('',#2844,#2822,#1405,.T.);
#3370=EDGE_CURVE('',#2795,#2844,#1406,.T.);
#3371=EDGE_CURVE('',#2845,#2844,#1407,.T.);
#3372=EDGE_CURVE('',#2796,#2845,#1408,.T.);
#3373=EDGE_CURVE('',#2781,#2845,#1409,.T.);
#3374=EDGE_CURVE('',#2846,#2782,#1410,.T.);
#3375=EDGE_CURVE('',#2783,#2846,#1411,.T.);
#3376=EDGE_CURVE('',#2847,#2846,#1412,.T.);
#3377=EDGE_CURVE('',#2784,#2847,#1413,.T.);
#3378=EDGE_CURVE('',#2817,#2847,#1414,.T.);
#3379=EDGE_CURVE('',#2848,#2818,#1415,.T.);
#3380=EDGE_CURVE('',#2787,#2848,#1416,.T.);
#3381=EDGE_CURVE('',#2849,#2848,#1417,.T.);
#3382=EDGE_CURVE('',#2788,#2849,#1418,.T.);
#3383=EDGE_CURVE('',#2819,#2849,#1419,.T.);
#3384=EDGE_CURVE('',#2850,#2820,#1420,.T.);
#3385=EDGE_CURVE('',#2791,#2850,#1421,.T.);
#3386=EDGE_CURVE('',#2843,#2850,#1422,.T.);
#3387=EDGE_CURVE('',#2851,#2851,#2563,.T.);
#3388=EDGE_CURVE('',#2851,#2852,#1423,.T.);
#3389=EDGE_CURVE('',#2852,#2852,#2564,.T.);
#3390=EDGE_CURVE('',#2853,#2854,#2565,.T.);
#3391=EDGE_CURVE('',#2855,#2853,#1424,.T.);
#3392=EDGE_CURVE('',#2856,#2855,#2566,.T.);
#3393=EDGE_CURVE('',#2856,#2854,#1425,.T.);
#3394=EDGE_CURVE('',#2854,#2857,#1426,.T.);
#3395=EDGE_CURVE('',#2858,#2856,#1427,.T.);
#3396=EDGE_CURVE('',#2858,#2857,#1428,.T.);
#3397=EDGE_CURVE('',#2857,#2859,#2567,.T.);
#3398=EDGE_CURVE('',#2860,#2858,#2568,.T.);
#3399=EDGE_CURVE('',#2860,#2859,#1429,.T.);
#3400=EDGE_CURVE('',#2859,#2853,#1430,.T.);
#3401=EDGE_CURVE('',#2855,#2860,#1431,.T.);
#3402=EDGE_CURVE('',#2861,#2861,#2569,.T.);
#3403=EDGE_CURVE('',#2861,#2862,#1432,.T.);
#3404=EDGE_CURVE('',#2862,#2862,#2570,.T.);
#3405=EDGE_CURVE('',#2863,#2863,#2571,.T.);
#3406=EDGE_CURVE('',#2863,#2864,#1433,.T.);
#3407=EDGE_CURVE('',#2864,#2864,#2572,.T.);
#3408=EDGE_CURVE('',#2865,#2865,#2573,.T.);
#3409=EDGE_CURVE('',#2865,#2866,#1434,.T.);
#3410=EDGE_CURVE('',#2866,#2866,#2574,.T.);
#3411=EDGE_CURVE('',#2867,#2867,#2575,.T.);
#3412=EDGE_CURVE('',#2867,#2868,#1435,.T.);
#3413=EDGE_CURVE('',#2868,#2868,#2576,.T.);
#3414=EDGE_CURVE('',#2869,#2870,#1436,.T.);
#3415=EDGE_CURVE('',#2870,#2871,#1437,.T.);
#3416=EDGE_CURVE('',#2872,#2871,#1438,.T.);
#3417=EDGE_CURVE('',#2872,#2869,#1439,.T.);
#3418=EDGE_CURVE('',#2873,#2874,#1440,.T.);
#3419=EDGE_CURVE('',#2873,#2875,#1441,.T.);
#3420=EDGE_CURVE('',#2876,#2875,#1442,.T.);
#3421=EDGE_CURVE('',#2874,#2876,#1443,.T.);
#3422=EDGE_CURVE('',#2874,#2870,#1444,.T.);
#3423=EDGE_CURVE('',#2871,#2876,#1445,.T.);
#3424=EDGE_CURVE('',#2869,#2877,#1446,.T.);
#3425=EDGE_CURVE('',#2877,#2878,#1447,.T.);
#3426=EDGE_CURVE('',#2878,#2879,#1448,.T.);
#3427=EDGE_CURVE('',#2880,#2879,#1449,.T.);
#3428=EDGE_CURVE('',#2880,#2873,#1450,.T.);
#3429=EDGE_CURVE('',#2875,#2881,#1451,.T.);
#3430=EDGE_CURVE('',#2881,#2882,#1452,.T.);
#3431=EDGE_CURVE('',#2882,#2883,#1453,.T.);
#3432=EDGE_CURVE('',#2883,#2884,#1454,.T.);
#3433=EDGE_CURVE('',#2884,#2872,#1455,.T.);
#3434=EDGE_CURVE('',#2879,#2882,#1456,.T.);
#3435=EDGE_CURVE('',#2881,#2880,#1457,.T.);
#3436=EDGE_CURVE('',#2877,#2884,#1458,.T.);
#3437=EDGE_CURVE('',#2878,#2883,#1459,.T.);
#3438=EDGE_CURVE('',#2885,#2886,#1460,.T.);
#3439=EDGE_CURVE('',#2885,#2877,#2577,.T.);
#3440=EDGE_CURVE('',#2869,#2886,#2578,.T.);
#3441=EDGE_CURVE('',#2886,#2887,#1461,.T.);
#3442=EDGE_CURVE('',#2888,#2887,#1462,.T.);
#3443=EDGE_CURVE('',#2888,#2889,#1463,.T.);
#3444=EDGE_CURVE('',#2886,#2889,#1464,.T.);
#3445=EDGE_CURVE('',#2887,#2890,#1465,.T.);
#3446=EDGE_CURVE('',#2891,#2890,#1466,.T.);
#3447=EDGE_CURVE('',#2891,#2888,#1467,.T.);
#3448=EDGE_CURVE('',#2890,#2885,#1468,.T.);
#3449=EDGE_CURVE('',#2890,#2884,#2579,.T.);
#3450=EDGE_CURVE('',#2887,#2872,#2580,.T.);
#3451=EDGE_CURVE('',#2892,#2885,#1469,.T.);
#3452=EDGE_CURVE('',#2891,#2892,#1470,.T.);
#3453=EDGE_CURVE('',#2889,#2892,#1471,.T.);
#3454=EDGE_CURVE('',#2880,#2893,#2581,.T.);
#3455=EDGE_CURVE('',#2894,#2893,#1472,.T.);
#3456=EDGE_CURVE('',#2894,#2873,#2582,.T.);
#3457=EDGE_CURVE('',#2881,#2895,#2583,.T.);
#3458=EDGE_CURVE('',#2893,#2895,#1473,.T.);
#3459=EDGE_CURVE('',#2896,#2894,#1474,.T.);
#3460=EDGE_CURVE('',#2875,#2896,#2584,.T.);
#3461=EDGE_CURVE('',#2895,#2896,#1475,.T.);
#3462=EDGE_CURVE('',#2897,#2894,#1476,.T.);
#3463=EDGE_CURVE('',#2898,#2897,#1477,.T.);
#3464=EDGE_CURVE('',#2898,#2896,#1478,.T.);
#3465=EDGE_CURVE('',#2893,#2899,#1479,.T.);
#3466=EDGE_CURVE('',#2899,#2897,#1480,.T.);
#3467=EDGE_CURVE('',#2900,#2900,#2585,.T.);
#3468=EDGE_CURVE('',#2901,#2901,#2586,.T.);
#3469=EDGE_CURVE('',#2902,#2902,#2587,.T.);
#3470=EDGE_CURVE('',#2900,#2903,#1481,.T.);
#3471=EDGE_CURVE('',#2903,#2903,#2588,.T.);
#3472=EDGE_CURVE('',#2901,#2904,#1482,.T.);
#3473=EDGE_CURVE('',#2904,#2904,#2589,.T.);
#3474=EDGE_CURVE('',#2902,#2905,#1483,.T.);
#3475=EDGE_CURVE('',#2905,#2905,#2590,.T.);
#3476=EDGE_CURVE('',#2906,#2898,#1484,.T.);
#3477=EDGE_CURVE('',#2906,#2899,#1485,.T.);
#3478=EDGE_CURVE('',#2895,#2906,#1486,.T.);
#3479=EDGE_CURVE('',#2907,#2907,#2591,.T.);
#3480=EDGE_CURVE('',#2907,#2908,#1487,.T.);
#3481=EDGE_CURVE('',#2908,#2908,#2592,.T.);
#3482=EDGE_CURVE('',#2909,#2909,#2593,.T.);
#3483=EDGE_CURVE('',#2909,#2910,#1488,.T.);
#3484=EDGE_CURVE('',#2910,#2910,#2594,.T.);
#3485=EDGE_CURVE('',#2911,#2911,#2595,.T.);
#3486=EDGE_CURVE('',#2911,#2912,#1489,.T.);
#3487=EDGE_CURVE('',#2912,#2912,#2596,.T.);
#3488=EDGE_CURVE('',#2913,#2913,#2597,.T.);
#3489=EDGE_CURVE('',#2913,#2914,#1490,.T.);
#3490=EDGE_CURVE('',#2914,#2914,#2598,.T.);
#3491=EDGE_CURVE('',#2915,#2916,#1491,.T.);
#3492=EDGE_CURVE('',#2916,#2917,#1492,.T.);
#3493=EDGE_CURVE('',#2918,#2917,#1493,.T.);
#3494=EDGE_CURVE('',#2918,#2915,#1494,.T.);
#3495=EDGE_CURVE('',#2919,#2920,#1495,.T.);
#3496=EDGE_CURVE('',#2919,#2921,#1496,.T.);
#3497=EDGE_CURVE('',#2922,#2921,#1497,.T.);
#3498=EDGE_CURVE('',#2920,#2922,#1498,.T.);
#3499=EDGE_CURVE('',#2920,#2916,#1499,.T.);
#3500=EDGE_CURVE('',#2917,#2922,#1500,.T.);
#3501=EDGE_CURVE('',#2915,#2923,#1501,.T.);
#3502=EDGE_CURVE('',#2923,#2924,#1502,.T.);
#3503=EDGE_CURVE('',#2924,#2925,#1503,.T.);
#3504=EDGE_CURVE('',#2926,#2925,#1504,.T.);
#3505=EDGE_CURVE('',#2926,#2919,#1505,.T.);
#3506=EDGE_CURVE('',#2921,#2927,#1506,.T.);
#3507=EDGE_CURVE('',#2927,#2928,#1507,.T.);
#3508=EDGE_CURVE('',#2928,#2929,#1508,.T.);
#3509=EDGE_CURVE('',#2929,#2930,#1509,.T.);
#3510=EDGE_CURVE('',#2930,#2918,#1510,.T.);
#3511=EDGE_CURVE('',#2925,#2928,#1511,.T.);
#3512=EDGE_CURVE('',#2927,#2926,#1512,.T.);
#3513=EDGE_CURVE('',#2923,#2930,#1513,.T.);
#3514=EDGE_CURVE('',#2924,#2929,#1514,.T.);
#3515=EDGE_CURVE('',#2931,#2932,#1515,.T.);
#3516=EDGE_CURVE('',#2931,#2923,#2599,.T.);
#3517=EDGE_CURVE('',#2915,#2932,#2600,.T.);
#3518=EDGE_CURVE('',#2932,#2933,#1516,.T.);
#3519=EDGE_CURVE('',#2934,#2933,#1517,.T.);
#3520=EDGE_CURVE('',#2934,#2935,#1518,.T.);
#3521=EDGE_CURVE('',#2932,#2935,#1519,.T.);
#3522=EDGE_CURVE('',#2933,#2936,#1520,.T.);
#3523=EDGE_CURVE('',#2937,#2936,#1521,.T.);
#3524=EDGE_CURVE('',#2937,#2934,#1522,.T.);
#3525=EDGE_CURVE('',#2936,#2931,#1523,.T.);
#3526=EDGE_CURVE('',#2936,#2930,#2601,.T.);
#3527=EDGE_CURVE('',#2933,#2918,#2602,.T.);
#3528=EDGE_CURVE('',#2938,#2931,#1524,.T.);
#3529=EDGE_CURVE('',#2937,#2938,#1525,.T.);
#3530=EDGE_CURVE('',#2935,#2938,#1526,.T.);
#3531=EDGE_CURVE('',#2926,#2939,#2603,.T.);
#3532=EDGE_CURVE('',#2940,#2939,#1527,.T.);
#3533=EDGE_CURVE('',#2940,#2919,#2604,.T.);
#3534=EDGE_CURVE('',#2927,#2941,#2605,.T.);
#3535=EDGE_CURVE('',#2939,#2941,#1528,.T.);
#3536=EDGE_CURVE('',#2942,#2940,#1529,.T.);
#3537=EDGE_CURVE('',#2921,#2942,#2606,.T.);
#3538=EDGE_CURVE('',#2941,#2942,#1530,.T.);
#3539=EDGE_CURVE('',#2943,#2940,#1531,.T.);
#3540=EDGE_CURVE('',#2944,#2943,#1532,.T.);
#3541=EDGE_CURVE('',#2944,#2942,#1533,.T.);
#3542=EDGE_CURVE('',#2939,#2945,#1534,.T.);
#3543=EDGE_CURVE('',#2945,#2943,#1535,.T.);
#3544=EDGE_CURVE('',#2946,#2946,#2607,.T.);
#3545=EDGE_CURVE('',#2947,#2947,#2608,.T.);
#3546=EDGE_CURVE('',#2948,#2948,#2609,.T.);
#3547=EDGE_CURVE('',#2946,#2949,#1536,.T.);
#3548=EDGE_CURVE('',#2949,#2949,#2610,.T.);
#3549=EDGE_CURVE('',#2947,#2950,#1537,.T.);
#3550=EDGE_CURVE('',#2950,#2950,#2611,.T.);
#3551=EDGE_CURVE('',#2948,#2951,#1538,.T.);
#3552=EDGE_CURVE('',#2951,#2951,#2612,.T.);
#3553=EDGE_CURVE('',#2952,#2944,#1539,.T.);
#3554=EDGE_CURVE('',#2952,#2945,#1540,.T.);
#3555=EDGE_CURVE('',#2941,#2952,#1541,.T.);
#3556=EDGE_CURVE('',#2953,#2954,#2613,.T.);
#3557=EDGE_CURVE('',#2955,#2953,#1542,.T.);
#3558=EDGE_CURVE('',#2956,#2955,#2614,.T.);
#3559=EDGE_CURVE('',#2956,#2954,#1543,.T.);
#3560=EDGE_CURVE('',#2954,#2957,#1544,.T.);
#3561=EDGE_CURVE('',#2958,#2956,#1545,.T.);
#3562=EDGE_CURVE('',#2958,#2957,#1546,.T.);
#3563=EDGE_CURVE('',#2957,#2959,#2615,.T.);
#3564=EDGE_CURVE('',#2960,#2958,#2616,.T.);
#3565=EDGE_CURVE('',#2960,#2959,#1547,.T.);
#3566=EDGE_CURVE('',#2959,#2953,#1548,.T.);
#3567=EDGE_CURVE('',#2955,#2960,#1549,.T.);
#3568=EDGE_CURVE('',#2961,#2961,#2617,.T.);
#3569=EDGE_CURVE('',#2961,#2962,#1550,.T.);
#3570=EDGE_CURVE('',#2962,#2962,#2618,.T.);
#3571=EDGE_CURVE('',#2963,#2963,#2619,.T.);
#3572=EDGE_CURVE('',#2963,#2964,#1551,.T.);
#3573=EDGE_CURVE('',#2964,#2964,#2620,.T.);
#3574=EDGE_CURVE('',#2965,#2965,#2621,.T.);
#3575=EDGE_CURVE('',#2965,#2966,#1552,.T.);
#3576=EDGE_CURVE('',#2966,#2966,#2622,.T.);
#3577=EDGE_CURVE('',#2967,#2967,#2623,.T.);
#3578=EDGE_CURVE('',#2967,#2968,#1553,.T.);
#3579=EDGE_CURVE('',#2968,#2968,#2624,.T.);
#3580=EDGE_CURVE('',#2969,#2969,#2625,.T.);
#3581=EDGE_CURVE('',#2969,#2970,#1554,.T.);
#3582=EDGE_CURVE('',#2970,#2970,#2626,.T.);
#3583=EDGE_CURVE('',#2971,#2972,#1555,.T.);
#3584=EDGE_CURVE('',#2972,#2973,#1556,.T.);
#3585=EDGE_CURVE('',#2974,#2973,#1557,.T.);
#3586=EDGE_CURVE('',#2974,#2971,#1558,.T.);
#3587=EDGE_CURVE('',#2975,#2976,#1559,.T.);
#3588=EDGE_CURVE('',#2975,#2977,#1560,.T.);
#3589=EDGE_CURVE('',#2978,#2977,#1561,.T.);
#3590=EDGE_CURVE('',#2976,#2978,#1562,.T.);
#3591=EDGE_CURVE('',#2976,#2972,#1563,.T.);
#3592=EDGE_CURVE('',#2973,#2978,#1564,.T.);
#3593=EDGE_CURVE('',#2971,#2979,#1565,.T.);
#3594=EDGE_CURVE('',#2979,#2980,#1566,.T.);
#3595=EDGE_CURVE('',#2980,#2981,#1567,.T.);
#3596=EDGE_CURVE('',#2982,#2981,#1568,.T.);
#3597=EDGE_CURVE('',#2982,#2975,#1569,.T.);
#3598=EDGE_CURVE('',#2977,#2983,#1570,.T.);
#3599=EDGE_CURVE('',#2983,#2984,#1571,.T.);
#3600=EDGE_CURVE('',#2984,#2985,#1572,.T.);
#3601=EDGE_CURVE('',#2985,#2986,#1573,.T.);
#3602=EDGE_CURVE('',#2986,#2974,#1574,.T.);
#3603=EDGE_CURVE('',#2981,#2984,#1575,.T.);
#3604=EDGE_CURVE('',#2983,#2982,#1576,.T.);
#3605=EDGE_CURVE('',#2979,#2986,#1577,.T.);
#3606=EDGE_CURVE('',#2980,#2985,#1578,.T.);
#3607=EDGE_CURVE('',#2987,#2988,#1579,.T.);
#3608=EDGE_CURVE('',#2987,#2979,#2627,.T.);
#3609=EDGE_CURVE('',#2971,#2988,#2628,.T.);
#3610=EDGE_CURVE('',#2988,#2989,#1580,.T.);
#3611=EDGE_CURVE('',#2990,#2989,#1581,.T.);
#3612=EDGE_CURVE('',#2990,#2991,#1582,.T.);
#3613=EDGE_CURVE('',#2988,#2991,#1583,.T.);
#3614=EDGE_CURVE('',#2989,#2992,#1584,.T.);
#3615=EDGE_CURVE('',#2993,#2992,#1585,.T.);
#3616=EDGE_CURVE('',#2993,#2990,#1586,.T.);
#3617=EDGE_CURVE('',#2992,#2987,#1587,.T.);
#3618=EDGE_CURVE('',#2992,#2986,#2629,.T.);
#3619=EDGE_CURVE('',#2989,#2974,#2630,.T.);
#3620=EDGE_CURVE('',#2994,#2987,#1588,.T.);
#3621=EDGE_CURVE('',#2993,#2994,#1589,.T.);
#3622=EDGE_CURVE('',#2991,#2994,#1590,.T.);
#3623=EDGE_CURVE('',#2982,#2995,#2631,.T.);
#3624=EDGE_CURVE('',#2996,#2995,#1591,.T.);
#3625=EDGE_CURVE('',#2996,#2975,#2632,.T.);
#3626=EDGE_CURVE('',#2983,#2997,#2633,.T.);
#3627=EDGE_CURVE('',#2995,#2997,#1592,.T.);
#3628=EDGE_CURVE('',#2998,#2996,#1593,.T.);
#3629=EDGE_CURVE('',#2977,#2998,#2634,.T.);
#3630=EDGE_CURVE('',#2997,#2998,#1594,.T.);
#3631=EDGE_CURVE('',#2999,#2996,#1595,.T.);
#3632=EDGE_CURVE('',#3000,#2999,#1596,.T.);
#3633=EDGE_CURVE('',#2998,#3000,#1597,.T.);
#3634=EDGE_CURVE('',#2995,#3001,#1598,.T.);
#3635=EDGE_CURVE('',#3001,#2999,#1599,.T.);
#3636=EDGE_CURVE('',#3002,#3002,#2635,.T.);
#3637=EDGE_CURVE('',#3003,#3003,#2636,.T.);
#3638=EDGE_CURVE('',#3004,#3004,#2637,.T.);
#3639=EDGE_CURVE('',#3002,#3005,#1600,.T.);
#3640=EDGE_CURVE('',#3005,#3005,#2638,.T.);
#3641=EDGE_CURVE('',#3003,#3006,#1601,.T.);
#3642=EDGE_CURVE('',#3006,#3006,#2639,.T.);
#3643=EDGE_CURVE('',#3004,#3007,#1602,.T.);
#3644=EDGE_CURVE('',#3007,#3007,#2640,.T.);
#3645=EDGE_CURVE('',#3008,#2997,#1603,.T.);
#3646=EDGE_CURVE('',#3008,#3001,#1604,.T.);
#3647=EDGE_CURVE('',#3000,#3008,#1605,.T.);
#3648=EDGE_CURVE('',#3009,#3009,#2641,.T.);
#3649=EDGE_CURVE('',#3009,#3010,#1606,.T.);
#3650=EDGE_CURVE('',#3010,#3010,#2642,.T.);
#3651=EDGE_CURVE('',#3011,#3011,#2643,.T.);
#3652=EDGE_CURVE('',#3011,#3012,#1607,.T.);
#3653=EDGE_CURVE('',#3012,#3012,#2644,.T.);
#3654=EDGE_CURVE('',#3013,#3013,#2645,.T.);
#3655=EDGE_CURVE('',#3013,#3014,#1608,.T.);
#3656=EDGE_CURVE('',#3014,#3014,#2646,.T.);
#3657=EDGE_CURVE('',#3015,#3015,#2647,.T.);
#3658=EDGE_CURVE('',#3015,#3016,#1609,.T.);
#3659=EDGE_CURVE('',#3016,#3016,#2648,.T.);
#3660=EDGE_CURVE('',#3017,#3018,#1610,.T.);
#3661=EDGE_CURVE('',#3017,#3019,#2649,.T.);
#3662=EDGE_CURVE('',#3020,#3019,#1611,.T.);
#3663=EDGE_CURVE('',#3020,#3018,#2650,.T.);
#3664=EDGE_CURVE('',#3018,#3021,#1612,.T.);
#3665=EDGE_CURVE('',#3022,#3021,#1613,.T.);
#3666=EDGE_CURVE('',#3022,#3023,#1614,.T.);
#3667=EDGE_CURVE('',#3018,#3023,#1615,.T.);
#3668=EDGE_CURVE('',#3021,#3024,#1616,.T.);
#3669=EDGE_CURVE('',#3025,#3024,#1617,.T.);
#3670=EDGE_CURVE('',#3025,#3022,#1618,.T.);
#3671=EDGE_CURVE('',#3024,#3017,#1619,.T.);
#3672=EDGE_CURVE('',#3024,#3026,#2651,.T.);
#3673=EDGE_CURVE('',#3019,#3026,#1620,.T.);
#3674=EDGE_CURVE('',#3027,#3020,#1621,.T.);
#3675=EDGE_CURVE('',#3021,#3027,#2652,.T.);
#3676=EDGE_CURVE('',#3028,#3017,#1622,.T.);
#3677=EDGE_CURVE('',#3025,#3028,#1623,.T.);
#3678=EDGE_CURVE('',#3023,#3028,#1624,.T.);
#3679=EDGE_CURVE('',#3026,#3027,#1625,.T.);
#3680=EDGE_CURVE('',#3029,#3030,#1626,.T.);
#3681=EDGE_CURVE('',#3029,#3031,#2653,.T.);
#3682=EDGE_CURVE('',#3032,#3031,#1627,.T.);
#3683=EDGE_CURVE('',#3032,#3030,#2654,.T.);
#3684=EDGE_CURVE('',#3030,#3033,#1628,.T.);
#3685=EDGE_CURVE('',#3034,#3033,#1629,.T.);
#3686=EDGE_CURVE('',#3034,#3035,#1630,.T.);
#3687=EDGE_CURVE('',#3030,#3035,#1631,.T.);
#3688=EDGE_CURVE('',#3033,#3036,#1632,.T.);
#3689=EDGE_CURVE('',#3037,#3036,#1633,.T.);
#3690=EDGE_CURVE('',#3037,#3034,#1634,.T.);
#3691=EDGE_CURVE('',#3036,#3029,#1635,.T.);
#3692=EDGE_CURVE('',#3036,#3038,#2655,.T.);
#3693=EDGE_CURVE('',#3031,#3038,#1636,.T.);
#3694=EDGE_CURVE('',#3039,#3032,#1637,.T.);
#3695=EDGE_CURVE('',#3033,#3039,#2656,.T.);
#3696=EDGE_CURVE('',#3040,#3029,#1638,.T.);
#3697=EDGE_CURVE('',#3037,#3040,#1639,.T.);
#3698=EDGE_CURVE('',#3035,#3040,#1640,.T.);
#3699=EDGE_CURVE('',#3038,#3039,#1641,.T.);
#3700=EDGE_CURVE('',#3041,#3020,#2657,.T.);
#3701=EDGE_CURVE('',#3041,#3042,#1642,.T.);
#3702=EDGE_CURVE('',#3027,#3042,#2658,.T.);
#3703=EDGE_CURVE('',#3043,#3041,#1643,.T.);
#3704=EDGE_CURVE('',#3044,#3043,#1644,.T.);
#3705=EDGE_CURVE('',#3042,#3044,#1645,.T.);
#3706=EDGE_CURVE('',#3031,#3020,#1646,.T.);
#3707=EDGE_CURVE('',#3031,#3045,#2659,.T.);
#3708=EDGE_CURVE('',#3041,#3045,#1647,.T.);
#3709=EDGE_CURVE('',#3045,#3046,#1648,.T.);
#3710=EDGE_CURVE('',#3047,#3046,#1649,.T.);
#3711=EDGE_CURVE('',#3048,#3047,#1650,.T.);
#3712=EDGE_CURVE('',#3045,#3048,#1651,.T.);
#3713=EDGE_CURVE('',#3046,#3042,#1652,.T.);
#3714=EDGE_CURVE('',#3046,#3038,#2660,.T.);
#3715=EDGE_CURVE('',#3027,#3038,#1653,.T.);
#3716=EDGE_CURVE('',#3032,#3019,#1654,.T.);
#3717=EDGE_CURVE('',#3039,#3026,#1655,.T.);
#3718=EDGE_CURVE('',#3049,#3043,#1656,.T.);
#3719=EDGE_CURVE('',#3049,#3050,#1657,.T.);
#3720=EDGE_CURVE('',#3044,#3050,#1658,.T.);
#3721=EDGE_CURVE('',#3051,#3048,#1659,.T.);
#3722=EDGE_CURVE('',#3051,#3049,#1660,.T.);
#3723=EDGE_CURVE('',#3052,#3052,#2661,.T.);
#3724=EDGE_CURVE('',#3053,#3053,#2662,.T.);
#3725=EDGE_CURVE('',#3054,#3054,#2663,.T.);
#3726=EDGE_CURVE('',#3054,#3052,#1661,.T.);
#3727=EDGE_CURVE('',#3055,#3055,#2664,.T.);
#3728=EDGE_CURVE('',#3055,#3053,#1662,.T.);
#3729=EDGE_CURVE('',#3051,#3056,#1663,.T.);
#3730=EDGE_CURVE('',#3050,#3056,#1664,.T.);
#3731=EDGE_CURVE('',#3056,#3047,#1665,.T.);
#3732=EDGE_CURVE('',#3057,#3057,#2665,.T.);
#3733=EDGE_CURVE('',#3057,#3058,#1666,.T.);
#3734=EDGE_CURVE('',#3058,#3058,#2666,.T.);
#3735=EDGE_CURVE('',#3059,#3059,#2667,.T.);
#3736=EDGE_CURVE('',#3059,#3060,#1667,.T.);
#3737=EDGE_CURVE('',#3060,#3060,#2668,.T.);
#3738=EDGE_CURVE('',#3061,#3061,#2669,.T.);
#3739=EDGE_CURVE('',#3061,#3062,#1668,.T.);
#3740=EDGE_CURVE('',#3062,#3062,#2670,.T.);
#3741=EDGE_CURVE('',#3063,#3063,#2671,.T.);
#3742=EDGE_CURVE('',#3063,#3064,#1669,.T.);
#3743=EDGE_CURVE('',#3064,#3064,#2672,.T.);
#3744=EDGE_CURVE('',#3065,#3066,#1670,.T.);
#3745=EDGE_CURVE('',#3065,#3067,#2673,.T.);
#3746=EDGE_CURVE('',#3068,#3067,#1671,.T.);
#3747=EDGE_CURVE('',#3068,#3066,#2674,.T.);
#3748=EDGE_CURVE('',#3066,#3069,#1672,.T.);
#3749=EDGE_CURVE('',#3070,#3069,#1673,.T.);
#3750=EDGE_CURVE('',#3070,#3071,#1674,.T.);
#3751=EDGE_CURVE('',#3066,#3071,#1675,.T.);
#3752=EDGE_CURVE('',#3069,#3072,#1676,.T.);
#3753=EDGE_CURVE('',#3073,#3072,#1677,.T.);
#3754=EDGE_CURVE('',#3073,#3070,#1678,.T.);
#3755=EDGE_CURVE('',#3072,#3065,#1679,.T.);
#3756=EDGE_CURVE('',#3072,#3074,#2675,.T.);
#3757=EDGE_CURVE('',#3067,#3074,#1680,.T.);
#3758=EDGE_CURVE('',#3075,#3068,#1681,.T.);
#3759=EDGE_CURVE('',#3069,#3075,#2676,.T.);
#3760=EDGE_CURVE('',#3076,#3065,#1682,.T.);
#3761=EDGE_CURVE('',#3073,#3076,#1683,.T.);
#3762=EDGE_CURVE('',#3071,#3076,#1684,.T.);
#3763=EDGE_CURVE('',#3074,#3075,#1685,.T.);
#3764=EDGE_CURVE('',#3077,#3078,#1686,.T.);
#3765=EDGE_CURVE('',#3077,#3079,#2677,.T.);
#3766=EDGE_CURVE('',#3080,#3079,#1687,.T.);
#3767=EDGE_CURVE('',#3080,#3078,#2678,.T.);
#3768=EDGE_CURVE('',#3078,#3081,#1688,.T.);
#3769=EDGE_CURVE('',#3082,#3081,#1689,.T.);
#3770=EDGE_CURVE('',#3082,#3083,#1690,.T.);
#3771=EDGE_CURVE('',#3078,#3083,#1691,.T.);
#3772=EDGE_CURVE('',#3081,#3084,#1692,.T.);
#3773=EDGE_CURVE('',#3085,#3084,#1693,.T.);
#3774=EDGE_CURVE('',#3085,#3082,#1694,.T.);
#3775=EDGE_CURVE('',#3084,#3077,#1695,.T.);
#3776=EDGE_CURVE('',#3084,#3086,#2679,.T.);
#3777=EDGE_CURVE('',#3079,#3086,#1696,.T.);
#3778=EDGE_CURVE('',#3087,#3080,#1697,.T.);
#3779=EDGE_CURVE('',#3081,#3087,#2680,.T.);
#3780=EDGE_CURVE('',#3088,#3077,#1698,.T.);
#3781=EDGE_CURVE('',#3085,#3088,#1699,.T.);
#3782=EDGE_CURVE('',#3083,#3088,#1700,.T.);
#3783=EDGE_CURVE('',#3086,#3087,#1701,.T.);
#3784=EDGE_CURVE('',#3089,#3080,#2681,.T.);
#3785=EDGE_CURVE('',#3089,#3090,#1702,.T.);
#3786=EDGE_CURVE('',#3087,#3090,#2682,.T.);
#3787=EDGE_CURVE('',#3091,#3092,#1703,.T.);
#3788=EDGE_CURVE('',#3093,#3092,#1704,.T.);
#3789=EDGE_CURVE('',#3094,#3093,#1705,.T.);
#3790=EDGE_CURVE('',#3091,#3094,#1706,.T.);
#3791=EDGE_CURVE('',#3092,#3074,#2683,.T.);
#3792=EDGE_CURVE('',#3087,#3074,#1707,.T.);
#3793=EDGE_CURVE('',#3092,#3090,#1708,.T.);
#3794=EDGE_CURVE('',#3095,#3089,#1709,.T.);
#3795=EDGE_CURVE('',#3096,#3095,#1710,.T.);
#3796=EDGE_CURVE('',#3090,#3096,#1711,.T.);
#3797=EDGE_CURVE('',#3067,#3091,#2684,.T.);
#3798=EDGE_CURVE('',#3089,#3091,#1712,.T.);
#3799=EDGE_CURVE('',#3067,#3080,#1713,.T.);
#3800=EDGE_CURVE('',#3075,#3086,#1714,.T.);
#3801=EDGE_CURVE('',#3079,#3068,#1715,.T.);
#3802=EDGE_CURVE('',#3097,#3095,#1716,.T.);
#3803=EDGE_CURVE('',#3097,#3098,#1717,.T.);
#3804=EDGE_CURVE('',#3096,#3098,#1718,.T.);
#3805=EDGE_CURVE('',#3099,#3094,#1719,.T.);
#3806=EDGE_CURVE('',#3097,#3099,#1720,.T.);
#3807=EDGE_CURVE('',#3100,#3100,#2685,.T.);
#3808=EDGE_CURVE('',#3101,#3101,#2686,.T.);
#3809=EDGE_CURVE('',#3102,#3102,#2687,.T.);
#3810=EDGE_CURVE('',#3102,#3100,#1721,.T.);
#3811=EDGE_CURVE('',#3103,#3103,#2688,.T.);
#3812=EDGE_CURVE('',#3103,#3101,#1722,.T.);
#3813=EDGE_CURVE('',#3104,#3093,#1723,.T.);
#3814=EDGE_CURVE('',#3099,#3104,#1724,.T.);
#3815=EDGE_CURVE('',#3098,#3104,#1725,.T.);
#3816=EDGE_CURVE('',#3105,#3105,#2689,.T.);
#3817=EDGE_CURVE('',#3105,#3106,#1726,.T.);
#3818=EDGE_CURVE('',#3106,#3106,#2690,.T.);
#3819=EDGE_CURVE('',#3107,#3107,#2691,.T.);
#3820=EDGE_CURVE('',#3107,#3108,#1727,.T.);
#3821=EDGE_CURVE('',#3108,#3108,#2692,.T.);
#3822=EDGE_CURVE('',#3109,#3110,#1728,.T.);
#3823=EDGE_CURVE('',#3111,#3109,#1729,.T.);
#3824=EDGE_CURVE('',#3112,#3111,#1730,.T.);
#3825=EDGE_CURVE('',#3112,#3110,#1731,.T.);
#3826=EDGE_CURVE('',#3113,#3114,#1732,.T.);
#3827=EDGE_CURVE('',#3113,#3115,#1733,.T.);
#3828=EDGE_CURVE('',#3116,#3115,#1734,.T.);
#3829=EDGE_CURVE('',#3114,#3116,#1735,.T.);
#3830=EDGE_CURVE('',#3110,#3117,#2693,.T.);
#3831=EDGE_CURVE('',#3118,#3112,#2694,.T.);
#3832=EDGE_CURVE('',#3118,#3117,#1736,.T.);
#3833=EDGE_CURVE('',#3119,#3113,#2695,.T.);
#3834=EDGE_CURVE('',#3119,#3120,#1737,.T.);
#3835=EDGE_CURVE('',#3115,#3120,#2696,.T.);
#3836=EDGE_CURVE('',#3117,#3121,#1738,.T.);
#3837=EDGE_CURVE('',#3122,#3118,#1739,.T.);
#3838=EDGE_CURVE('',#3121,#3122,#1740,.T.);
#3839=EDGE_CURVE('',#3123,#3119,#1741,.T.);
#3840=EDGE_CURVE('',#3124,#3123,#1742,.T.);
#3841=EDGE_CURVE('',#3120,#3124,#1743,.T.);
#3842=EDGE_CURVE('',#3109,#3125,#1744,.T.);
#3843=EDGE_CURVE('',#3125,#3126,#1745,.T.);
#3844=EDGE_CURVE('',#3111,#3126,#1746,.T.);
#3845=EDGE_CURVE('',#3121,#3127,#1747,.T.);
#3846=EDGE_CURVE('',#3127,#3125,#1748,.T.);
#3847=EDGE_CURVE('',#3114,#3128,#1749,.T.);
#3848=EDGE_CURVE('',#3128,#3129,#1750,.T.);
#3849=EDGE_CURVE('',#3123,#3129,#1751,.T.);
#3850=EDGE_CURVE('',#3126,#3130,#1752,.T.);
#3851=EDGE_CURVE('',#3126,#3131,#2697,.T.);
#3852=EDGE_CURVE('',#3132,#3131,#1753,.T.);
#3853=EDGE_CURVE('',#3132,#3130,#2698,.T.);
#3854=EDGE_CURVE('',#3130,#3122,#1754,.T.);
#3855=EDGE_CURVE('',#3130,#3127,#1755,.T.);
#3856=EDGE_CURVE('',#3125,#3133,#2699,.T.);
#3857=EDGE_CURVE('',#3131,#3133,#1756,.T.);
#3858=EDGE_CURVE('',#3134,#3132,#1757,.T.);
#3859=EDGE_CURVE('',#3127,#3134,#2700,.T.);
#3860=EDGE_CURVE('',#3133,#3134,#1758,.T.);
#3861=EDGE_CURVE('',#3135,#3136,#1759,.T.);
#3862=EDGE_CURVE('',#3135,#3137,#2701,.T.);
#3863=EDGE_CURVE('',#3138,#3137,#1760,.T.);
#3864=EDGE_CURVE('',#3138,#3136,#2702,.T.);
#3865=EDGE_CURVE('',#3136,#3116,#1761,.T.);
#3866=EDGE_CURVE('',#3136,#3128,#1762,.T.);
#3867=EDGE_CURVE('',#3129,#3135,#1763,.T.);
#3868=EDGE_CURVE('',#3129,#3139,#2703,.T.);
#3869=EDGE_CURVE('',#3137,#3139,#1764,.T.);
#3870=EDGE_CURVE('',#3140,#3138,#1765,.T.);
#3871=EDGE_CURVE('',#3128,#3140,#2704,.T.);
#3872=EDGE_CURVE('',#3124,#3135,#1766,.T.);
#3873=EDGE_CURVE('',#3139,#3140,#1767,.T.);
#3874=EDGE_CURVE('',#3132,#3137,#1768,.T.);
#3875=EDGE_CURVE('',#3134,#3139,#1769,.T.);
#3876=EDGE_CURVE('',#3138,#3131,#1770,.T.);
#3877=EDGE_CURVE('',#3141,#3141,#2705,.T.);
#3878=EDGE_CURVE('',#3142,#3142,#2706,.T.);
#3879=EDGE_CURVE('',#3143,#3143,#2707,.T.);
#3880=EDGE_CURVE('',#3144,#3144,#2708,.T.);
#3881=EDGE_CURVE('',#3140,#3133,#1771,.T.);
#3882=EDGE_CURVE('',#3145,#3145,#2709,.T.);
#3883=EDGE_CURVE('',#3145,#3144,#1772,.T.);
#3884=EDGE_CURVE('',#3146,#3146,#2710,.T.);
#3885=EDGE_CURVE('',#3146,#3143,#1773,.T.);
#3886=EDGE_CURVE('',#3147,#3147,#2711,.T.);
#3887=EDGE_CURVE('',#3147,#3142,#1774,.T.);
#3888=EDGE_CURVE('',#3148,#3148,#2712,.T.);
#3889=EDGE_CURVE('',#3148,#3141,#1775,.T.);
#3890=EDGE_CURVE('',#3149,#3149,#2713,.T.);
#3891=EDGE_CURVE('',#3149,#3150,#1776,.T.);
#3892=EDGE_CURVE('',#3150,#3150,#2714,.T.);
#3893=EDGE_CURVE('',#3151,#3151,#2715,.T.);
#3894=EDGE_CURVE('',#3151,#3152,#1777,.T.);
#3895=EDGE_CURVE('',#3152,#3152,#2716,.T.);
#3896=EDGE_CURVE('',#3153,#3154,#1778,.T.);
#3897=EDGE_CURVE('',#3155,#3153,#1779,.T.);
#3898=EDGE_CURVE('',#3156,#3155,#1780,.T.);
#3899=EDGE_CURVE('',#3154,#3156,#1781,.T.);
#3900=EDGE_CURVE('',#3157,#3158,#1782,.T.);
#3901=EDGE_CURVE('',#3159,#3157,#1783,.T.);
#3902=EDGE_CURVE('',#3160,#3159,#1784,.T.);
#3903=EDGE_CURVE('',#3158,#3160,#1785,.T.);
#3904=EDGE_CURVE('',#3158,#3161,#1786,.T.);
#3905=EDGE_CURVE('',#3161,#3162,#1787,.T.);
#3906=EDGE_CURVE('',#3162,#3163,#1788,.T.);
#3907=EDGE_CURVE('',#3163,#3157,#1789,.T.);
#3908=EDGE_CURVE('',#3160,#3164,#1790,.T.);
#3909=EDGE_CURVE('',#3164,#3161,#1791,.T.);
#3910=EDGE_CURVE('',#3165,#3156,#1792,.T.);
#3911=EDGE_CURVE('',#3165,#3166,#1793,.T.);
#3912=EDGE_CURVE('',#3167,#3166,#1794,.T.);
#3913=EDGE_CURVE('',#3167,#3168,#1795,.T.);
#3914=EDGE_CURVE('',#3169,#3168,#1796,.T.);
#3915=EDGE_CURVE('',#3156,#3169,#1797,.T.);
#3916=EDGE_CURVE('',#3154,#3170,#1798,.T.);
#3917=EDGE_CURVE('',#3170,#3171,#1799,.T.);
#3918=EDGE_CURVE('',#3171,#3172,#1800,.T.);
#3919=EDGE_CURVE('',#3172,#3153,#1801,.T.);
#3920=EDGE_CURVE('',#3155,#3173,#1802,.T.);
#3921=EDGE_CURVE('',#3173,#3165,#1803,.T.);
#3922=EDGE_CURVE('',#3174,#3175,#1804,.T.);
#3923=EDGE_CURVE('',#3169,#3174,#1805,.T.);
#3924=EDGE_CURVE('',#3176,#3169,#1806,.T.);
#3925=EDGE_CURVE('',#3175,#3176,#1807,.T.);
#3926=EDGE_CURVE('',#3177,#3178,#1808,.T.);
#3927=EDGE_CURVE('',#3179,#3177,#1809,.T.);
#3928=EDGE_CURVE('',#3180,#3179,#1810,.T.);
#3929=EDGE_CURVE('',#3178,#3180,#1811,.T.);
#3930=EDGE_CURVE('',#3181,#3180,#1812,.T.);
#3931=EDGE_CURVE('',#3181,#3182,#1813,.T.);
#3932=EDGE_CURVE('',#3178,#3182,#1814,.T.);
#3933=EDGE_CURVE('',#3179,#3183,#1815,.T.);
#3934=EDGE_CURVE('',#3183,#3184,#1816,.T.);
#3935=EDGE_CURVE('',#3184,#3180,#1817,.T.);
#3936=EDGE_CURVE('',#3175,#3185,#1818,.T.);
#3937=EDGE_CURVE('',#3185,#3186,#1819,.T.);
#3938=EDGE_CURVE('',#3186,#3187,#1820,.T.);
#3939=EDGE_CURVE('',#3187,#3174,#1821,.T.);
#3940=EDGE_CURVE('',#3176,#3188,#1822,.T.);
#3941=EDGE_CURVE('',#3188,#3185,#1823,.T.);
#3942=EDGE_CURVE('',#3189,#3190,#1824,.T.);
#3943=EDGE_CURVE('',#3189,#3191,#2717,.T.);
#3944=EDGE_CURVE('',#3192,#3191,#1825,.T.);
#3945=EDGE_CURVE('',#3192,#3190,#2718,.T.);
#3946=EDGE_CURVE('',#3190,#3177,#1826,.T.);
#3947=EDGE_CURVE('',#3190,#3183,#1827,.T.);
#3948=EDGE_CURVE('',#3193,#3189,#1828,.T.);
#3949=EDGE_CURVE('',#3193,#3194,#2719,.T.);
#3950=EDGE_CURVE('',#3191,#3194,#1829,.T.);
#3951=EDGE_CURVE('',#3195,#3192,#1830,.T.);
#3952=EDGE_CURVE('',#3183,#3195,#2720,.T.);
#3953=EDGE_CURVE('',#3182,#3189,#1831,.T.);
#3954=EDGE_CURVE('',#3181,#3193,#1832,.T.);
#3955=EDGE_CURVE('',#3194,#3195,#1833,.T.);
#3956=EDGE_CURVE('',#3193,#3184,#1834,.T.);
#3957=EDGE_CURVE('',#3171,#3196,#2721,.T.);
#3958=EDGE_CURVE('',#3197,#3196,#1835,.T.);
#3959=EDGE_CURVE('',#3197,#3172,#2722,.T.);
#3960=EDGE_CURVE('',#3172,#3173,#1836,.T.);
#3961=EDGE_CURVE('',#3198,#3171,#1837,.T.);
#3962=EDGE_CURVE('',#3198,#3199,#2723,.T.);
#3963=EDGE_CURVE('',#3196,#3199,#1838,.T.);
#3964=EDGE_CURVE('',#3200,#3197,#1839,.T.);
#3965=EDGE_CURVE('',#3173,#3200,#2724,.T.);
#3966=EDGE_CURVE('',#3201,#3170,#1840,.T.);
#3967=EDGE_CURVE('',#3201,#3198,#1841,.T.);
#3968=EDGE_CURVE('',#3201,#3156,#1842,.T.);
#3969=EDGE_CURVE('',#3199,#3200,#1843,.T.);
#3970=EDGE_CURVE('',#3198,#3165,#1844,.T.);
#3971=EDGE_CURVE('',#3159,#3202,#1845,.T.);
#3972=EDGE_CURVE('',#3202,#3164,#1846,.T.);
#3973=EDGE_CURVE('',#3161,#3203,#2725,.T.);
#3974=EDGE_CURVE('',#3204,#3203,#1847,.T.);
#3975=EDGE_CURVE('',#3204,#3162,#2726,.T.);
#3976=EDGE_CURVE('',#3162,#3205,#1848,.T.);
#3977=EDGE_CURVE('',#3205,#3206,#1849,.T.);
#3978=EDGE_CURVE('',#3206,#3163,#1850,.T.);
#3979=EDGE_CURVE('',#3164,#3207,#2727,.T.);
#3980=EDGE_CURVE('',#3203,#3207,#1851,.T.);
#3981=EDGE_CURVE('',#3208,#3204,#1852,.T.);
#3982=EDGE_CURVE('',#3205,#3208,#2728,.T.);
#3983=EDGE_CURVE('',#3159,#3206,#1853,.T.);
#3984=EDGE_CURVE('',#3202,#3205,#1854,.T.);
#3985=EDGE_CURVE('',#3207,#3208,#1855,.T.);
#3986=EDGE_CURVE('',#3185,#3209,#2729,.T.);
#3987=EDGE_CURVE('',#3210,#3209,#1856,.T.);
#3988=EDGE_CURVE('',#3210,#3186,#2730,.T.);
#3989=EDGE_CURVE('',#3186,#3211,#1857,.T.);
#3990=EDGE_CURVE('',#3211,#3212,#1858,.T.);
#3991=EDGE_CURVE('',#3212,#3187,#1859,.T.);
#3992=EDGE_CURVE('',#3168,#3188,#1860,.T.);
#3993=EDGE_CURVE('',#3188,#3213,#2731,.T.);
#3994=EDGE_CURVE('',#3209,#3213,#1861,.T.);
#3995=EDGE_CURVE('',#3214,#3210,#1862,.T.);
#3996=EDGE_CURVE('',#3211,#3214,#2732,.T.);
#3997=EDGE_CURVE('',#3169,#3212,#1863,.T.);
#3998=EDGE_CURVE('',#3168,#3211,#1864,.T.);
#3999=EDGE_CURVE('',#3213,#3214,#1865,.T.);
#4000=EDGE_CURVE('',#3209,#3192,#1866,.T.);
#4001=EDGE_CURVE('',#3195,#3213,#1867,.T.);
#4002=EDGE_CURVE('',#3215,#3210,#1868,.T.);
#4003=EDGE_CURVE('',#3215,#3216,#1869,.T.);
#4004=EDGE_CURVE('',#3216,#3214,#1870,.T.);
#4005=EDGE_CURVE('',#3191,#3217,#1871,.T.);
#4006=EDGE_CURVE('',#3217,#3215,#1872,.T.);
#4007=EDGE_CURVE('',#3203,#3197,#1873,.T.);
#4008=EDGE_CURVE('',#3200,#3207,#1874,.T.);
#4009=EDGE_CURVE('',#3196,#3218,#1875,.T.);
#4010=EDGE_CURVE('',#3218,#3219,#1876,.T.);
#4011=EDGE_CURVE('',#3219,#3204,#1877,.T.);
#4012=EDGE_CURVE('',#3220,#3208,#1878,.T.);
#4013=EDGE_CURVE('',#3220,#3221,#1879,.T.);
#4014=EDGE_CURVE('',#3221,#3199,#1880,.T.);
#4015=EDGE_CURVE('',#3180,#3159,#1881,.T.);
#4016=EDGE_CURVE('',#3206,#3181,#1882,.T.);
#4017=EDGE_CURVE('',#3222,#3222,#2733,.T.);
#4018=EDGE_CURVE('',#3223,#3224,#2734,.T.);
#4019=EDGE_CURVE('',#3223,#3225,#1883,.T.);
#4020=EDGE_CURVE('',#3211,#3225,#2735,.T.);
#4021=EDGE_CURVE('',#3224,#3167,#1884,.T.);
#4022=EDGE_CURVE('',#3212,#3201,#1885,.T.);
#4023=EDGE_CURVE('',#3226,#3226,#2736,.T.);
#4024=EDGE_CURVE('',#3216,#3227,#1886,.T.);
#4025=EDGE_CURVE('',#3227,#3194,#1887,.T.);
#4026=EDGE_CURVE('',#3217,#3228,#2737,.T.);
#4027=EDGE_CURVE('',#3225,#3228,#1888,.T.);
#4028=EDGE_CURVE('',#3225,#3215,#2738,.T.);
#4029=EDGE_CURVE('',#3227,#3217,#1889,.T.);
#4030=EDGE_CURVE('',#3227,#3229,#2739,.T.);
#4031=EDGE_CURVE('',#3228,#3229,#1890,.T.);
#4032=EDGE_CURVE('',#3216,#3223,#2740,.T.);
#4033=EDGE_CURVE('',#3229,#3223,#1891,.T.);
#4034=EDGE_CURVE('',#3218,#3230,#2741,.T.);
#4035=EDGE_CURVE('',#3231,#3230,#1892,.T.);
#4036=EDGE_CURVE('',#3231,#3219,#2742,.T.);
#4037=EDGE_CURVE('',#3221,#3218,#1893,.T.);
#4038=EDGE_CURVE('',#3221,#3232,#2743,.T.);
#4039=EDGE_CURVE('',#3230,#3232,#1894,.T.);
#4040=EDGE_CURVE('',#3219,#3220,#1895,.T.);
#4041=EDGE_CURVE('',#3233,#3231,#1896,.T.);
#4042=EDGE_CURVE('',#3220,#3233,#2744,.T.);
#4043=EDGE_CURVE('',#3232,#3233,#1897,.T.);
#4044=EDGE_CURVE('',#3233,#3234,#2745,.T.);
#4045=EDGE_CURVE('',#3205,#3231,#2746,.T.);
#4046=EDGE_CURVE('',#3235,#3202,#1898,.T.);
#4047=EDGE_CURVE('',#3234,#3235,#1899,.T.);
#4048=EDGE_CURVE('',#3230,#3225,#1900,.T.);
#4049=EDGE_CURVE('',#3230,#3198,#2747,.T.);
#4050=EDGE_CURVE('',#3236,#3229,#2748,.T.);
#4051=EDGE_CURVE('',#3233,#3229,#1901,.T.);
#4052=EDGE_CURVE('',#3236,#3234,#1902,.T.);
#4053=EDGE_CURVE('',#3228,#3193,#2749,.T.);
#4054=EDGE_CURVE('',#3228,#3231,#1903,.T.);
#4055=EDGE_CURVE('',#3237,#3224,#1904,.T.);
#4056=EDGE_CURVE('',#3237,#3232,#2750,.T.);
#4057=EDGE_CURVE('',#3223,#3232,#1905,.T.);
#4058=EDGE_CURVE('',#3238,#3236,#1906,.T.);
#4059=EDGE_CURVE('',#3184,#3238,#1907,.T.);
#4060=EDGE_CURVE('',#3166,#3237,#1908,.T.);
#4061=EDGE_CURVE('',#3239,#3239,#2751,.T.);
#4062=EDGE_CURVE('',#3239,#3222,#1909,.T.);
#4063=EDGE_CURVE('',#3235,#3238,#1910,.T.);
#4064=EDGE_CURVE('',#3240,#3240,#2752,.T.);
#4065=EDGE_CURVE('',#3240,#3226,#1911,.T.);
#4066=EDGE_CURVE('',#3241,#3242,#2753,.T.);
#4067=EDGE_CURVE('',#3242,#3243,#1912,.T.);
#4068=EDGE_CURVE('',#3243,#3244,#2754,.T.);
#4069=EDGE_CURVE('',#3244,#3241,#1913,.T.);
#4070=EDGE_CURVE('',#3244,#3245,#1914,.T.);
#4071=EDGE_CURVE('',#3246,#3245,#1915,.T.);
#4072=EDGE_CURVE('',#3241,#3246,#1916,.T.);
#4073=EDGE_CURVE('',#3247,#3243,#1917,.T.);
#4074=EDGE_CURVE('',#3248,#3247,#2755,.T.);
#4075=EDGE_CURVE('',#3249,#3248,#1918,.T.);
#4076=EDGE_CURVE('',#3250,#3249,#2756,.T.);
#4077=EDGE_CURVE('',#3251,#3250,#1919,.T.);
#4078=EDGE_CURVE('',#3245,#3251,#2757,.T.);
#4079=EDGE_CURVE('',#3252,#3252,#2758,.T.);
#4080=EDGE_CURVE('',#3253,#3253,#2759,.T.);
#4081=EDGE_CURVE('',#3254,#3254,#2760,.T.);
#4082=EDGE_CURVE('',#3255,#3255,#2761,.T.);
#4083=EDGE_CURVE('',#3256,#3257,#2762,.T.);
#4084=EDGE_CURVE('',#3257,#3248,#1920,.T.);
#4085=EDGE_CURVE('',#3247,#3256,#1921,.T.);
#4086=EDGE_CURVE('',#3258,#3257,#1922,.T.);
#4087=EDGE_CURVE('',#3249,#3258,#1923,.T.);
#4088=EDGE_CURVE('',#3258,#3259,#2763,.T.);
#4089=EDGE_CURVE('',#3259,#3250,#1924,.T.);
#4090=EDGE_CURVE('',#3260,#3246,#2764,.T.);
#4091=EDGE_CURVE('',#3251,#3260,#1925,.T.);
#4092=EDGE_CURVE('',#3261,#3261,#2765,.T.);
#4093=EDGE_CURVE('',#3261,#3255,#1926,.T.);
#4094=EDGE_CURVE('',#3262,#3262,#2766,.T.);
#4095=EDGE_CURVE('',#3262,#3254,#1927,.T.);
#4096=EDGE_CURVE('',#3263,#3263,#2767,.T.);
#4097=EDGE_CURVE('',#3263,#3253,#1928,.T.);
#4098=EDGE_CURVE('',#3264,#3264,#2768,.T.);
#4099=EDGE_CURVE('',#3264,#3252,#1929,.T.);
#4100=EDGE_CURVE('',#3260,#3259,#1930,.T.);
#4101=EDGE_CURVE('',#3256,#3242,#1931,.T.);
#4102=EDGE_CURVE('',#3265,#3265,#2769,.T.);
#4103=EDGE_CURVE('',#3265,#3266,#1932,.T.);
#4104=EDGE_CURVE('',#3266,#3266,#2770,.T.);
#4105=ORIENTED_EDGE('',*,*,#3267,.F.);
#4106=ORIENTED_EDGE('',*,*,#3268,.T.);
#4107=ORIENTED_EDGE('',*,*,#3269,.F.);
#4108=ORIENTED_EDGE('',*,*,#3268,.F.);
#4109=ORIENTED_EDGE('',*,*,#3270,.F.);
#4110=ORIENTED_EDGE('',*,*,#3271,.T.);
#4111=ORIENTED_EDGE('',*,*,#3272,.F.);
#4112=ORIENTED_EDGE('',*,*,#3271,.F.);
#4113=ORIENTED_EDGE('',*,*,#3273,.F.);
#4114=ORIENTED_EDGE('',*,*,#3274,.T.);
#4115=ORIENTED_EDGE('',*,*,#3275,.F.);
#4116=ORIENTED_EDGE('',*,*,#3274,.F.);
#4117=ORIENTED_EDGE('',*,*,#3276,.F.);
#4118=ORIENTED_EDGE('',*,*,#3277,.T.);
#4119=ORIENTED_EDGE('',*,*,#3278,.F.);
#4120=ORIENTED_EDGE('',*,*,#3277,.F.);
#4121=ORIENTED_EDGE('',*,*,#3279,.T.);
#4122=ORIENTED_EDGE('',*,*,#3280,.T.);
#4123=ORIENTED_EDGE('',*,*,#3281,.T.);
#4124=ORIENTED_EDGE('',*,*,#3282,.F.);
#4125=ORIENTED_EDGE('',*,*,#3279,.F.);
#4126=ORIENTED_EDGE('',*,*,#3283,.T.);
#4127=ORIENTED_EDGE('',*,*,#3284,.F.);
#4128=ORIENTED_EDGE('',*,*,#3285,.F.);
#4129=ORIENTED_EDGE('',*,*,#3286,.F.);
#4130=ORIENTED_EDGE('',*,*,#3287,.T.);
#4131=ORIENTED_EDGE('',*,*,#3288,.F.);
#4132=ORIENTED_EDGE('',*,*,#3289,.F.);
#4133=ORIENTED_EDGE('',*,*,#3290,.F.);
#4134=ORIENTED_EDGE('',*,*,#3291,.T.);
#4135=ORIENTED_EDGE('',*,*,#3292,.F.);
#4136=ORIENTED_EDGE('',*,*,#3293,.F.);
#4137=ORIENTED_EDGE('',*,*,#3294,.F.);
#4138=ORIENTED_EDGE('',*,*,#3295,.T.);
#4139=ORIENTED_EDGE('',*,*,#3296,.F.);
#4140=ORIENTED_EDGE('',*,*,#3297,.F.);
#4141=ORIENTED_EDGE('',*,*,#3267,.T.);
#4142=ORIENTED_EDGE('',*,*,#3270,.T.);
#4143=ORIENTED_EDGE('',*,*,#3273,.T.);
#4144=ORIENTED_EDGE('',*,*,#3276,.T.);
#4145=ORIENTED_EDGE('',*,*,#3298,.F.);
#4146=ORIENTED_EDGE('',*,*,#3299,.F.);
#4147=ORIENTED_EDGE('',*,*,#3300,.F.);
#4148=ORIENTED_EDGE('',*,*,#3301,.F.);
#4149=ORIENTED_EDGE('',*,*,#3302,.F.);
#4150=ORIENTED_EDGE('',*,*,#3303,.F.);
#4151=ORIENTED_EDGE('',*,*,#3304,.F.);
#4152=ORIENTED_EDGE('',*,*,#3305,.F.);
#4153=ORIENTED_EDGE('',*,*,#3306,.F.);
#4154=ORIENTED_EDGE('',*,*,#3307,.F.);
#4155=ORIENTED_EDGE('',*,*,#3308,.F.);
#4156=ORIENTED_EDGE('',*,*,#3309,.F.);
#4157=ORIENTED_EDGE('',*,*,#3310,.F.);
#4158=ORIENTED_EDGE('',*,*,#3311,.F.);
#4159=ORIENTED_EDGE('',*,*,#3312,.F.);
#4160=ORIENTED_EDGE('',*,*,#3313,.F.);
#4161=ORIENTED_EDGE('',*,*,#3314,.F.);
#4162=ORIENTED_EDGE('',*,*,#3315,.F.);
#4163=ORIENTED_EDGE('',*,*,#3316,.F.);
#4164=ORIENTED_EDGE('',*,*,#3317,.F.);
#4165=ORIENTED_EDGE('',*,*,#3286,.T.);
#4166=ORIENTED_EDGE('',*,*,#3318,.T.);
#4167=ORIENTED_EDGE('',*,*,#3319,.T.);
#4168=ORIENTED_EDGE('',*,*,#3320,.F.);
#4169=ORIENTED_EDGE('',*,*,#3290,.T.);
#4170=ORIENTED_EDGE('',*,*,#3321,.T.);
#4171=ORIENTED_EDGE('',*,*,#3322,.T.);
#4172=ORIENTED_EDGE('',*,*,#3323,.F.);
#4173=ORIENTED_EDGE('',*,*,#3294,.T.);
#4174=ORIENTED_EDGE('',*,*,#3324,.T.);
#4175=ORIENTED_EDGE('',*,*,#3325,.T.);
#4176=ORIENTED_EDGE('',*,*,#3326,.F.);
#4177=ORIENTED_EDGE('',*,*,#3327,.F.);
#4178=ORIENTED_EDGE('',*,*,#3328,.T.);
#4179=ORIENTED_EDGE('',*,*,#3317,.T.);
#4180=ORIENTED_EDGE('',*,*,#3328,.F.);
#4181=ORIENTED_EDGE('',*,*,#3329,.F.);
#4182=ORIENTED_EDGE('',*,*,#3330,.T.);
#4183=ORIENTED_EDGE('',*,*,#3316,.T.);
#4184=ORIENTED_EDGE('',*,*,#3330,.F.);
#4185=ORIENTED_EDGE('',*,*,#3331,.F.);
#4186=ORIENTED_EDGE('',*,*,#3332,.T.);
#4187=ORIENTED_EDGE('',*,*,#3315,.T.);
#4188=ORIENTED_EDGE('',*,*,#3332,.F.);
#4189=ORIENTED_EDGE('',*,*,#3333,.F.);
#4190=ORIENTED_EDGE('',*,*,#3334,.T.);
#4191=ORIENTED_EDGE('',*,*,#3314,.T.);
#4192=ORIENTED_EDGE('',*,*,#3334,.F.);
#4193=ORIENTED_EDGE('',*,*,#3335,.F.);
#4194=ORIENTED_EDGE('',*,*,#3336,.T.);
#4195=ORIENTED_EDGE('',*,*,#3313,.T.);
#4196=ORIENTED_EDGE('',*,*,#3336,.F.);
#4197=ORIENTED_EDGE('',*,*,#3337,.F.);
#4198=ORIENTED_EDGE('',*,*,#3338,.T.);
#4199=ORIENTED_EDGE('',*,*,#3312,.T.);
#4200=ORIENTED_EDGE('',*,*,#3338,.F.);
#4201=ORIENTED_EDGE('',*,*,#3339,.F.);
#4202=ORIENTED_EDGE('',*,*,#3340,.T.);
#4203=ORIENTED_EDGE('',*,*,#3311,.T.);
#4204=ORIENTED_EDGE('',*,*,#3340,.F.);
#4205=ORIENTED_EDGE('',*,*,#3341,.F.);
#4206=ORIENTED_EDGE('',*,*,#3342,.T.);
#4207=ORIENTED_EDGE('',*,*,#3310,.T.);
#4208=ORIENTED_EDGE('',*,*,#3342,.F.);
#4209=ORIENTED_EDGE('',*,*,#3343,.F.);
#4210=ORIENTED_EDGE('',*,*,#3344,.T.);
#4211=ORIENTED_EDGE('',*,*,#3309,.T.);
#4212=ORIENTED_EDGE('',*,*,#3344,.F.);
#4213=ORIENTED_EDGE('',*,*,#3345,.F.);
#4214=ORIENTED_EDGE('',*,*,#3346,.T.);
#4215=ORIENTED_EDGE('',*,*,#3308,.T.);
#4216=ORIENTED_EDGE('',*,*,#3346,.F.);
#4217=ORIENTED_EDGE('',*,*,#3347,.F.);
#4218=ORIENTED_EDGE('',*,*,#3348,.T.);
#4219=ORIENTED_EDGE('',*,*,#3307,.T.);
#4220=ORIENTED_EDGE('',*,*,#3348,.F.);
#4221=ORIENTED_EDGE('',*,*,#3349,.F.);
#4222=ORIENTED_EDGE('',*,*,#3350,.T.);
#4223=ORIENTED_EDGE('',*,*,#3306,.T.);
#4224=ORIENTED_EDGE('',*,*,#3350,.F.);
#4225=ORIENTED_EDGE('',*,*,#3351,.F.);
#4226=ORIENTED_EDGE('',*,*,#3352,.T.);
#4227=ORIENTED_EDGE('',*,*,#3305,.T.);
#4228=ORIENTED_EDGE('',*,*,#3352,.F.);
#4229=ORIENTED_EDGE('',*,*,#3353,.F.);
#4230=ORIENTED_EDGE('',*,*,#3354,.T.);
#4231=ORIENTED_EDGE('',*,*,#3304,.T.);
#4232=ORIENTED_EDGE('',*,*,#3354,.F.);
#4233=ORIENTED_EDGE('',*,*,#3355,.F.);
#4234=ORIENTED_EDGE('',*,*,#3356,.T.);
#4235=ORIENTED_EDGE('',*,*,#3303,.T.);
#4236=ORIENTED_EDGE('',*,*,#3356,.F.);
#4237=ORIENTED_EDGE('',*,*,#3357,.F.);
#4238=ORIENTED_EDGE('',*,*,#3358,.T.);
#4239=ORIENTED_EDGE('',*,*,#3302,.T.);
#4240=ORIENTED_EDGE('',*,*,#3358,.F.);
#4241=ORIENTED_EDGE('',*,*,#3359,.F.);
#4242=ORIENTED_EDGE('',*,*,#3360,.T.);
#4243=ORIENTED_EDGE('',*,*,#3301,.T.);
#4244=ORIENTED_EDGE('',*,*,#3360,.F.);
#4245=ORIENTED_EDGE('',*,*,#3361,.F.);
#4246=ORIENTED_EDGE('',*,*,#3362,.T.);
#4247=ORIENTED_EDGE('',*,*,#3300,.T.);
#4248=ORIENTED_EDGE('',*,*,#3362,.F.);
#4249=ORIENTED_EDGE('',*,*,#3363,.F.);
#4250=ORIENTED_EDGE('',*,*,#3364,.T.);
#4251=ORIENTED_EDGE('',*,*,#3299,.T.);
#4252=ORIENTED_EDGE('',*,*,#3364,.F.);
#4253=ORIENTED_EDGE('',*,*,#3365,.F.);
#4254=ORIENTED_EDGE('',*,*,#3366,.T.);
#4255=ORIENTED_EDGE('',*,*,#3298,.T.);
#4256=ORIENTED_EDGE('',*,*,#3366,.F.);
#4257=ORIENTED_EDGE('',*,*,#3293,.T.);
#4258=ORIENTED_EDGE('',*,*,#3367,.T.);
#4259=ORIENTED_EDGE('',*,*,#3368,.F.);
#4260=ORIENTED_EDGE('',*,*,#3324,.F.);
#4261=ORIENTED_EDGE('',*,*,#3295,.F.);
#4262=ORIENTED_EDGE('',*,*,#3326,.T.);
#4263=ORIENTED_EDGE('',*,*,#3369,.F.);
#4264=ORIENTED_EDGE('',*,*,#3370,.F.);
#4265=ORIENTED_EDGE('',*,*,#3296,.T.);
#4266=ORIENTED_EDGE('',*,*,#3370,.T.);
#4267=ORIENTED_EDGE('',*,*,#3371,.F.);
#4268=ORIENTED_EDGE('',*,*,#3372,.F.);
#4269=ORIENTED_EDGE('',*,*,#3297,.T.);
#4270=ORIENTED_EDGE('',*,*,#3372,.T.);
#4271=ORIENTED_EDGE('',*,*,#3373,.F.);
#4272=ORIENTED_EDGE('',*,*,#3280,.F.);
#4273=ORIENTED_EDGE('',*,*,#3283,.F.);
#4274=ORIENTED_EDGE('',*,*,#3282,.T.);
#4275=ORIENTED_EDGE('',*,*,#3374,.F.);
#4276=ORIENTED_EDGE('',*,*,#3375,.F.);
#4277=ORIENTED_EDGE('',*,*,#3284,.T.);
#4278=ORIENTED_EDGE('',*,*,#3375,.T.);
#4279=ORIENTED_EDGE('',*,*,#3376,.F.);
#4280=ORIENTED_EDGE('',*,*,#3377,.F.);
#4281=ORIENTED_EDGE('',*,*,#3285,.T.);
#4282=ORIENTED_EDGE('',*,*,#3377,.T.);
#4283=ORIENTED_EDGE('',*,*,#3378,.F.);
#4284=ORIENTED_EDGE('',*,*,#3318,.F.);
#4285=ORIENTED_EDGE('',*,*,#3287,.F.);
#4286=ORIENTED_EDGE('',*,*,#3320,.T.);
#4287=ORIENTED_EDGE('',*,*,#3379,.F.);
#4288=ORIENTED_EDGE('',*,*,#3380,.F.);
#4289=ORIENTED_EDGE('',*,*,#3288,.T.);
#4290=ORIENTED_EDGE('',*,*,#3380,.T.);
#4291=ORIENTED_EDGE('',*,*,#3381,.F.);
#4292=ORIENTED_EDGE('',*,*,#3382,.F.);
#4293=ORIENTED_EDGE('',*,*,#3289,.T.);
#4294=ORIENTED_EDGE('',*,*,#3382,.T.);
#4295=ORIENTED_EDGE('',*,*,#3383,.F.);
#4296=ORIENTED_EDGE('',*,*,#3321,.F.);
#4297=ORIENTED_EDGE('',*,*,#3291,.F.);
#4298=ORIENTED_EDGE('',*,*,#3323,.T.);
#4299=ORIENTED_EDGE('',*,*,#3384,.F.);
#4300=ORIENTED_EDGE('',*,*,#3385,.F.);
#4301=ORIENTED_EDGE('',*,*,#3292,.T.);
#4302=ORIENTED_EDGE('',*,*,#3385,.T.);
#4303=ORIENTED_EDGE('',*,*,#3386,.F.);
#4304=ORIENTED_EDGE('',*,*,#3367,.F.);
#4305=ORIENTED_EDGE('',*,*,#3281,.F.);
#4306=ORIENTED_EDGE('',*,*,#3373,.T.);
#4307=ORIENTED_EDGE('',*,*,#3371,.T.);
#4308=ORIENTED_EDGE('',*,*,#3369,.T.);
#4309=ORIENTED_EDGE('',*,*,#3325,.F.);
#4310=ORIENTED_EDGE('',*,*,#3368,.T.);
#4311=ORIENTED_EDGE('',*,*,#3386,.T.);
#4312=ORIENTED_EDGE('',*,*,#3384,.T.);
#4313=ORIENTED_EDGE('',*,*,#3322,.F.);
#4314=ORIENTED_EDGE('',*,*,#3383,.T.);
#4315=ORIENTED_EDGE('',*,*,#3381,.T.);
#4316=ORIENTED_EDGE('',*,*,#3379,.T.);
#4317=ORIENTED_EDGE('',*,*,#3319,.F.);
#4318=ORIENTED_EDGE('',*,*,#3378,.T.);
#4319=ORIENTED_EDGE('',*,*,#3376,.T.);
#4320=ORIENTED_EDGE('',*,*,#3374,.T.);
#4321=ORIENTED_EDGE('',*,*,#3269,.T.);
#4322=ORIENTED_EDGE('',*,*,#3272,.T.);
#4323=ORIENTED_EDGE('',*,*,#3275,.T.);
#4324=ORIENTED_EDGE('',*,*,#3278,.T.);
#4325=ORIENTED_EDGE('',*,*,#3365,.T.);
#4326=ORIENTED_EDGE('',*,*,#3363,.T.);
#4327=ORIENTED_EDGE('',*,*,#3361,.T.);
#4328=ORIENTED_EDGE('',*,*,#3359,.T.);
#4329=ORIENTED_EDGE('',*,*,#3357,.T.);
#4330=ORIENTED_EDGE('',*,*,#3355,.T.);
#4331=ORIENTED_EDGE('',*,*,#3353,.T.);
#4332=ORIENTED_EDGE('',*,*,#3351,.T.);
#4333=ORIENTED_EDGE('',*,*,#3349,.T.);
#4334=ORIENTED_EDGE('',*,*,#3347,.T.);
#4335=ORIENTED_EDGE('',*,*,#3345,.T.);
#4336=ORIENTED_EDGE('',*,*,#3343,.T.);
#4337=ORIENTED_EDGE('',*,*,#3341,.T.);
#4338=ORIENTED_EDGE('',*,*,#3339,.T.);
#4339=ORIENTED_EDGE('',*,*,#3337,.T.);
#4340=ORIENTED_EDGE('',*,*,#3335,.T.);
#4341=ORIENTED_EDGE('',*,*,#3333,.T.);
#4342=ORIENTED_EDGE('',*,*,#3331,.T.);
#4343=ORIENTED_EDGE('',*,*,#3329,.T.);
#4344=ORIENTED_EDGE('',*,*,#3327,.T.);
#4345=ORIENTED_EDGE('',*,*,#3387,.F.);
#4346=ORIENTED_EDGE('',*,*,#3388,.T.);
#4347=ORIENTED_EDGE('',*,*,#3389,.F.);
#4348=ORIENTED_EDGE('',*,*,#3388,.F.);
#4349=ORIENTED_EDGE('',*,*,#3390,.F.);
#4350=ORIENTED_EDGE('',*,*,#3391,.F.);
#4351=ORIENTED_EDGE('',*,*,#3392,.F.);
#4352=ORIENTED_EDGE('',*,*,#3393,.T.);
#4353=ORIENTED_EDGE('',*,*,#3394,.F.);
#4354=ORIENTED_EDGE('',*,*,#3393,.F.);
#4355=ORIENTED_EDGE('',*,*,#3395,.F.);
#4356=ORIENTED_EDGE('',*,*,#3396,.T.);
#4357=ORIENTED_EDGE('',*,*,#3397,.F.);
#4358=ORIENTED_EDGE('',*,*,#3396,.F.);
#4359=ORIENTED_EDGE('',*,*,#3398,.F.);
#4360=ORIENTED_EDGE('',*,*,#3399,.T.);
#4361=ORIENTED_EDGE('',*,*,#3400,.F.);
#4362=ORIENTED_EDGE('',*,*,#3399,.F.);
#4363=ORIENTED_EDGE('',*,*,#3401,.F.);
#4364=ORIENTED_EDGE('',*,*,#3391,.T.);
#4365=ORIENTED_EDGE('',*,*,#3402,.F.);
#4366=ORIENTED_EDGE('',*,*,#3403,.T.);
#4367=ORIENTED_EDGE('',*,*,#3404,.F.);
#4368=ORIENTED_EDGE('',*,*,#3403,.F.);
#4369=ORIENTED_EDGE('',*,*,#3405,.F.);
#4370=ORIENTED_EDGE('',*,*,#3406,.T.);
#4371=ORIENTED_EDGE('',*,*,#3407,.F.);
#4372=ORIENTED_EDGE('',*,*,#3406,.F.);
#4373=ORIENTED_EDGE('',*,*,#3408,.F.);
#4374=ORIENTED_EDGE('',*,*,#3409,.T.);
#4375=ORIENTED_EDGE('',*,*,#3410,.F.);
#4376=ORIENTED_EDGE('',*,*,#3409,.F.);
#4377=ORIENTED_EDGE('',*,*,#3411,.F.);
#4378=ORIENTED_EDGE('',*,*,#3412,.T.);
#4379=ORIENTED_EDGE('',*,*,#3413,.F.);
#4380=ORIENTED_EDGE('',*,*,#3412,.F.);
#4381=ORIENTED_EDGE('',*,*,#3414,.T.);
#4382=ORIENTED_EDGE('',*,*,#3415,.T.);
#4383=ORIENTED_EDGE('',*,*,#3416,.F.);
#4384=ORIENTED_EDGE('',*,*,#3417,.T.);
#4385=ORIENTED_EDGE('',*,*,#3418,.F.);
#4386=ORIENTED_EDGE('',*,*,#3419,.T.);
#4387=ORIENTED_EDGE('',*,*,#3420,.F.);
#4388=ORIENTED_EDGE('',*,*,#3421,.F.);
#4389=ORIENTED_EDGE('',*,*,#3422,.F.);
#4390=ORIENTED_EDGE('',*,*,#3421,.T.);
#4391=ORIENTED_EDGE('',*,*,#3423,.F.);
#4392=ORIENTED_EDGE('',*,*,#3415,.F.);
#4393=ORIENTED_EDGE('',*,*,#3422,.T.);
#4394=ORIENTED_EDGE('',*,*,#3414,.F.);
#4395=ORIENTED_EDGE('',*,*,#3424,.T.);
#4396=ORIENTED_EDGE('',*,*,#3425,.T.);
#4397=ORIENTED_EDGE('',*,*,#3426,.T.);
#4398=ORIENTED_EDGE('',*,*,#3427,.F.);
#4399=ORIENTED_EDGE('',*,*,#3428,.T.);
#4400=ORIENTED_EDGE('',*,*,#3418,.T.);
#4401=ORIENTED_EDGE('',*,*,#3387,.T.);
#4402=ORIENTED_EDGE('',*,*,#3392,.T.);
#4403=ORIENTED_EDGE('',*,*,#3401,.T.);
#4404=ORIENTED_EDGE('',*,*,#3398,.T.);
#4405=ORIENTED_EDGE('',*,*,#3395,.T.);
#4406=ORIENTED_EDGE('',*,*,#3402,.T.);
#4407=ORIENTED_EDGE('',*,*,#3405,.T.);
#4408=ORIENTED_EDGE('',*,*,#3408,.T.);
#4409=ORIENTED_EDGE('',*,*,#3411,.T.);
#4410=ORIENTED_EDGE('',*,*,#3423,.T.);
#4411=ORIENTED_EDGE('',*,*,#3420,.T.);
#4412=ORIENTED_EDGE('',*,*,#3429,.T.);
#4413=ORIENTED_EDGE('',*,*,#3430,.T.);
#4414=ORIENTED_EDGE('',*,*,#3431,.T.);
#4415=ORIENTED_EDGE('',*,*,#3432,.T.);
#4416=ORIENTED_EDGE('',*,*,#3433,.T.);
#4417=ORIENTED_EDGE('',*,*,#3416,.T.);
#4418=ORIENTED_EDGE('',*,*,#3389,.T.);
#4419=ORIENTED_EDGE('',*,*,#3390,.T.);
#4420=ORIENTED_EDGE('',*,*,#3394,.T.);
#4421=ORIENTED_EDGE('',*,*,#3397,.T.);
#4422=ORIENTED_EDGE('',*,*,#3400,.T.);
#4423=ORIENTED_EDGE('',*,*,#3404,.T.);
#4424=ORIENTED_EDGE('',*,*,#3407,.T.);
#4425=ORIENTED_EDGE('',*,*,#3410,.T.);
#4426=ORIENTED_EDGE('',*,*,#3413,.T.);
#4427=ORIENTED_EDGE('',*,*,#3427,.T.);
#4428=ORIENTED_EDGE('',*,*,#3434,.T.);
#4429=ORIENTED_EDGE('',*,*,#3430,.F.);
#4430=ORIENTED_EDGE('',*,*,#3435,.T.);
#4431=ORIENTED_EDGE('',*,*,#3425,.F.);
#4432=ORIENTED_EDGE('',*,*,#3436,.T.);
#4433=ORIENTED_EDGE('',*,*,#3432,.F.);
#4434=ORIENTED_EDGE('',*,*,#3437,.F.);
#4435=ORIENTED_EDGE('',*,*,#3426,.F.);
#4436=ORIENTED_EDGE('',*,*,#3437,.T.);
#4437=ORIENTED_EDGE('',*,*,#3431,.F.);
#4438=ORIENTED_EDGE('',*,*,#3434,.F.);
#4439=ORIENTED_EDGE('',*,*,#3438,.F.);
#4440=ORIENTED_EDGE('',*,*,#3439,.T.);
#4441=ORIENTED_EDGE('',*,*,#3424,.F.);
#4442=ORIENTED_EDGE('',*,*,#3440,.T.);
#4443=ORIENTED_EDGE('',*,*,#3441,.T.);
#4444=ORIENTED_EDGE('',*,*,#3442,.F.);
#4445=ORIENTED_EDGE('',*,*,#3443,.T.);
#4446=ORIENTED_EDGE('',*,*,#3444,.F.);
#4447=ORIENTED_EDGE('',*,*,#3445,.T.);
#4448=ORIENTED_EDGE('',*,*,#3446,.F.);
#4449=ORIENTED_EDGE('',*,*,#3447,.T.);
#4450=ORIENTED_EDGE('',*,*,#3442,.T.);
#4451=ORIENTED_EDGE('',*,*,#3448,.F.);
#4452=ORIENTED_EDGE('',*,*,#3449,.T.);
#4453=ORIENTED_EDGE('',*,*,#3436,.F.);
#4454=ORIENTED_EDGE('',*,*,#3439,.F.);
#4455=ORIENTED_EDGE('',*,*,#3441,.F.);
#4456=ORIENTED_EDGE('',*,*,#3440,.F.);
#4457=ORIENTED_EDGE('',*,*,#3417,.F.);
#4458=ORIENTED_EDGE('',*,*,#3450,.F.);
#4459=ORIENTED_EDGE('',*,*,#3448,.T.);
#4460=ORIENTED_EDGE('',*,*,#3451,.F.);
#4461=ORIENTED_EDGE('',*,*,#3452,.F.);
#4462=ORIENTED_EDGE('',*,*,#3446,.T.);
#4463=ORIENTED_EDGE('',*,*,#3447,.F.);
#4464=ORIENTED_EDGE('',*,*,#3452,.T.);
#4465=ORIENTED_EDGE('',*,*,#3453,.F.);
#4466=ORIENTED_EDGE('',*,*,#3443,.F.);
#4467=ORIENTED_EDGE('',*,*,#3445,.F.);
#4468=ORIENTED_EDGE('',*,*,#3450,.T.);
#4469=ORIENTED_EDGE('',*,*,#3433,.F.);
#4470=ORIENTED_EDGE('',*,*,#3449,.F.);
#4471=ORIENTED_EDGE('',*,*,#3438,.T.);
#4472=ORIENTED_EDGE('',*,*,#3444,.T.);
#4473=ORIENTED_EDGE('',*,*,#3453,.T.);
#4474=ORIENTED_EDGE('',*,*,#3451,.T.);
#4475=ORIENTED_EDGE('',*,*,#3428,.F.);
#4476=ORIENTED_EDGE('',*,*,#3454,.T.);
#4477=ORIENTED_EDGE('',*,*,#3455,.F.);
#4478=ORIENTED_EDGE('',*,*,#3456,.T.);
#4479=ORIENTED_EDGE('',*,*,#3435,.F.);
#4480=ORIENTED_EDGE('',*,*,#3457,.T.);
#4481=ORIENTED_EDGE('',*,*,#3458,.F.);
#4482=ORIENTED_EDGE('',*,*,#3454,.F.);
#4483=ORIENTED_EDGE('',*,*,#3419,.F.);
#4484=ORIENTED_EDGE('',*,*,#3456,.F.);
#4485=ORIENTED_EDGE('',*,*,#3459,.F.);
#4486=ORIENTED_EDGE('',*,*,#3460,.F.);
#4487=ORIENTED_EDGE('',*,*,#3429,.F.);
#4488=ORIENTED_EDGE('',*,*,#3460,.T.);
#4489=ORIENTED_EDGE('',*,*,#3461,.F.);
#4490=ORIENTED_EDGE('',*,*,#3457,.F.);
#4491=ORIENTED_EDGE('',*,*,#3459,.T.);
#4492=ORIENTED_EDGE('',*,*,#3462,.F.);
#4493=ORIENTED_EDGE('',*,*,#3463,.F.);
#4494=ORIENTED_EDGE('',*,*,#3464,.T.);
#4495=ORIENTED_EDGE('',*,*,#3455,.T.);
#4496=ORIENTED_EDGE('',*,*,#3465,.T.);
#4497=ORIENTED_EDGE('',*,*,#3466,.T.);
#4498=ORIENTED_EDGE('',*,*,#3462,.T.);
#4499=ORIENTED_EDGE('',*,*,#3467,.T.);
#4500=ORIENTED_EDGE('',*,*,#3468,.T.);
#4501=ORIENTED_EDGE('',*,*,#3469,.T.);
#4502=ORIENTED_EDGE('',*,*,#3467,.F.);
#4503=ORIENTED_EDGE('',*,*,#3470,.T.);
#4504=ORIENTED_EDGE('',*,*,#3471,.T.);
#4505=ORIENTED_EDGE('',*,*,#3470,.F.);
#4506=ORIENTED_EDGE('',*,*,#3468,.F.);
#4507=ORIENTED_EDGE('',*,*,#3472,.T.);
#4508=ORIENTED_EDGE('',*,*,#3473,.T.);
#4509=ORIENTED_EDGE('',*,*,#3472,.F.);
#4510=ORIENTED_EDGE('',*,*,#3469,.F.);
#4511=ORIENTED_EDGE('',*,*,#3474,.T.);
#4512=ORIENTED_EDGE('',*,*,#3475,.T.);
#4513=ORIENTED_EDGE('',*,*,#3474,.F.);
#4514=ORIENTED_EDGE('',*,*,#3476,.T.);
#4515=ORIENTED_EDGE('',*,*,#3463,.T.);
#4516=ORIENTED_EDGE('',*,*,#3466,.F.);
#4517=ORIENTED_EDGE('',*,*,#3477,.F.);
#4518=ORIENTED_EDGE('',*,*,#3458,.T.);
#4519=ORIENTED_EDGE('',*,*,#3478,.T.);
#4520=ORIENTED_EDGE('',*,*,#3477,.T.);
#4521=ORIENTED_EDGE('',*,*,#3465,.F.);
#4522=ORIENTED_EDGE('',*,*,#3461,.T.);
#4523=ORIENTED_EDGE('',*,*,#3464,.F.);
#4524=ORIENTED_EDGE('',*,*,#3476,.F.);
#4525=ORIENTED_EDGE('',*,*,#3478,.F.);
#4526=ORIENTED_EDGE('',*,*,#3475,.F.);
#4527=ORIENTED_EDGE('',*,*,#3473,.F.);
#4528=ORIENTED_EDGE('',*,*,#3471,.F.);
#4529=ORIENTED_EDGE('',*,*,#3479,.F.);
#4530=ORIENTED_EDGE('',*,*,#3480,.T.);
#4531=ORIENTED_EDGE('',*,*,#3481,.F.);
#4532=ORIENTED_EDGE('',*,*,#3480,.F.);
#4533=ORIENTED_EDGE('',*,*,#3482,.F.);
#4534=ORIENTED_EDGE('',*,*,#3483,.T.);
#4535=ORIENTED_EDGE('',*,*,#3484,.F.);
#4536=ORIENTED_EDGE('',*,*,#3483,.F.);
#4537=ORIENTED_EDGE('',*,*,#3485,.F.);
#4538=ORIENTED_EDGE('',*,*,#3486,.T.);
#4539=ORIENTED_EDGE('',*,*,#3487,.F.);
#4540=ORIENTED_EDGE('',*,*,#3486,.F.);
#4541=ORIENTED_EDGE('',*,*,#3488,.F.);
#4542=ORIENTED_EDGE('',*,*,#3489,.T.);
#4543=ORIENTED_EDGE('',*,*,#3490,.F.);
#4544=ORIENTED_EDGE('',*,*,#3489,.F.);
#4545=ORIENTED_EDGE('',*,*,#3491,.T.);
#4546=ORIENTED_EDGE('',*,*,#3492,.T.);
#4547=ORIENTED_EDGE('',*,*,#3493,.F.);
#4548=ORIENTED_EDGE('',*,*,#3494,.T.);
#4549=ORIENTED_EDGE('',*,*,#3495,.F.);
#4550=ORIENTED_EDGE('',*,*,#3496,.T.);
#4551=ORIENTED_EDGE('',*,*,#3497,.F.);
#4552=ORIENTED_EDGE('',*,*,#3498,.F.);
#4553=ORIENTED_EDGE('',*,*,#3499,.F.);
#4554=ORIENTED_EDGE('',*,*,#3498,.T.);
#4555=ORIENTED_EDGE('',*,*,#3500,.F.);
#4556=ORIENTED_EDGE('',*,*,#3492,.F.);
#4557=ORIENTED_EDGE('',*,*,#3499,.T.);
#4558=ORIENTED_EDGE('',*,*,#3491,.F.);
#4559=ORIENTED_EDGE('',*,*,#3501,.T.);
#4560=ORIENTED_EDGE('',*,*,#3502,.T.);
#4561=ORIENTED_EDGE('',*,*,#3503,.T.);
#4562=ORIENTED_EDGE('',*,*,#3504,.F.);
#4563=ORIENTED_EDGE('',*,*,#3505,.T.);
#4564=ORIENTED_EDGE('',*,*,#3495,.T.);
#4565=ORIENTED_EDGE('',*,*,#3479,.T.);
#4566=ORIENTED_EDGE('',*,*,#3482,.T.);
#4567=ORIENTED_EDGE('',*,*,#3485,.T.);
#4568=ORIENTED_EDGE('',*,*,#3488,.T.);
#4569=ORIENTED_EDGE('',*,*,#3500,.T.);
#4570=ORIENTED_EDGE('',*,*,#3497,.T.);
#4571=ORIENTED_EDGE('',*,*,#3506,.T.);
#4572=ORIENTED_EDGE('',*,*,#3507,.T.);
#4573=ORIENTED_EDGE('',*,*,#3508,.T.);
#4574=ORIENTED_EDGE('',*,*,#3509,.T.);
#4575=ORIENTED_EDGE('',*,*,#3510,.T.);
#4576=ORIENTED_EDGE('',*,*,#3493,.T.);
#4577=ORIENTED_EDGE('',*,*,#3481,.T.);
#4578=ORIENTED_EDGE('',*,*,#3484,.T.);
#4579=ORIENTED_EDGE('',*,*,#3487,.T.);
#4580=ORIENTED_EDGE('',*,*,#3490,.T.);
#4581=ORIENTED_EDGE('',*,*,#3504,.T.);
#4582=ORIENTED_EDGE('',*,*,#3511,.T.);
#4583=ORIENTED_EDGE('',*,*,#3507,.F.);
#4584=ORIENTED_EDGE('',*,*,#3512,.T.);
#4585=ORIENTED_EDGE('',*,*,#3502,.F.);
#4586=ORIENTED_EDGE('',*,*,#3513,.T.);
#4587=ORIENTED_EDGE('',*,*,#3509,.F.);
#4588=ORIENTED_EDGE('',*,*,#3514,.F.);
#4589=ORIENTED_EDGE('',*,*,#3503,.F.);
#4590=ORIENTED_EDGE('',*,*,#3514,.T.);
#4591=ORIENTED_EDGE('',*,*,#3508,.F.);
#4592=ORIENTED_EDGE('',*,*,#3511,.F.);
#4593=ORIENTED_EDGE('',*,*,#3515,.F.);
#4594=ORIENTED_EDGE('',*,*,#3516,.T.);
#4595=ORIENTED_EDGE('',*,*,#3501,.F.);
#4596=ORIENTED_EDGE('',*,*,#3517,.T.);
#4597=ORIENTED_EDGE('',*,*,#3518,.T.);
#4598=ORIENTED_EDGE('',*,*,#3519,.F.);
#4599=ORIENTED_EDGE('',*,*,#3520,.T.);
#4600=ORIENTED_EDGE('',*,*,#3521,.F.);
#4601=ORIENTED_EDGE('',*,*,#3522,.T.);
#4602=ORIENTED_EDGE('',*,*,#3523,.F.);
#4603=ORIENTED_EDGE('',*,*,#3524,.T.);
#4604=ORIENTED_EDGE('',*,*,#3519,.T.);
#4605=ORIENTED_EDGE('',*,*,#3525,.F.);
#4606=ORIENTED_EDGE('',*,*,#3526,.T.);
#4607=ORIENTED_EDGE('',*,*,#3513,.F.);
#4608=ORIENTED_EDGE('',*,*,#3516,.F.);
#4609=ORIENTED_EDGE('',*,*,#3518,.F.);
#4610=ORIENTED_EDGE('',*,*,#3517,.F.);
#4611=ORIENTED_EDGE('',*,*,#3494,.F.);
#4612=ORIENTED_EDGE('',*,*,#3527,.F.);
#4613=ORIENTED_EDGE('',*,*,#3525,.T.);
#4614=ORIENTED_EDGE('',*,*,#3528,.F.);
#4615=ORIENTED_EDGE('',*,*,#3529,.F.);
#4616=ORIENTED_EDGE('',*,*,#3523,.T.);
#4617=ORIENTED_EDGE('',*,*,#3524,.F.);
#4618=ORIENTED_EDGE('',*,*,#3529,.T.);
#4619=ORIENTED_EDGE('',*,*,#3530,.F.);
#4620=ORIENTED_EDGE('',*,*,#3520,.F.);
#4621=ORIENTED_EDGE('',*,*,#3522,.F.);
#4622=ORIENTED_EDGE('',*,*,#3527,.T.);
#4623=ORIENTED_EDGE('',*,*,#3510,.F.);
#4624=ORIENTED_EDGE('',*,*,#3526,.F.);
#4625=ORIENTED_EDGE('',*,*,#3515,.T.);
#4626=ORIENTED_EDGE('',*,*,#3521,.T.);
#4627=ORIENTED_EDGE('',*,*,#3530,.T.);
#4628=ORIENTED_EDGE('',*,*,#3528,.T.);
#4629=ORIENTED_EDGE('',*,*,#3505,.F.);
#4630=ORIENTED_EDGE('',*,*,#3531,.T.);
#4631=ORIENTED_EDGE('',*,*,#3532,.F.);
#4632=ORIENTED_EDGE('',*,*,#3533,.T.);
#4633=ORIENTED_EDGE('',*,*,#3512,.F.);
#4634=ORIENTED_EDGE('',*,*,#3534,.T.);
#4635=ORIENTED_EDGE('',*,*,#3535,.F.);
#4636=ORIENTED_EDGE('',*,*,#3531,.F.);
#4637=ORIENTED_EDGE('',*,*,#3496,.F.);
#4638=ORIENTED_EDGE('',*,*,#3533,.F.);
#4639=ORIENTED_EDGE('',*,*,#3536,.F.);
#4640=ORIENTED_EDGE('',*,*,#3537,.F.);
#4641=ORIENTED_EDGE('',*,*,#3506,.F.);
#4642=ORIENTED_EDGE('',*,*,#3537,.T.);
#4643=ORIENTED_EDGE('',*,*,#3538,.F.);
#4644=ORIENTED_EDGE('',*,*,#3534,.F.);
#4645=ORIENTED_EDGE('',*,*,#3536,.T.);
#4646=ORIENTED_EDGE('',*,*,#3539,.F.);
#4647=ORIENTED_EDGE('',*,*,#3540,.F.);
#4648=ORIENTED_EDGE('',*,*,#3541,.T.);
#4649=ORIENTED_EDGE('',*,*,#3532,.T.);
#4650=ORIENTED_EDGE('',*,*,#3542,.T.);
#4651=ORIENTED_EDGE('',*,*,#3543,.T.);
#4652=ORIENTED_EDGE('',*,*,#3539,.T.);
#4653=ORIENTED_EDGE('',*,*,#3544,.T.);
#4654=ORIENTED_EDGE('',*,*,#3545,.T.);
#4655=ORIENTED_EDGE('',*,*,#3546,.T.);
#4656=ORIENTED_EDGE('',*,*,#3544,.F.);
#4657=ORIENTED_EDGE('',*,*,#3547,.T.);
#4658=ORIENTED_EDGE('',*,*,#3548,.T.);
#4659=ORIENTED_EDGE('',*,*,#3547,.F.);
#4660=ORIENTED_EDGE('',*,*,#3545,.F.);
#4661=ORIENTED_EDGE('',*,*,#3549,.T.);
#4662=ORIENTED_EDGE('',*,*,#3550,.T.);
#4663=ORIENTED_EDGE('',*,*,#3549,.F.);
#4664=ORIENTED_EDGE('',*,*,#3546,.F.);
#4665=ORIENTED_EDGE('',*,*,#3551,.T.);
#4666=ORIENTED_EDGE('',*,*,#3552,.T.);
#4667=ORIENTED_EDGE('',*,*,#3551,.F.);
#4668=ORIENTED_EDGE('',*,*,#3553,.T.);
#4669=ORIENTED_EDGE('',*,*,#3540,.T.);
#4670=ORIENTED_EDGE('',*,*,#3543,.F.);
#4671=ORIENTED_EDGE('',*,*,#3554,.F.);
#4672=ORIENTED_EDGE('',*,*,#3535,.T.);
#4673=ORIENTED_EDGE('',*,*,#3555,.T.);
#4674=ORIENTED_EDGE('',*,*,#3554,.T.);
#4675=ORIENTED_EDGE('',*,*,#3542,.F.);
#4676=ORIENTED_EDGE('',*,*,#3538,.T.);
#4677=ORIENTED_EDGE('',*,*,#3541,.F.);
#4678=ORIENTED_EDGE('',*,*,#3553,.F.);
#4679=ORIENTED_EDGE('',*,*,#3555,.F.);
#4680=ORIENTED_EDGE('',*,*,#3552,.F.);
#4681=ORIENTED_EDGE('',*,*,#3550,.F.);
#4682=ORIENTED_EDGE('',*,*,#3548,.F.);
#4683=ORIENTED_EDGE('',*,*,#3556,.F.);
#4684=ORIENTED_EDGE('',*,*,#3557,.F.);
#4685=ORIENTED_EDGE('',*,*,#3558,.F.);
#4686=ORIENTED_EDGE('',*,*,#3559,.T.);
#4687=ORIENTED_EDGE('',*,*,#3560,.F.);
#4688=ORIENTED_EDGE('',*,*,#3559,.F.);
#4689=ORIENTED_EDGE('',*,*,#3561,.F.);
#4690=ORIENTED_EDGE('',*,*,#3562,.T.);
#4691=ORIENTED_EDGE('',*,*,#3563,.F.);
#4692=ORIENTED_EDGE('',*,*,#3562,.F.);
#4693=ORIENTED_EDGE('',*,*,#3564,.F.);
#4694=ORIENTED_EDGE('',*,*,#3565,.T.);
#4695=ORIENTED_EDGE('',*,*,#3566,.F.);
#4696=ORIENTED_EDGE('',*,*,#3565,.F.);
#4697=ORIENTED_EDGE('',*,*,#3567,.F.);
#4698=ORIENTED_EDGE('',*,*,#3557,.T.);
#4699=ORIENTED_EDGE('',*,*,#3568,.F.);
#4700=ORIENTED_EDGE('',*,*,#3569,.T.);
#4701=ORIENTED_EDGE('',*,*,#3570,.F.);
#4702=ORIENTED_EDGE('',*,*,#3569,.F.);
#4703=ORIENTED_EDGE('',*,*,#3571,.F.);
#4704=ORIENTED_EDGE('',*,*,#3572,.T.);
#4705=ORIENTED_EDGE('',*,*,#3573,.F.);
#4706=ORIENTED_EDGE('',*,*,#3572,.F.);
#4707=ORIENTED_EDGE('',*,*,#3574,.F.);
#4708=ORIENTED_EDGE('',*,*,#3575,.T.);
#4709=ORIENTED_EDGE('',*,*,#3576,.F.);
#4710=ORIENTED_EDGE('',*,*,#3575,.F.);
#4711=ORIENTED_EDGE('',*,*,#3577,.F.);
#4712=ORIENTED_EDGE('',*,*,#3578,.T.);
#4713=ORIENTED_EDGE('',*,*,#3579,.F.);
#4714=ORIENTED_EDGE('',*,*,#3578,.F.);
#4715=ORIENTED_EDGE('',*,*,#3580,.F.);
#4716=ORIENTED_EDGE('',*,*,#3581,.T.);
#4717=ORIENTED_EDGE('',*,*,#3582,.F.);
#4718=ORIENTED_EDGE('',*,*,#3581,.F.);
#4719=ORIENTED_EDGE('',*,*,#3583,.T.);
#4720=ORIENTED_EDGE('',*,*,#3584,.T.);
#4721=ORIENTED_EDGE('',*,*,#3585,.F.);
#4722=ORIENTED_EDGE('',*,*,#3586,.T.);
#4723=ORIENTED_EDGE('',*,*,#3587,.F.);
#4724=ORIENTED_EDGE('',*,*,#3588,.T.);
#4725=ORIENTED_EDGE('',*,*,#3589,.F.);
#4726=ORIENTED_EDGE('',*,*,#3590,.F.);
#4727=ORIENTED_EDGE('',*,*,#3591,.F.);
#4728=ORIENTED_EDGE('',*,*,#3590,.T.);
#4729=ORIENTED_EDGE('',*,*,#3592,.F.);
#4730=ORIENTED_EDGE('',*,*,#3584,.F.);
#4731=ORIENTED_EDGE('',*,*,#3591,.T.);
#4732=ORIENTED_EDGE('',*,*,#3583,.F.);
#4733=ORIENTED_EDGE('',*,*,#3593,.T.);
#4734=ORIENTED_EDGE('',*,*,#3594,.T.);
#4735=ORIENTED_EDGE('',*,*,#3595,.T.);
#4736=ORIENTED_EDGE('',*,*,#3596,.F.);
#4737=ORIENTED_EDGE('',*,*,#3597,.T.);
#4738=ORIENTED_EDGE('',*,*,#3587,.T.);
#4739=ORIENTED_EDGE('',*,*,#3558,.T.);
#4740=ORIENTED_EDGE('',*,*,#3567,.T.);
#4741=ORIENTED_EDGE('',*,*,#3564,.T.);
#4742=ORIENTED_EDGE('',*,*,#3561,.T.);
#4743=ORIENTED_EDGE('',*,*,#3568,.T.);
#4744=ORIENTED_EDGE('',*,*,#3571,.T.);
#4745=ORIENTED_EDGE('',*,*,#3574,.T.);
#4746=ORIENTED_EDGE('',*,*,#3577,.T.);
#4747=ORIENTED_EDGE('',*,*,#3580,.T.);
#4748=ORIENTED_EDGE('',*,*,#3592,.T.);
#4749=ORIENTED_EDGE('',*,*,#3589,.T.);
#4750=ORIENTED_EDGE('',*,*,#3598,.T.);
#4751=ORIENTED_EDGE('',*,*,#3599,.T.);
#4752=ORIENTED_EDGE('',*,*,#3600,.T.);
#4753=ORIENTED_EDGE('',*,*,#3601,.T.);
#4754=ORIENTED_EDGE('',*,*,#3602,.T.);
#4755=ORIENTED_EDGE('',*,*,#3585,.T.);
#4756=ORIENTED_EDGE('',*,*,#3556,.T.);
#4757=ORIENTED_EDGE('',*,*,#3560,.T.);
#4758=ORIENTED_EDGE('',*,*,#3563,.T.);
#4759=ORIENTED_EDGE('',*,*,#3566,.T.);
#4760=ORIENTED_EDGE('',*,*,#3570,.T.);
#4761=ORIENTED_EDGE('',*,*,#3573,.T.);
#4762=ORIENTED_EDGE('',*,*,#3576,.T.);
#4763=ORIENTED_EDGE('',*,*,#3579,.T.);
#4764=ORIENTED_EDGE('',*,*,#3582,.T.);
#4765=ORIENTED_EDGE('',*,*,#3596,.T.);
#4766=ORIENTED_EDGE('',*,*,#3603,.T.);
#4767=ORIENTED_EDGE('',*,*,#3599,.F.);
#4768=ORIENTED_EDGE('',*,*,#3604,.T.);
#4769=ORIENTED_EDGE('',*,*,#3594,.F.);
#4770=ORIENTED_EDGE('',*,*,#3605,.T.);
#4771=ORIENTED_EDGE('',*,*,#3601,.F.);
#4772=ORIENTED_EDGE('',*,*,#3606,.F.);
#4773=ORIENTED_EDGE('',*,*,#3595,.F.);
#4774=ORIENTED_EDGE('',*,*,#3606,.T.);
#4775=ORIENTED_EDGE('',*,*,#3600,.F.);
#4776=ORIENTED_EDGE('',*,*,#3603,.F.);
#4777=ORIENTED_EDGE('',*,*,#3607,.F.);
#4778=ORIENTED_EDGE('',*,*,#3608,.T.);
#4779=ORIENTED_EDGE('',*,*,#3593,.F.);
#4780=ORIENTED_EDGE('',*,*,#3609,.T.);
#4781=ORIENTED_EDGE('',*,*,#3610,.T.);
#4782=ORIENTED_EDGE('',*,*,#3611,.F.);
#4783=ORIENTED_EDGE('',*,*,#3612,.T.);
#4784=ORIENTED_EDGE('',*,*,#3613,.F.);
#4785=ORIENTED_EDGE('',*,*,#3614,.T.);
#4786=ORIENTED_EDGE('',*,*,#3615,.F.);
#4787=ORIENTED_EDGE('',*,*,#3616,.T.);
#4788=ORIENTED_EDGE('',*,*,#3611,.T.);
#4789=ORIENTED_EDGE('',*,*,#3617,.F.);
#4790=ORIENTED_EDGE('',*,*,#3618,.T.);
#4791=ORIENTED_EDGE('',*,*,#3605,.F.);
#4792=ORIENTED_EDGE('',*,*,#3608,.F.);
#4793=ORIENTED_EDGE('',*,*,#3610,.F.);
#4794=ORIENTED_EDGE('',*,*,#3609,.F.);
#4795=ORIENTED_EDGE('',*,*,#3586,.F.);
#4796=ORIENTED_EDGE('',*,*,#3619,.F.);
#4797=ORIENTED_EDGE('',*,*,#3617,.T.);
#4798=ORIENTED_EDGE('',*,*,#3620,.F.);
#4799=ORIENTED_EDGE('',*,*,#3621,.F.);
#4800=ORIENTED_EDGE('',*,*,#3615,.T.);
#4801=ORIENTED_EDGE('',*,*,#3616,.F.);
#4802=ORIENTED_EDGE('',*,*,#3621,.T.);
#4803=ORIENTED_EDGE('',*,*,#3622,.F.);
#4804=ORIENTED_EDGE('',*,*,#3612,.F.);
#4805=ORIENTED_EDGE('',*,*,#3614,.F.);
#4806=ORIENTED_EDGE('',*,*,#3619,.T.);
#4807=ORIENTED_EDGE('',*,*,#3602,.F.);
#4808=ORIENTED_EDGE('',*,*,#3618,.F.);
#4809=ORIENTED_EDGE('',*,*,#3607,.T.);
#4810=ORIENTED_EDGE('',*,*,#3613,.T.);
#4811=ORIENTED_EDGE('',*,*,#3622,.T.);
#4812=ORIENTED_EDGE('',*,*,#3620,.T.);
#4813=ORIENTED_EDGE('',*,*,#3597,.F.);
#4814=ORIENTED_EDGE('',*,*,#3623,.T.);
#4815=ORIENTED_EDGE('',*,*,#3624,.F.);
#4816=ORIENTED_EDGE('',*,*,#3625,.T.);
#4817=ORIENTED_EDGE('',*,*,#3604,.F.);
#4818=ORIENTED_EDGE('',*,*,#3626,.T.);
#4819=ORIENTED_EDGE('',*,*,#3627,.F.);
#4820=ORIENTED_EDGE('',*,*,#3623,.F.);
#4821=ORIENTED_EDGE('',*,*,#3588,.F.);
#4822=ORIENTED_EDGE('',*,*,#3625,.F.);
#4823=ORIENTED_EDGE('',*,*,#3628,.F.);
#4824=ORIENTED_EDGE('',*,*,#3629,.F.);
#4825=ORIENTED_EDGE('',*,*,#3598,.F.);
#4826=ORIENTED_EDGE('',*,*,#3629,.T.);
#4827=ORIENTED_EDGE('',*,*,#3630,.F.);
#4828=ORIENTED_EDGE('',*,*,#3626,.F.);
#4829=ORIENTED_EDGE('',*,*,#3628,.T.);
#4830=ORIENTED_EDGE('',*,*,#3631,.F.);
#4831=ORIENTED_EDGE('',*,*,#3632,.F.);
#4832=ORIENTED_EDGE('',*,*,#3633,.F.);
#4833=ORIENTED_EDGE('',*,*,#3624,.T.);
#4834=ORIENTED_EDGE('',*,*,#3634,.T.);
#4835=ORIENTED_EDGE('',*,*,#3635,.T.);
#4836=ORIENTED_EDGE('',*,*,#3631,.T.);
#4837=ORIENTED_EDGE('',*,*,#3636,.T.);
#4838=ORIENTED_EDGE('',*,*,#3637,.T.);
#4839=ORIENTED_EDGE('',*,*,#3638,.T.);
#4840=ORIENTED_EDGE('',*,*,#3636,.F.);
#4841=ORIENTED_EDGE('',*,*,#3639,.T.);
#4842=ORIENTED_EDGE('',*,*,#3640,.T.);
#4843=ORIENTED_EDGE('',*,*,#3639,.F.);
#4844=ORIENTED_EDGE('',*,*,#3637,.F.);
#4845=ORIENTED_EDGE('',*,*,#3641,.T.);
#4846=ORIENTED_EDGE('',*,*,#3642,.T.);
#4847=ORIENTED_EDGE('',*,*,#3641,.F.);
#4848=ORIENTED_EDGE('',*,*,#3638,.F.);
#4849=ORIENTED_EDGE('',*,*,#3643,.T.);
#4850=ORIENTED_EDGE('',*,*,#3644,.T.);
#4851=ORIENTED_EDGE('',*,*,#3643,.F.);
#4852=ORIENTED_EDGE('',*,*,#3627,.T.);
#4853=ORIENTED_EDGE('',*,*,#3645,.F.);
#4854=ORIENTED_EDGE('',*,*,#3646,.T.);
#4855=ORIENTED_EDGE('',*,*,#3634,.F.);
#4856=ORIENTED_EDGE('',*,*,#3647,.F.);
#4857=ORIENTED_EDGE('',*,*,#3632,.T.);
#4858=ORIENTED_EDGE('',*,*,#3635,.F.);
#4859=ORIENTED_EDGE('',*,*,#3646,.F.);
#4860=ORIENTED_EDGE('',*,*,#3630,.T.);
#4861=ORIENTED_EDGE('',*,*,#3633,.T.);
#4862=ORIENTED_EDGE('',*,*,#3647,.T.);
#4863=ORIENTED_EDGE('',*,*,#3645,.T.);
#4864=ORIENTED_EDGE('',*,*,#3644,.F.);
#4865=ORIENTED_EDGE('',*,*,#3642,.F.);
#4866=ORIENTED_EDGE('',*,*,#3640,.F.);
#4867=ORIENTED_EDGE('',*,*,#3648,.F.);
#4868=ORIENTED_EDGE('',*,*,#3649,.T.);
#4869=ORIENTED_EDGE('',*,*,#3650,.F.);
#4870=ORIENTED_EDGE('',*,*,#3649,.F.);
#4871=ORIENTED_EDGE('',*,*,#3651,.F.);
#4872=ORIENTED_EDGE('',*,*,#3652,.T.);
#4873=ORIENTED_EDGE('',*,*,#3653,.F.);
#4874=ORIENTED_EDGE('',*,*,#3652,.F.);
#4875=ORIENTED_EDGE('',*,*,#3654,.F.);
#4876=ORIENTED_EDGE('',*,*,#3655,.T.);
#4877=ORIENTED_EDGE('',*,*,#3656,.F.);
#4878=ORIENTED_EDGE('',*,*,#3655,.F.);
#4879=ORIENTED_EDGE('',*,*,#3657,.F.);
#4880=ORIENTED_EDGE('',*,*,#3658,.T.);
#4881=ORIENTED_EDGE('',*,*,#3659,.F.);
#4882=ORIENTED_EDGE('',*,*,#3658,.F.);
#4883=ORIENTED_EDGE('',*,*,#3660,.F.);
#4884=ORIENTED_EDGE('',*,*,#3661,.T.);
#4885=ORIENTED_EDGE('',*,*,#3662,.F.);
#4886=ORIENTED_EDGE('',*,*,#3663,.T.);
#4887=ORIENTED_EDGE('',*,*,#3664,.T.);
#4888=ORIENTED_EDGE('',*,*,#3665,.F.);
#4889=ORIENTED_EDGE('',*,*,#3666,.T.);
#4890=ORIENTED_EDGE('',*,*,#3667,.F.);
#4891=ORIENTED_EDGE('',*,*,#3668,.T.);
#4892=ORIENTED_EDGE('',*,*,#3669,.F.);
#4893=ORIENTED_EDGE('',*,*,#3670,.T.);
#4894=ORIENTED_EDGE('',*,*,#3665,.T.);
#4895=ORIENTED_EDGE('',*,*,#3651,.T.);
#4896=ORIENTED_EDGE('',*,*,#3671,.F.);
#4897=ORIENTED_EDGE('',*,*,#3672,.T.);
#4898=ORIENTED_EDGE('',*,*,#3673,.F.);
#4899=ORIENTED_EDGE('',*,*,#3661,.F.);
#4900=ORIENTED_EDGE('',*,*,#3664,.F.);
#4901=ORIENTED_EDGE('',*,*,#3663,.F.);
#4902=ORIENTED_EDGE('',*,*,#3674,.F.);
#4903=ORIENTED_EDGE('',*,*,#3675,.F.);
#4904=ORIENTED_EDGE('',*,*,#3671,.T.);
#4905=ORIENTED_EDGE('',*,*,#3676,.F.);
#4906=ORIENTED_EDGE('',*,*,#3677,.F.);
#4907=ORIENTED_EDGE('',*,*,#3669,.T.);
#4908=ORIENTED_EDGE('',*,*,#3670,.F.);
#4909=ORIENTED_EDGE('',*,*,#3677,.T.);
#4910=ORIENTED_EDGE('',*,*,#3678,.F.);
#4911=ORIENTED_EDGE('',*,*,#3666,.F.);
#4912=ORIENTED_EDGE('',*,*,#3668,.F.);
#4913=ORIENTED_EDGE('',*,*,#3675,.T.);
#4914=ORIENTED_EDGE('',*,*,#3679,.F.);
#4915=ORIENTED_EDGE('',*,*,#3672,.F.);
#4916=ORIENTED_EDGE('',*,*,#3660,.T.);
#4917=ORIENTED_EDGE('',*,*,#3667,.T.);
#4918=ORIENTED_EDGE('',*,*,#3678,.T.);
#4919=ORIENTED_EDGE('',*,*,#3676,.T.);
#4920=ORIENTED_EDGE('',*,*,#3653,.T.);
#4921=ORIENTED_EDGE('',*,*,#3680,.F.);
#4922=ORIENTED_EDGE('',*,*,#3681,.T.);
#4923=ORIENTED_EDGE('',*,*,#3682,.F.);
#4924=ORIENTED_EDGE('',*,*,#3683,.T.);
#4925=ORIENTED_EDGE('',*,*,#3684,.T.);
#4926=ORIENTED_EDGE('',*,*,#3685,.F.);
#4927=ORIENTED_EDGE('',*,*,#3686,.T.);
#4928=ORIENTED_EDGE('',*,*,#3687,.F.);
#4929=ORIENTED_EDGE('',*,*,#3688,.T.);
#4930=ORIENTED_EDGE('',*,*,#3689,.F.);
#4931=ORIENTED_EDGE('',*,*,#3690,.T.);
#4932=ORIENTED_EDGE('',*,*,#3685,.T.);
#4933=ORIENTED_EDGE('',*,*,#3650,.T.);
#4934=ORIENTED_EDGE('',*,*,#3691,.F.);
#4935=ORIENTED_EDGE('',*,*,#3692,.T.);
#4936=ORIENTED_EDGE('',*,*,#3693,.F.);
#4937=ORIENTED_EDGE('',*,*,#3681,.F.);
#4938=ORIENTED_EDGE('',*,*,#3684,.F.);
#4939=ORIENTED_EDGE('',*,*,#3683,.F.);
#4940=ORIENTED_EDGE('',*,*,#3694,.F.);
#4941=ORIENTED_EDGE('',*,*,#3695,.F.);
#4942=ORIENTED_EDGE('',*,*,#3691,.T.);
#4943=ORIENTED_EDGE('',*,*,#3696,.F.);
#4944=ORIENTED_EDGE('',*,*,#3697,.F.);
#4945=ORIENTED_EDGE('',*,*,#3689,.T.);
#4946=ORIENTED_EDGE('',*,*,#3690,.F.);
#4947=ORIENTED_EDGE('',*,*,#3697,.T.);
#4948=ORIENTED_EDGE('',*,*,#3698,.F.);
#4949=ORIENTED_EDGE('',*,*,#3686,.F.);
#4950=ORIENTED_EDGE('',*,*,#3688,.F.);
#4951=ORIENTED_EDGE('',*,*,#3695,.T.);
#4952=ORIENTED_EDGE('',*,*,#3699,.F.);
#4953=ORIENTED_EDGE('',*,*,#3692,.F.);
#4954=ORIENTED_EDGE('',*,*,#3680,.T.);
#4955=ORIENTED_EDGE('',*,*,#3687,.T.);
#4956=ORIENTED_EDGE('',*,*,#3698,.T.);
#4957=ORIENTED_EDGE('',*,*,#3696,.T.);
#4958=ORIENTED_EDGE('',*,*,#3648,.T.);
#4959=ORIENTED_EDGE('',*,*,#3674,.T.);
#4960=ORIENTED_EDGE('',*,*,#3700,.F.);
#4961=ORIENTED_EDGE('',*,*,#3701,.T.);
#4962=ORIENTED_EDGE('',*,*,#3702,.F.);
#4963=ORIENTED_EDGE('',*,*,#3701,.F.);
#4964=ORIENTED_EDGE('',*,*,#3703,.F.);
#4965=ORIENTED_EDGE('',*,*,#3704,.F.);
#4966=ORIENTED_EDGE('',*,*,#3705,.F.);
#4967=ORIENTED_EDGE('',*,*,#3700,.T.);
#4968=ORIENTED_EDGE('',*,*,#3706,.F.);
#4969=ORIENTED_EDGE('',*,*,#3707,.T.);
#4970=ORIENTED_EDGE('',*,*,#3708,.F.);
#4971=ORIENTED_EDGE('',*,*,#3709,.T.);
#4972=ORIENTED_EDGE('',*,*,#3710,.F.);
#4973=ORIENTED_EDGE('',*,*,#3711,.F.);
#4974=ORIENTED_EDGE('',*,*,#3712,.F.);
#4975=ORIENTED_EDGE('',*,*,#3702,.T.);
#4976=ORIENTED_EDGE('',*,*,#3713,.F.);
#4977=ORIENTED_EDGE('',*,*,#3714,.T.);
#4978=ORIENTED_EDGE('',*,*,#3715,.F.);
#4979=ORIENTED_EDGE('',*,*,#3662,.T.);
#4980=ORIENTED_EDGE('',*,*,#3716,.F.);
#4981=ORIENTED_EDGE('',*,*,#3682,.T.);
#4982=ORIENTED_EDGE('',*,*,#3706,.T.);
#4983=ORIENTED_EDGE('',*,*,#3656,.T.);
#4984=ORIENTED_EDGE('',*,*,#3659,.T.);
#4985=ORIENTED_EDGE('',*,*,#3693,.T.);
#4986=ORIENTED_EDGE('',*,*,#3714,.F.);
#4987=ORIENTED_EDGE('',*,*,#3709,.F.);
#4988=ORIENTED_EDGE('',*,*,#3707,.F.);
#4989=ORIENTED_EDGE('',*,*,#3673,.T.);
#4990=ORIENTED_EDGE('',*,*,#3717,.F.);
#4991=ORIENTED_EDGE('',*,*,#3694,.T.);
#4992=ORIENTED_EDGE('',*,*,#3716,.T.);
#4993=ORIENTED_EDGE('',*,*,#3679,.T.);
#4994=ORIENTED_EDGE('',*,*,#3715,.T.);
#4995=ORIENTED_EDGE('',*,*,#3699,.T.);
#4996=ORIENTED_EDGE('',*,*,#3717,.T.);
#4997=ORIENTED_EDGE('',*,*,#3654,.T.);
#4998=ORIENTED_EDGE('',*,*,#3657,.T.);
#4999=ORIENTED_EDGE('',*,*,#3704,.T.);
#5000=ORIENTED_EDGE('',*,*,#3718,.F.);
#5001=ORIENTED_EDGE('',*,*,#3719,.T.);
#5002=ORIENTED_EDGE('',*,*,#3720,.F.);
#5003=ORIENTED_EDGE('',*,*,#3703,.T.);
#5004=ORIENTED_EDGE('',*,*,#3708,.T.);
#5005=ORIENTED_EDGE('',*,*,#3712,.T.);
#5006=ORIENTED_EDGE('',*,*,#3721,.F.);
#5007=ORIENTED_EDGE('',*,*,#3722,.T.);
#5008=ORIENTED_EDGE('',*,*,#3718,.T.);
#5009=ORIENTED_EDGE('',*,*,#3723,.F.);
#5010=ORIENTED_EDGE('',*,*,#3724,.F.);
#5011=ORIENTED_EDGE('',*,*,#3725,.F.);
#5012=ORIENTED_EDGE('',*,*,#3726,.T.);
#5013=ORIENTED_EDGE('',*,*,#3723,.T.);
#5014=ORIENTED_EDGE('',*,*,#3726,.F.);
#5015=ORIENTED_EDGE('',*,*,#3727,.F.);
#5016=ORIENTED_EDGE('',*,*,#3728,.T.);
#5017=ORIENTED_EDGE('',*,*,#3724,.T.);
#5018=ORIENTED_EDGE('',*,*,#3728,.F.);
#5019=ORIENTED_EDGE('',*,*,#3722,.F.);
#5020=ORIENTED_EDGE('',*,*,#3729,.T.);
#5021=ORIENTED_EDGE('',*,*,#3730,.F.);
#5022=ORIENTED_EDGE('',*,*,#3719,.F.);
#5023=ORIENTED_EDGE('',*,*,#3711,.T.);
#5024=ORIENTED_EDGE('',*,*,#3731,.F.);
#5025=ORIENTED_EDGE('',*,*,#3729,.F.);
#5026=ORIENTED_EDGE('',*,*,#3721,.T.);
#5027=ORIENTED_EDGE('',*,*,#3710,.T.);
#5028=ORIENTED_EDGE('',*,*,#3713,.T.);
#5029=ORIENTED_EDGE('',*,*,#3705,.T.);
#5030=ORIENTED_EDGE('',*,*,#3720,.T.);
#5031=ORIENTED_EDGE('',*,*,#3730,.T.);
#5032=ORIENTED_EDGE('',*,*,#3731,.T.);
#5033=ORIENTED_EDGE('',*,*,#3727,.T.);
#5034=ORIENTED_EDGE('',*,*,#3725,.T.);
#5035=ORIENTED_EDGE('',*,*,#3732,.F.);
#5036=ORIENTED_EDGE('',*,*,#3733,.T.);
#5037=ORIENTED_EDGE('',*,*,#3734,.F.);
#5038=ORIENTED_EDGE('',*,*,#3733,.F.);
#5039=ORIENTED_EDGE('',*,*,#3735,.F.);
#5040=ORIENTED_EDGE('',*,*,#3736,.T.);
#5041=ORIENTED_EDGE('',*,*,#3737,.F.);
#5042=ORIENTED_EDGE('',*,*,#3736,.F.);
#5043=ORIENTED_EDGE('',*,*,#3738,.F.);
#5044=ORIENTED_EDGE('',*,*,#3739,.T.);
#5045=ORIENTED_EDGE('',*,*,#3740,.F.);
#5046=ORIENTED_EDGE('',*,*,#3739,.F.);
#5047=ORIENTED_EDGE('',*,*,#3741,.F.);
#5048=ORIENTED_EDGE('',*,*,#3742,.T.);
#5049=ORIENTED_EDGE('',*,*,#3743,.F.);
#5050=ORIENTED_EDGE('',*,*,#3742,.F.);
#5051=ORIENTED_EDGE('',*,*,#3744,.F.);
#5052=ORIENTED_EDGE('',*,*,#3745,.T.);
#5053=ORIENTED_EDGE('',*,*,#3746,.F.);
#5054=ORIENTED_EDGE('',*,*,#3747,.T.);
#5055=ORIENTED_EDGE('',*,*,#3748,.T.);
#5056=ORIENTED_EDGE('',*,*,#3749,.F.);
#5057=ORIENTED_EDGE('',*,*,#3750,.T.);
#5058=ORIENTED_EDGE('',*,*,#3751,.F.);
#5059=ORIENTED_EDGE('',*,*,#3752,.T.);
#5060=ORIENTED_EDGE('',*,*,#3753,.F.);
#5061=ORIENTED_EDGE('',*,*,#3754,.T.);
#5062=ORIENTED_EDGE('',*,*,#3749,.T.);
#5063=ORIENTED_EDGE('',*,*,#3741,.T.);
#5064=ORIENTED_EDGE('',*,*,#3755,.F.);
#5065=ORIENTED_EDGE('',*,*,#3756,.T.);
#5066=ORIENTED_EDGE('',*,*,#3757,.F.);
#5067=ORIENTED_EDGE('',*,*,#3745,.F.);
#5068=ORIENTED_EDGE('',*,*,#3748,.F.);
#5069=ORIENTED_EDGE('',*,*,#3747,.F.);
#5070=ORIENTED_EDGE('',*,*,#3758,.F.);
#5071=ORIENTED_EDGE('',*,*,#3759,.F.);
#5072=ORIENTED_EDGE('',*,*,#3755,.T.);
#5073=ORIENTED_EDGE('',*,*,#3760,.F.);
#5074=ORIENTED_EDGE('',*,*,#3761,.F.);
#5075=ORIENTED_EDGE('',*,*,#3753,.T.);
#5076=ORIENTED_EDGE('',*,*,#3754,.F.);
#5077=ORIENTED_EDGE('',*,*,#3761,.T.);
#5078=ORIENTED_EDGE('',*,*,#3762,.F.);
#5079=ORIENTED_EDGE('',*,*,#3750,.F.);
#5080=ORIENTED_EDGE('',*,*,#3752,.F.);
#5081=ORIENTED_EDGE('',*,*,#3759,.T.);
#5082=ORIENTED_EDGE('',*,*,#3763,.F.);
#5083=ORIENTED_EDGE('',*,*,#3756,.F.);
#5084=ORIENTED_EDGE('',*,*,#3744,.T.);
#5085=ORIENTED_EDGE('',*,*,#3751,.T.);
#5086=ORIENTED_EDGE('',*,*,#3762,.T.);
#5087=ORIENTED_EDGE('',*,*,#3760,.T.);
#5088=ORIENTED_EDGE('',*,*,#3743,.T.);
#5089=ORIENTED_EDGE('',*,*,#3764,.F.);
#5090=ORIENTED_EDGE('',*,*,#3765,.T.);
#5091=ORIENTED_EDGE('',*,*,#3766,.F.);
#5092=ORIENTED_EDGE('',*,*,#3767,.T.);
#5093=ORIENTED_EDGE('',*,*,#3768,.T.);
#5094=ORIENTED_EDGE('',*,*,#3769,.F.);
#5095=ORIENTED_EDGE('',*,*,#3770,.T.);
#5096=ORIENTED_EDGE('',*,*,#3771,.F.);
#5097=ORIENTED_EDGE('',*,*,#3772,.T.);
#5098=ORIENTED_EDGE('',*,*,#3773,.F.);
#5099=ORIENTED_EDGE('',*,*,#3774,.T.);
#5100=ORIENTED_EDGE('',*,*,#3769,.T.);
#5101=ORIENTED_EDGE('',*,*,#3740,.T.);
#5102=ORIENTED_EDGE('',*,*,#3775,.F.);
#5103=ORIENTED_EDGE('',*,*,#3776,.T.);
#5104=ORIENTED_EDGE('',*,*,#3777,.F.);
#5105=ORIENTED_EDGE('',*,*,#3765,.F.);
#5106=ORIENTED_EDGE('',*,*,#3768,.F.);
#5107=ORIENTED_EDGE('',*,*,#3767,.F.);
#5108=ORIENTED_EDGE('',*,*,#3778,.F.);
#5109=ORIENTED_EDGE('',*,*,#3779,.F.);
#5110=ORIENTED_EDGE('',*,*,#3775,.T.);
#5111=ORIENTED_EDGE('',*,*,#3780,.F.);
#5112=ORIENTED_EDGE('',*,*,#3781,.F.);
#5113=ORIENTED_EDGE('',*,*,#3773,.T.);
#5114=ORIENTED_EDGE('',*,*,#3774,.F.);
#5115=ORIENTED_EDGE('',*,*,#3781,.T.);
#5116=ORIENTED_EDGE('',*,*,#3782,.F.);
#5117=ORIENTED_EDGE('',*,*,#3770,.F.);
#5118=ORIENTED_EDGE('',*,*,#3772,.F.);
#5119=ORIENTED_EDGE('',*,*,#3779,.T.);
#5120=ORIENTED_EDGE('',*,*,#3783,.F.);
#5121=ORIENTED_EDGE('',*,*,#3776,.F.);
#5122=ORIENTED_EDGE('',*,*,#3764,.T.);
#5123=ORIENTED_EDGE('',*,*,#3771,.T.);
#5124=ORIENTED_EDGE('',*,*,#3782,.T.);
#5125=ORIENTED_EDGE('',*,*,#3780,.T.);
#5126=ORIENTED_EDGE('',*,*,#3738,.T.);
#5127=ORIENTED_EDGE('',*,*,#3778,.T.);
#5128=ORIENTED_EDGE('',*,*,#3784,.F.);
#5129=ORIENTED_EDGE('',*,*,#3785,.T.);
#5130=ORIENTED_EDGE('',*,*,#3786,.F.);
#5131=ORIENTED_EDGE('',*,*,#3787,.T.);
#5132=ORIENTED_EDGE('',*,*,#3788,.F.);
#5133=ORIENTED_EDGE('',*,*,#3789,.F.);
#5134=ORIENTED_EDGE('',*,*,#3790,.F.);
#5135=ORIENTED_EDGE('',*,*,#3791,.T.);
#5136=ORIENTED_EDGE('',*,*,#3792,.F.);
#5137=ORIENTED_EDGE('',*,*,#3786,.T.);
#5138=ORIENTED_EDGE('',*,*,#3793,.F.);
#5139=ORIENTED_EDGE('',*,*,#3785,.F.);
#5140=ORIENTED_EDGE('',*,*,#3794,.F.);
#5141=ORIENTED_EDGE('',*,*,#3795,.F.);
#5142=ORIENTED_EDGE('',*,*,#3796,.F.);
#5143=ORIENTED_EDGE('',*,*,#3797,.T.);
#5144=ORIENTED_EDGE('',*,*,#3798,.F.);
#5145=ORIENTED_EDGE('',*,*,#3784,.T.);
#5146=ORIENTED_EDGE('',*,*,#3799,.F.);
#5147=ORIENTED_EDGE('',*,*,#3757,.T.);
#5148=ORIENTED_EDGE('',*,*,#3791,.F.);
#5149=ORIENTED_EDGE('',*,*,#3787,.F.);
#5150=ORIENTED_EDGE('',*,*,#3797,.F.);
#5151=ORIENTED_EDGE('',*,*,#3763,.T.);
#5152=ORIENTED_EDGE('',*,*,#3800,.T.);
#5153=ORIENTED_EDGE('',*,*,#3783,.T.);
#5154=ORIENTED_EDGE('',*,*,#3792,.T.);
#5155=ORIENTED_EDGE('',*,*,#3734,.T.);
#5156=ORIENTED_EDGE('',*,*,#3737,.T.);
#5157=ORIENTED_EDGE('',*,*,#3758,.T.);
#5158=ORIENTED_EDGE('',*,*,#3801,.F.);
#5159=ORIENTED_EDGE('',*,*,#3777,.T.);
#5160=ORIENTED_EDGE('',*,*,#3800,.F.);
#5161=ORIENTED_EDGE('',*,*,#3746,.T.);
#5162=ORIENTED_EDGE('',*,*,#3799,.T.);
#5163=ORIENTED_EDGE('',*,*,#3766,.T.);
#5164=ORIENTED_EDGE('',*,*,#3801,.T.);
#5165=ORIENTED_EDGE('',*,*,#3732,.T.);
#5166=ORIENTED_EDGE('',*,*,#3735,.T.);
#5167=ORIENTED_EDGE('',*,*,#3795,.T.);
#5168=ORIENTED_EDGE('',*,*,#3802,.F.);
#5169=ORIENTED_EDGE('',*,*,#3803,.T.);
#5170=ORIENTED_EDGE('',*,*,#3804,.F.);
#5171=ORIENTED_EDGE('',*,*,#3794,.T.);
#5172=ORIENTED_EDGE('',*,*,#3798,.T.);
#5173=ORIENTED_EDGE('',*,*,#3790,.T.);
#5174=ORIENTED_EDGE('',*,*,#3805,.F.);
#5175=ORIENTED_EDGE('',*,*,#3806,.F.);
#5176=ORIENTED_EDGE('',*,*,#3802,.T.);
#5177=ORIENTED_EDGE('',*,*,#3807,.F.);
#5178=ORIENTED_EDGE('',*,*,#3808,.F.);
#5179=ORIENTED_EDGE('',*,*,#3809,.F.);
#5180=ORIENTED_EDGE('',*,*,#3810,.T.);
#5181=ORIENTED_EDGE('',*,*,#3807,.T.);
#5182=ORIENTED_EDGE('',*,*,#3810,.F.);
#5183=ORIENTED_EDGE('',*,*,#3811,.F.);
#5184=ORIENTED_EDGE('',*,*,#3812,.T.);
#5185=ORIENTED_EDGE('',*,*,#3808,.T.);
#5186=ORIENTED_EDGE('',*,*,#3812,.F.);
#5187=ORIENTED_EDGE('',*,*,#3789,.T.);
#5188=ORIENTED_EDGE('',*,*,#3813,.F.);
#5189=ORIENTED_EDGE('',*,*,#3814,.F.);
#5190=ORIENTED_EDGE('',*,*,#3805,.T.);
#5191=ORIENTED_EDGE('',*,*,#3806,.T.);
#5192=ORIENTED_EDGE('',*,*,#3814,.T.);
#5193=ORIENTED_EDGE('',*,*,#3815,.F.);
#5194=ORIENTED_EDGE('',*,*,#3803,.F.);
#5195=ORIENTED_EDGE('',*,*,#3788,.T.);
#5196=ORIENTED_EDGE('',*,*,#3793,.T.);
#5197=ORIENTED_EDGE('',*,*,#3796,.T.);
#5198=ORIENTED_EDGE('',*,*,#3804,.T.);
#5199=ORIENTED_EDGE('',*,*,#3815,.T.);
#5200=ORIENTED_EDGE('',*,*,#3813,.T.);
#5201=ORIENTED_EDGE('',*,*,#3811,.T.);
#5202=ORIENTED_EDGE('',*,*,#3809,.T.);
#5203=ORIENTED_EDGE('',*,*,#3816,.F.);
#5204=ORIENTED_EDGE('',*,*,#3817,.T.);
#5205=ORIENTED_EDGE('',*,*,#3818,.F.);
#5206=ORIENTED_EDGE('',*,*,#3817,.F.);
#5207=ORIENTED_EDGE('',*,*,#3819,.F.);
#5208=ORIENTED_EDGE('',*,*,#3820,.T.);
#5209=ORIENTED_EDGE('',*,*,#3821,.F.);
#5210=ORIENTED_EDGE('',*,*,#3820,.F.);
#5211=ORIENTED_EDGE('',*,*,#3822,.F.);
#5212=ORIENTED_EDGE('',*,*,#3823,.F.);
#5213=ORIENTED_EDGE('',*,*,#3824,.F.);
#5214=ORIENTED_EDGE('',*,*,#3825,.T.);
#5215=ORIENTED_EDGE('',*,*,#3826,.F.);
#5216=ORIENTED_EDGE('',*,*,#3827,.T.);
#5217=ORIENTED_EDGE('',*,*,#3828,.F.);
#5218=ORIENTED_EDGE('',*,*,#3829,.F.);
#5219=ORIENTED_EDGE('',*,*,#3830,.F.);
#5220=ORIENTED_EDGE('',*,*,#3825,.F.);
#5221=ORIENTED_EDGE('',*,*,#3831,.F.);
#5222=ORIENTED_EDGE('',*,*,#3832,.T.);
#5223=ORIENTED_EDGE('',*,*,#3833,.F.);
#5224=ORIENTED_EDGE('',*,*,#3834,.T.);
#5225=ORIENTED_EDGE('',*,*,#3835,.F.);
#5226=ORIENTED_EDGE('',*,*,#3827,.F.);
#5227=ORIENTED_EDGE('',*,*,#3836,.F.);
#5228=ORIENTED_EDGE('',*,*,#3832,.F.);
#5229=ORIENTED_EDGE('',*,*,#3837,.F.);
#5230=ORIENTED_EDGE('',*,*,#3838,.F.);
#5231=ORIENTED_EDGE('',*,*,#3839,.F.);
#5232=ORIENTED_EDGE('',*,*,#3840,.F.);
#5233=ORIENTED_EDGE('',*,*,#3841,.F.);
#5234=ORIENTED_EDGE('',*,*,#3834,.F.);
#5235=ORIENTED_EDGE('',*,*,#3823,.T.);
#5236=ORIENTED_EDGE('',*,*,#3842,.T.);
#5237=ORIENTED_EDGE('',*,*,#3843,.T.);
#5238=ORIENTED_EDGE('',*,*,#3844,.F.);
#5239=ORIENTED_EDGE('',*,*,#3822,.T.);
#5240=ORIENTED_EDGE('',*,*,#3830,.T.);
#5241=ORIENTED_EDGE('',*,*,#3836,.T.);
#5242=ORIENTED_EDGE('',*,*,#3845,.T.);
#5243=ORIENTED_EDGE('',*,*,#3846,.T.);
#5244=ORIENTED_EDGE('',*,*,#3842,.F.);
#5245=ORIENTED_EDGE('',*,*,#3821,.T.);
#5246=ORIENTED_EDGE('',*,*,#3839,.T.);
#5247=ORIENTED_EDGE('',*,*,#3833,.T.);
#5248=ORIENTED_EDGE('',*,*,#3826,.T.);
#5249=ORIENTED_EDGE('',*,*,#3847,.T.);
#5250=ORIENTED_EDGE('',*,*,#3848,.T.);
#5251=ORIENTED_EDGE('',*,*,#3849,.F.);
#5252=ORIENTED_EDGE('',*,*,#3816,.T.);
#5253=ORIENTED_EDGE('',*,*,#3850,.F.);
#5254=ORIENTED_EDGE('',*,*,#3851,.T.);
#5255=ORIENTED_EDGE('',*,*,#3852,.F.);
#5256=ORIENTED_EDGE('',*,*,#3853,.T.);
#5257=ORIENTED_EDGE('',*,*,#3838,.T.);
#5258=ORIENTED_EDGE('',*,*,#3854,.F.);
#5259=ORIENTED_EDGE('',*,*,#3855,.T.);
#5260=ORIENTED_EDGE('',*,*,#3845,.F.);
#5261=ORIENTED_EDGE('',*,*,#3843,.F.);
#5262=ORIENTED_EDGE('',*,*,#3856,.T.);
#5263=ORIENTED_EDGE('',*,*,#3857,.F.);
#5264=ORIENTED_EDGE('',*,*,#3851,.F.);
#5265=ORIENTED_EDGE('',*,*,#3855,.F.);
#5266=ORIENTED_EDGE('',*,*,#3853,.F.);
#5267=ORIENTED_EDGE('',*,*,#3858,.F.);
#5268=ORIENTED_EDGE('',*,*,#3859,.F.);
#5269=ORIENTED_EDGE('',*,*,#3846,.F.);
#5270=ORIENTED_EDGE('',*,*,#3859,.T.);
#5271=ORIENTED_EDGE('',*,*,#3860,.F.);
#5272=ORIENTED_EDGE('',*,*,#3856,.F.);
#5273=ORIENTED_EDGE('',*,*,#3824,.T.);
#5274=ORIENTED_EDGE('',*,*,#3844,.T.);
#5275=ORIENTED_EDGE('',*,*,#3850,.T.);
#5276=ORIENTED_EDGE('',*,*,#3854,.T.);
#5277=ORIENTED_EDGE('',*,*,#3837,.T.);
#5278=ORIENTED_EDGE('',*,*,#3831,.T.);
#5279=ORIENTED_EDGE('',*,*,#3819,.T.);
#5280=ORIENTED_EDGE('',*,*,#3861,.F.);
#5281=ORIENTED_EDGE('',*,*,#3862,.T.);
#5282=ORIENTED_EDGE('',*,*,#3863,.F.);
#5283=ORIENTED_EDGE('',*,*,#3864,.T.);
#5284=ORIENTED_EDGE('',*,*,#3829,.T.);
#5285=ORIENTED_EDGE('',*,*,#3865,.F.);
#5286=ORIENTED_EDGE('',*,*,#3866,.T.);
#5287=ORIENTED_EDGE('',*,*,#3847,.F.);
#5288=ORIENTED_EDGE('',*,*,#3867,.F.);
#5289=ORIENTED_EDGE('',*,*,#3868,.T.);
#5290=ORIENTED_EDGE('',*,*,#3869,.F.);
#5291=ORIENTED_EDGE('',*,*,#3862,.F.);
#5292=ORIENTED_EDGE('',*,*,#3866,.F.);
#5293=ORIENTED_EDGE('',*,*,#3864,.F.);
#5294=ORIENTED_EDGE('',*,*,#3870,.F.);
#5295=ORIENTED_EDGE('',*,*,#3871,.F.);
#5296=ORIENTED_EDGE('',*,*,#3840,.T.);
#5297=ORIENTED_EDGE('',*,*,#3849,.T.);
#5298=ORIENTED_EDGE('',*,*,#3867,.T.);
#5299=ORIENTED_EDGE('',*,*,#3872,.F.);
#5300=ORIENTED_EDGE('',*,*,#3848,.F.);
#5301=ORIENTED_EDGE('',*,*,#3871,.T.);
#5302=ORIENTED_EDGE('',*,*,#3873,.F.);
#5303=ORIENTED_EDGE('',*,*,#3868,.F.);
#5304=ORIENTED_EDGE('',*,*,#3841,.T.);
#5305=ORIENTED_EDGE('',*,*,#3872,.T.);
#5306=ORIENTED_EDGE('',*,*,#3861,.T.);
#5307=ORIENTED_EDGE('',*,*,#3865,.T.);
#5308=ORIENTED_EDGE('',*,*,#3828,.T.);
#5309=ORIENTED_EDGE('',*,*,#3835,.T.);
#5310=ORIENTED_EDGE('',*,*,#3818,.T.);
#5311=ORIENTED_EDGE('',*,*,#3858,.T.);
#5312=ORIENTED_EDGE('',*,*,#3874,.T.);
#5313=ORIENTED_EDGE('',*,*,#3869,.T.);
#5314=ORIENTED_EDGE('',*,*,#3875,.F.);
#5315=ORIENTED_EDGE('',*,*,#3852,.T.);
#5316=ORIENTED_EDGE('',*,*,#3876,.F.);
#5317=ORIENTED_EDGE('',*,*,#3863,.T.);
#5318=ORIENTED_EDGE('',*,*,#3874,.F.);
#5319=ORIENTED_EDGE('',*,*,#3877,.F.);
#5320=ORIENTED_EDGE('',*,*,#3878,.F.);
#5321=ORIENTED_EDGE('',*,*,#3879,.F.);
#5322=ORIENTED_EDGE('',*,*,#3880,.F.);
#5323=ORIENTED_EDGE('',*,*,#3857,.T.);
#5324=ORIENTED_EDGE('',*,*,#3881,.F.);
#5325=ORIENTED_EDGE('',*,*,#3870,.T.);
#5326=ORIENTED_EDGE('',*,*,#3876,.T.);
#5327=ORIENTED_EDGE('',*,*,#3882,.F.);
#5328=ORIENTED_EDGE('',*,*,#3883,.T.);
#5329=ORIENTED_EDGE('',*,*,#3880,.T.);
#5330=ORIENTED_EDGE('',*,*,#3883,.F.);
#5331=ORIENTED_EDGE('',*,*,#3884,.F.);
#5332=ORIENTED_EDGE('',*,*,#3885,.T.);
#5333=ORIENTED_EDGE('',*,*,#3879,.T.);
#5334=ORIENTED_EDGE('',*,*,#3885,.F.);
#5335=ORIENTED_EDGE('',*,*,#3886,.F.);
#5336=ORIENTED_EDGE('',*,*,#3887,.T.);
#5337=ORIENTED_EDGE('',*,*,#3878,.T.);
#5338=ORIENTED_EDGE('',*,*,#3887,.F.);
#5339=ORIENTED_EDGE('',*,*,#3888,.F.);
#5340=ORIENTED_EDGE('',*,*,#3889,.T.);
#5341=ORIENTED_EDGE('',*,*,#3877,.T.);
#5342=ORIENTED_EDGE('',*,*,#3889,.F.);
#5343=ORIENTED_EDGE('',*,*,#3860,.T.);
#5344=ORIENTED_EDGE('',*,*,#3875,.T.);
#5345=ORIENTED_EDGE('',*,*,#3873,.T.);
#5346=ORIENTED_EDGE('',*,*,#3881,.T.);
#5347=ORIENTED_EDGE('',*,*,#3888,.T.);
#5348=ORIENTED_EDGE('',*,*,#3886,.T.);
#5349=ORIENTED_EDGE('',*,*,#3884,.T.);
#5350=ORIENTED_EDGE('',*,*,#3882,.T.);
#5351=ORIENTED_EDGE('',*,*,#3890,.F.);
#5352=ORIENTED_EDGE('',*,*,#3891,.T.);
#5353=ORIENTED_EDGE('',*,*,#3892,.F.);
#5354=ORIENTED_EDGE('',*,*,#3891,.F.);
#5355=ORIENTED_EDGE('',*,*,#3893,.F.);
#5356=ORIENTED_EDGE('',*,*,#3894,.T.);
#5357=ORIENTED_EDGE('',*,*,#3895,.F.);
#5358=ORIENTED_EDGE('',*,*,#3894,.F.);
#5359=ORIENTED_EDGE('',*,*,#3896,.F.);
#5360=ORIENTED_EDGE('',*,*,#3897,.F.);
#5361=ORIENTED_EDGE('',*,*,#3898,.F.);
#5362=ORIENTED_EDGE('',*,*,#3899,.F.);
#5363=ORIENTED_EDGE('',*,*,#3900,.F.);
#5364=ORIENTED_EDGE('',*,*,#3901,.F.);
#5365=ORIENTED_EDGE('',*,*,#3902,.F.);
#5366=ORIENTED_EDGE('',*,*,#3903,.F.);
#5367=ORIENTED_EDGE('',*,*,#3900,.T.);
#5368=ORIENTED_EDGE('',*,*,#3904,.T.);
#5369=ORIENTED_EDGE('',*,*,#3905,.T.);
#5370=ORIENTED_EDGE('',*,*,#3906,.T.);
#5371=ORIENTED_EDGE('',*,*,#3907,.T.);
#5372=ORIENTED_EDGE('',*,*,#3903,.T.);
#5373=ORIENTED_EDGE('',*,*,#3908,.T.);
#5374=ORIENTED_EDGE('',*,*,#3909,.T.);
#5375=ORIENTED_EDGE('',*,*,#3904,.F.);
#5376=ORIENTED_EDGE('',*,*,#3910,.F.);
#5377=ORIENTED_EDGE('',*,*,#3911,.T.);
#5378=ORIENTED_EDGE('',*,*,#3912,.F.);
#5379=ORIENTED_EDGE('',*,*,#3913,.T.);
#5380=ORIENTED_EDGE('',*,*,#3914,.F.);
#5381=ORIENTED_EDGE('',*,*,#3915,.F.);
#5382=ORIENTED_EDGE('',*,*,#3896,.T.);
#5383=ORIENTED_EDGE('',*,*,#3916,.T.);
#5384=ORIENTED_EDGE('',*,*,#3917,.T.);
#5385=ORIENTED_EDGE('',*,*,#3918,.T.);
#5386=ORIENTED_EDGE('',*,*,#3919,.T.);
#5387=ORIENTED_EDGE('',*,*,#3898,.T.);
#5388=ORIENTED_EDGE('',*,*,#3920,.T.);
#5389=ORIENTED_EDGE('',*,*,#3921,.T.);
#5390=ORIENTED_EDGE('',*,*,#3910,.T.);
#5391=ORIENTED_EDGE('',*,*,#3922,.F.);
#5392=ORIENTED_EDGE('',*,*,#3923,.F.);
#5393=ORIENTED_EDGE('',*,*,#3924,.F.);
#5394=ORIENTED_EDGE('',*,*,#3925,.F.);
#5395=ORIENTED_EDGE('',*,*,#3926,.F.);
#5396=ORIENTED_EDGE('',*,*,#3927,.F.);
#5397=ORIENTED_EDGE('',*,*,#3928,.F.);
#5398=ORIENTED_EDGE('',*,*,#3929,.F.);
#5399=ORIENTED_EDGE('',*,*,#3929,.T.);
#5400=ORIENTED_EDGE('',*,*,#3930,.F.);
#5401=ORIENTED_EDGE('',*,*,#3931,.T.);
#5402=ORIENTED_EDGE('',*,*,#3932,.F.);
#5403=ORIENTED_EDGE('',*,*,#3928,.T.);
#5404=ORIENTED_EDGE('',*,*,#3933,.T.);
#5405=ORIENTED_EDGE('',*,*,#3934,.T.);
#5406=ORIENTED_EDGE('',*,*,#3935,.T.);
#5407=ORIENTED_EDGE('',*,*,#3922,.T.);
#5408=ORIENTED_EDGE('',*,*,#3936,.T.);
#5409=ORIENTED_EDGE('',*,*,#3937,.T.);
#5410=ORIENTED_EDGE('',*,*,#3938,.T.);
#5411=ORIENTED_EDGE('',*,*,#3939,.T.);
#5412=ORIENTED_EDGE('',*,*,#3925,.T.);
#5413=ORIENTED_EDGE('',*,*,#3940,.T.);
#5414=ORIENTED_EDGE('',*,*,#3941,.T.);
#5415=ORIENTED_EDGE('',*,*,#3936,.F.);
#5416=ORIENTED_EDGE('',*,*,#3942,.F.);
#5417=ORIENTED_EDGE('',*,*,#3943,.T.);
#5418=ORIENTED_EDGE('',*,*,#3944,.F.);
#5419=ORIENTED_EDGE('',*,*,#3945,.T.);
#5420=ORIENTED_EDGE('',*,*,#3927,.T.);
#5421=ORIENTED_EDGE('',*,*,#3946,.F.);
#5422=ORIENTED_EDGE('',*,*,#3947,.T.);
#5423=ORIENTED_EDGE('',*,*,#3933,.F.);
#5424=ORIENTED_EDGE('',*,*,#3948,.F.);
#5425=ORIENTED_EDGE('',*,*,#3949,.T.);
#5426=ORIENTED_EDGE('',*,*,#3950,.F.);
#5427=ORIENTED_EDGE('',*,*,#3943,.F.);
#5428=ORIENTED_EDGE('',*,*,#3947,.F.);
#5429=ORIENTED_EDGE('',*,*,#3945,.F.);
#5430=ORIENTED_EDGE('',*,*,#3951,.F.);
#5431=ORIENTED_EDGE('',*,*,#3952,.F.);
#5432=ORIENTED_EDGE('',*,*,#3948,.T.);
#5433=ORIENTED_EDGE('',*,*,#3953,.F.);
#5434=ORIENTED_EDGE('',*,*,#3931,.F.);
#5435=ORIENTED_EDGE('',*,*,#3954,.T.);
#5436=ORIENTED_EDGE('',*,*,#3934,.F.);
#5437=ORIENTED_EDGE('',*,*,#3952,.T.);
#5438=ORIENTED_EDGE('',*,*,#3955,.F.);
#5439=ORIENTED_EDGE('',*,*,#3949,.F.);
#5440=ORIENTED_EDGE('',*,*,#3956,.T.);
#5441=ORIENTED_EDGE('',*,*,#3926,.T.);
#5442=ORIENTED_EDGE('',*,*,#3932,.T.);
#5443=ORIENTED_EDGE('',*,*,#3953,.T.);
#5444=ORIENTED_EDGE('',*,*,#3942,.T.);
#5445=ORIENTED_EDGE('',*,*,#3946,.T.);
#5446=ORIENTED_EDGE('',*,*,#3918,.F.);
#5447=ORIENTED_EDGE('',*,*,#3957,.T.);
#5448=ORIENTED_EDGE('',*,*,#3958,.F.);
#5449=ORIENTED_EDGE('',*,*,#3959,.T.);
#5450=ORIENTED_EDGE('',*,*,#3897,.T.);
#5451=ORIENTED_EDGE('',*,*,#3919,.F.);
#5452=ORIENTED_EDGE('',*,*,#3960,.T.);
#5453=ORIENTED_EDGE('',*,*,#3920,.F.);
#5454=ORIENTED_EDGE('',*,*,#3961,.F.);
#5455=ORIENTED_EDGE('',*,*,#3962,.T.);
#5456=ORIENTED_EDGE('',*,*,#3963,.F.);
#5457=ORIENTED_EDGE('',*,*,#3957,.F.);
#5458=ORIENTED_EDGE('',*,*,#3960,.F.);
#5459=ORIENTED_EDGE('',*,*,#3959,.F.);
#5460=ORIENTED_EDGE('',*,*,#3964,.F.);
#5461=ORIENTED_EDGE('',*,*,#3965,.F.);
#5462=ORIENTED_EDGE('',*,*,#3961,.T.);
#5463=ORIENTED_EDGE('',*,*,#3917,.F.);
#5464=ORIENTED_EDGE('',*,*,#3966,.F.);
#5465=ORIENTED_EDGE('',*,*,#3967,.T.);
#5466=ORIENTED_EDGE('',*,*,#3899,.T.);
#5467=ORIENTED_EDGE('',*,*,#3968,.F.);
#5468=ORIENTED_EDGE('',*,*,#3966,.T.);
#5469=ORIENTED_EDGE('',*,*,#3916,.F.);
#5470=ORIENTED_EDGE('',*,*,#3921,.F.);
#5471=ORIENTED_EDGE('',*,*,#3965,.T.);
#5472=ORIENTED_EDGE('',*,*,#3969,.F.);
#5473=ORIENTED_EDGE('',*,*,#3962,.F.);
#5474=ORIENTED_EDGE('',*,*,#3970,.T.);
#5475=ORIENTED_EDGE('',*,*,#3902,.T.);
#5476=ORIENTED_EDGE('',*,*,#3971,.T.);
#5477=ORIENTED_EDGE('',*,*,#3972,.T.);
#5478=ORIENTED_EDGE('',*,*,#3908,.F.);
#5479=ORIENTED_EDGE('',*,*,#3905,.F.);
#5480=ORIENTED_EDGE('',*,*,#3973,.T.);
#5481=ORIENTED_EDGE('',*,*,#3974,.F.);
#5482=ORIENTED_EDGE('',*,*,#3975,.T.);
#5483=ORIENTED_EDGE('',*,*,#3976,.T.);
#5484=ORIENTED_EDGE('',*,*,#3977,.T.);
#5485=ORIENTED_EDGE('',*,*,#3978,.T.);
#5486=ORIENTED_EDGE('',*,*,#3906,.F.);
#5487=ORIENTED_EDGE('',*,*,#3909,.F.);
#5488=ORIENTED_EDGE('',*,*,#3979,.T.);
#5489=ORIENTED_EDGE('',*,*,#3980,.F.);
#5490=ORIENTED_EDGE('',*,*,#3973,.F.);
#5491=ORIENTED_EDGE('',*,*,#3976,.F.);
#5492=ORIENTED_EDGE('',*,*,#3975,.F.);
#5493=ORIENTED_EDGE('',*,*,#3981,.F.);
#5494=ORIENTED_EDGE('',*,*,#3982,.F.);
#5495=ORIENTED_EDGE('',*,*,#3901,.T.);
#5496=ORIENTED_EDGE('',*,*,#3907,.F.);
#5497=ORIENTED_EDGE('',*,*,#3978,.F.);
#5498=ORIENTED_EDGE('',*,*,#3983,.F.);
#5499=ORIENTED_EDGE('',*,*,#3984,.T.);
#5500=ORIENTED_EDGE('',*,*,#3982,.T.);
#5501=ORIENTED_EDGE('',*,*,#3985,.F.);
#5502=ORIENTED_EDGE('',*,*,#3979,.F.);
#5503=ORIENTED_EDGE('',*,*,#3972,.F.);
#5504=ORIENTED_EDGE('',*,*,#3937,.F.);
#5505=ORIENTED_EDGE('',*,*,#3986,.T.);
#5506=ORIENTED_EDGE('',*,*,#3987,.F.);
#5507=ORIENTED_EDGE('',*,*,#3988,.T.);
#5508=ORIENTED_EDGE('',*,*,#3989,.T.);
#5509=ORIENTED_EDGE('',*,*,#3990,.T.);
#5510=ORIENTED_EDGE('',*,*,#3991,.T.);
#5511=ORIENTED_EDGE('',*,*,#3938,.F.);
#5512=ORIENTED_EDGE('',*,*,#3924,.T.);
#5513=ORIENTED_EDGE('',*,*,#3914,.T.);
#5514=ORIENTED_EDGE('',*,*,#3992,.T.);
#5515=ORIENTED_EDGE('',*,*,#3940,.F.);
#5516=ORIENTED_EDGE('',*,*,#3941,.F.);
#5517=ORIENTED_EDGE('',*,*,#3993,.T.);
#5518=ORIENTED_EDGE('',*,*,#3994,.F.);
#5519=ORIENTED_EDGE('',*,*,#3986,.F.);
#5520=ORIENTED_EDGE('',*,*,#3989,.F.);
#5521=ORIENTED_EDGE('',*,*,#3988,.F.);
#5522=ORIENTED_EDGE('',*,*,#3995,.F.);
#5523=ORIENTED_EDGE('',*,*,#3996,.F.);
#5524=ORIENTED_EDGE('',*,*,#3923,.T.);
#5525=ORIENTED_EDGE('',*,*,#3939,.F.);
#5526=ORIENTED_EDGE('',*,*,#3991,.F.);
#5527=ORIENTED_EDGE('',*,*,#3997,.F.);
#5528=ORIENTED_EDGE('',*,*,#3998,.T.);
#5529=ORIENTED_EDGE('',*,*,#3996,.T.);
#5530=ORIENTED_EDGE('',*,*,#3999,.F.);
#5531=ORIENTED_EDGE('',*,*,#3993,.F.);
#5532=ORIENTED_EDGE('',*,*,#3992,.F.);
#5533=ORIENTED_EDGE('',*,*,#3951,.T.);
#5534=ORIENTED_EDGE('',*,*,#4000,.F.);
#5535=ORIENTED_EDGE('',*,*,#3994,.T.);
#5536=ORIENTED_EDGE('',*,*,#4001,.F.);
#5537=ORIENTED_EDGE('',*,*,#3995,.T.);
#5538=ORIENTED_EDGE('',*,*,#4002,.F.);
#5539=ORIENTED_EDGE('',*,*,#4003,.T.);
#5540=ORIENTED_EDGE('',*,*,#4004,.T.);
#5541=ORIENTED_EDGE('',*,*,#3944,.T.);
#5542=ORIENTED_EDGE('',*,*,#4005,.T.);
#5543=ORIENTED_EDGE('',*,*,#4006,.T.);
#5544=ORIENTED_EDGE('',*,*,#4002,.T.);
#5545=ORIENTED_EDGE('',*,*,#3987,.T.);
#5546=ORIENTED_EDGE('',*,*,#4000,.T.);
#5547=ORIENTED_EDGE('',*,*,#3890,.T.);
#5548=ORIENTED_EDGE('',*,*,#3964,.T.);
#5549=ORIENTED_EDGE('',*,*,#4007,.F.);
#5550=ORIENTED_EDGE('',*,*,#3980,.T.);
#5551=ORIENTED_EDGE('',*,*,#4008,.F.);
#5552=ORIENTED_EDGE('',*,*,#3958,.T.);
#5553=ORIENTED_EDGE('',*,*,#4009,.T.);
#5554=ORIENTED_EDGE('',*,*,#4010,.T.);
#5555=ORIENTED_EDGE('',*,*,#4011,.T.);
#5556=ORIENTED_EDGE('',*,*,#3974,.T.);
#5557=ORIENTED_EDGE('',*,*,#4007,.T.);
#5558=ORIENTED_EDGE('',*,*,#3895,.T.);
#5559=ORIENTED_EDGE('',*,*,#3969,.T.);
#5560=ORIENTED_EDGE('',*,*,#4008,.T.);
#5561=ORIENTED_EDGE('',*,*,#3985,.T.);
#5562=ORIENTED_EDGE('',*,*,#4012,.F.);
#5563=ORIENTED_EDGE('',*,*,#4013,.T.);
#5564=ORIENTED_EDGE('',*,*,#4014,.T.);
#5565=ORIENTED_EDGE('',*,*,#3893,.T.);
#5566=ORIENTED_EDGE('',*,*,#3930,.T.);
#5567=ORIENTED_EDGE('',*,*,#4015,.T.);
#5568=ORIENTED_EDGE('',*,*,#3983,.T.);
#5569=ORIENTED_EDGE('',*,*,#4016,.T.);
#5570=ORIENTED_EDGE('',*,*,#4017,.T.);
#5571=ORIENTED_EDGE('',*,*,#4018,.F.);
#5572=ORIENTED_EDGE('',*,*,#4019,.T.);
#5573=ORIENTED_EDGE('',*,*,#4020,.F.);
#5574=ORIENTED_EDGE('',*,*,#3998,.F.);
#5575=ORIENTED_EDGE('',*,*,#3913,.F.);
#5576=ORIENTED_EDGE('',*,*,#4021,.F.);
#5577=ORIENTED_EDGE('',*,*,#3968,.T.);
#5578=ORIENTED_EDGE('',*,*,#3915,.T.);
#5579=ORIENTED_EDGE('',*,*,#3997,.T.);
#5580=ORIENTED_EDGE('',*,*,#4022,.T.);
#5581=ORIENTED_EDGE('',*,*,#4023,.F.);
#5582=ORIENTED_EDGE('',*,*,#3955,.T.);
#5583=ORIENTED_EDGE('',*,*,#4001,.T.);
#5584=ORIENTED_EDGE('',*,*,#3999,.T.);
#5585=ORIENTED_EDGE('',*,*,#4004,.F.);
#5586=ORIENTED_EDGE('',*,*,#4024,.T.);
#5587=ORIENTED_EDGE('',*,*,#4025,.T.);
#5588=ORIENTED_EDGE('',*,*,#3892,.T.);
#5589=ORIENTED_EDGE('',*,*,#4006,.F.);
#5590=ORIENTED_EDGE('',*,*,#4026,.T.);
#5591=ORIENTED_EDGE('',*,*,#4027,.F.);
#5592=ORIENTED_EDGE('',*,*,#4028,.T.);
#5593=ORIENTED_EDGE('',*,*,#4029,.F.);
#5594=ORIENTED_EDGE('',*,*,#4030,.T.);
#5595=ORIENTED_EDGE('',*,*,#4031,.F.);
#5596=ORIENTED_EDGE('',*,*,#4026,.F.);
#5597=ORIENTED_EDGE('',*,*,#4003,.F.);
#5598=ORIENTED_EDGE('',*,*,#4028,.F.);
#5599=ORIENTED_EDGE('',*,*,#4019,.F.);
#5600=ORIENTED_EDGE('',*,*,#4032,.F.);
#5601=ORIENTED_EDGE('',*,*,#4024,.F.);
#5602=ORIENTED_EDGE('',*,*,#4032,.T.);
#5603=ORIENTED_EDGE('',*,*,#4033,.F.);
#5604=ORIENTED_EDGE('',*,*,#4030,.F.);
#5605=ORIENTED_EDGE('',*,*,#4010,.F.);
#5606=ORIENTED_EDGE('',*,*,#4034,.T.);
#5607=ORIENTED_EDGE('',*,*,#4035,.F.);
#5608=ORIENTED_EDGE('',*,*,#4036,.T.);
#5609=ORIENTED_EDGE('',*,*,#4037,.F.);
#5610=ORIENTED_EDGE('',*,*,#4038,.T.);
#5611=ORIENTED_EDGE('',*,*,#4039,.F.);
#5612=ORIENTED_EDGE('',*,*,#4034,.F.);
#5613=ORIENTED_EDGE('',*,*,#4040,.F.);
#5614=ORIENTED_EDGE('',*,*,#4036,.F.);
#5615=ORIENTED_EDGE('',*,*,#4041,.F.);
#5616=ORIENTED_EDGE('',*,*,#4042,.F.);
#5617=ORIENTED_EDGE('',*,*,#4013,.F.);
#5618=ORIENTED_EDGE('',*,*,#4042,.T.);
#5619=ORIENTED_EDGE('',*,*,#4043,.F.);
#5620=ORIENTED_EDGE('',*,*,#4038,.F.);
#5621=ORIENTED_EDGE('',*,*,#4044,.F.);
#5622=ORIENTED_EDGE('',*,*,#4041,.T.);
#5623=ORIENTED_EDGE('',*,*,#4045,.F.);
#5624=ORIENTED_EDGE('',*,*,#3984,.F.);
#5625=ORIENTED_EDGE('',*,*,#4046,.F.);
#5626=ORIENTED_EDGE('',*,*,#4047,.F.);
#5627=ORIENTED_EDGE('',*,*,#4020,.T.);
#5628=ORIENTED_EDGE('',*,*,#4048,.F.);
#5629=ORIENTED_EDGE('',*,*,#4049,.T.);
#5630=ORIENTED_EDGE('',*,*,#3967,.F.);
#5631=ORIENTED_EDGE('',*,*,#4022,.F.);
#5632=ORIENTED_EDGE('',*,*,#3990,.F.);
#5633=ORIENTED_EDGE('',*,*,#3950,.T.);
#5634=ORIENTED_EDGE('',*,*,#4025,.F.);
#5635=ORIENTED_EDGE('',*,*,#4029,.T.);
#5636=ORIENTED_EDGE('',*,*,#4005,.F.);
#5637=ORIENTED_EDGE('',*,*,#4050,.T.);
#5638=ORIENTED_EDGE('',*,*,#4051,.F.);
#5639=ORIENTED_EDGE('',*,*,#4044,.T.);
#5640=ORIENTED_EDGE('',*,*,#4052,.F.);
#5641=ORIENTED_EDGE('',*,*,#3981,.T.);
#5642=ORIENTED_EDGE('',*,*,#4011,.F.);
#5643=ORIENTED_EDGE('',*,*,#4040,.T.);
#5644=ORIENTED_EDGE('',*,*,#4012,.T.);
#5645=ORIENTED_EDGE('',*,*,#4053,.T.);
#5646=ORIENTED_EDGE('',*,*,#3954,.F.);
#5647=ORIENTED_EDGE('',*,*,#4016,.F.);
#5648=ORIENTED_EDGE('',*,*,#3977,.F.);
#5649=ORIENTED_EDGE('',*,*,#4045,.T.);
#5650=ORIENTED_EDGE('',*,*,#4054,.F.);
#5651=ORIENTED_EDGE('',*,*,#3963,.T.);
#5652=ORIENTED_EDGE('',*,*,#4014,.F.);
#5653=ORIENTED_EDGE('',*,*,#4037,.T.);
#5654=ORIENTED_EDGE('',*,*,#4009,.F.);
#5655=ORIENTED_EDGE('',*,*,#4018,.T.);
#5656=ORIENTED_EDGE('',*,*,#4055,.F.);
#5657=ORIENTED_EDGE('',*,*,#4056,.T.);
#5658=ORIENTED_EDGE('',*,*,#4057,.F.);
#5659=ORIENTED_EDGE('',*,*,#4053,.F.);
#5660=ORIENTED_EDGE('',*,*,#4031,.T.);
#5661=ORIENTED_EDGE('',*,*,#4050,.F.);
#5662=ORIENTED_EDGE('',*,*,#4058,.F.);
#5663=ORIENTED_EDGE('',*,*,#4059,.F.);
#5664=ORIENTED_EDGE('',*,*,#3956,.F.);
#5665=ORIENTED_EDGE('',*,*,#4027,.T.);
#5666=ORIENTED_EDGE('',*,*,#4054,.T.);
#5667=ORIENTED_EDGE('',*,*,#4035,.T.);
#5668=ORIENTED_EDGE('',*,*,#4048,.T.);
#5669=ORIENTED_EDGE('',*,*,#4033,.T.);
#5670=ORIENTED_EDGE('',*,*,#4057,.T.);
#5671=ORIENTED_EDGE('',*,*,#4043,.T.);
#5672=ORIENTED_EDGE('',*,*,#4051,.T.);
#5673=ORIENTED_EDGE('',*,*,#4049,.F.);
#5674=ORIENTED_EDGE('',*,*,#4039,.T.);
#5675=ORIENTED_EDGE('',*,*,#4056,.F.);
#5676=ORIENTED_EDGE('',*,*,#4060,.F.);
#5677=ORIENTED_EDGE('',*,*,#3911,.F.);
#5678=ORIENTED_EDGE('',*,*,#3970,.F.);
#5679=ORIENTED_EDGE('',*,*,#4061,.F.);
#5680=ORIENTED_EDGE('',*,*,#4062,.T.);
#5681=ORIENTED_EDGE('',*,*,#4017,.F.);
#5682=ORIENTED_EDGE('',*,*,#4062,.F.);
#5683=ORIENTED_EDGE('',*,*,#4058,.T.);
#5684=ORIENTED_EDGE('',*,*,#4052,.T.);
#5685=ORIENTED_EDGE('',*,*,#4047,.T.);
#5686=ORIENTED_EDGE('',*,*,#4063,.T.);
#5687=ORIENTED_EDGE('',*,*,#4061,.T.);
#5688=ORIENTED_EDGE('',*,*,#4063,.F.);
#5689=ORIENTED_EDGE('',*,*,#4046,.T.);
#5690=ORIENTED_EDGE('',*,*,#3971,.F.);
#5691=ORIENTED_EDGE('',*,*,#4015,.F.);
#5692=ORIENTED_EDGE('',*,*,#3935,.F.);
#5693=ORIENTED_EDGE('',*,*,#4059,.T.);
#5694=ORIENTED_EDGE('',*,*,#4064,.F.);
#5695=ORIENTED_EDGE('',*,*,#4065,.T.);
#5696=ORIENTED_EDGE('',*,*,#4023,.T.);
#5697=ORIENTED_EDGE('',*,*,#4065,.F.);
#5698=ORIENTED_EDGE('',*,*,#4060,.T.);
#5699=ORIENTED_EDGE('',*,*,#4055,.T.);
#5700=ORIENTED_EDGE('',*,*,#4021,.T.);
#5701=ORIENTED_EDGE('',*,*,#3912,.T.);
#5702=ORIENTED_EDGE('',*,*,#4064,.T.);
#5703=ORIENTED_EDGE('',*,*,#4066,.T.);
#5704=ORIENTED_EDGE('',*,*,#4067,.T.);
#5705=ORIENTED_EDGE('',*,*,#4068,.T.);
#5706=ORIENTED_EDGE('',*,*,#4069,.T.);
#5707=ORIENTED_EDGE('',*,*,#4069,.F.);
#5708=ORIENTED_EDGE('',*,*,#4070,.T.);
#5709=ORIENTED_EDGE('',*,*,#4071,.F.);
#5710=ORIENTED_EDGE('',*,*,#4072,.F.);
#5711=ORIENTED_EDGE('',*,*,#4068,.F.);
#5712=ORIENTED_EDGE('',*,*,#4073,.F.);
#5713=ORIENTED_EDGE('',*,*,#4074,.F.);
#5714=ORIENTED_EDGE('',*,*,#4075,.F.);
#5715=ORIENTED_EDGE('',*,*,#4076,.F.);
#5716=ORIENTED_EDGE('',*,*,#4077,.F.);
#5717=ORIENTED_EDGE('',*,*,#4078,.F.);
#5718=ORIENTED_EDGE('',*,*,#4070,.F.);
#5719=ORIENTED_EDGE('',*,*,#4079,.F.);
#5720=ORIENTED_EDGE('',*,*,#4080,.F.);
#5721=ORIENTED_EDGE('',*,*,#4081,.F.);
#5722=ORIENTED_EDGE('',*,*,#4082,.F.);
#5723=ORIENTED_EDGE('',*,*,#4083,.T.);
#5724=ORIENTED_EDGE('',*,*,#4084,.T.);
#5725=ORIENTED_EDGE('',*,*,#4074,.T.);
#5726=ORIENTED_EDGE('',*,*,#4085,.T.);
#5727=ORIENTED_EDGE('',*,*,#4084,.F.);
#5728=ORIENTED_EDGE('',*,*,#4086,.F.);
#5729=ORIENTED_EDGE('',*,*,#4087,.F.);
#5730=ORIENTED_EDGE('',*,*,#4075,.T.);
#5731=ORIENTED_EDGE('',*,*,#4088,.T.);
#5732=ORIENTED_EDGE('',*,*,#4089,.T.);
#5733=ORIENTED_EDGE('',*,*,#4076,.T.);
#5734=ORIENTED_EDGE('',*,*,#4087,.T.);
#5735=ORIENTED_EDGE('',*,*,#4090,.T.);
#5736=ORIENTED_EDGE('',*,*,#4071,.T.);
#5737=ORIENTED_EDGE('',*,*,#4078,.T.);
#5738=ORIENTED_EDGE('',*,*,#4091,.T.);
#5739=ORIENTED_EDGE('',*,*,#4092,.F.);
#5740=ORIENTED_EDGE('',*,*,#4093,.T.);
#5741=ORIENTED_EDGE('',*,*,#4082,.T.);
#5742=ORIENTED_EDGE('',*,*,#4093,.F.);
#5743=ORIENTED_EDGE('',*,*,#4094,.F.);
#5744=ORIENTED_EDGE('',*,*,#4095,.T.);
#5745=ORIENTED_EDGE('',*,*,#4081,.T.);
#5746=ORIENTED_EDGE('',*,*,#4095,.F.);
#5747=ORIENTED_EDGE('',*,*,#4096,.F.);
#5748=ORIENTED_EDGE('',*,*,#4097,.T.);
#5749=ORIENTED_EDGE('',*,*,#4080,.T.);
#5750=ORIENTED_EDGE('',*,*,#4097,.F.);
#5751=ORIENTED_EDGE('',*,*,#4098,.F.);
#5752=ORIENTED_EDGE('',*,*,#4099,.T.);
#5753=ORIENTED_EDGE('',*,*,#4079,.T.);
#5754=ORIENTED_EDGE('',*,*,#4099,.F.);
#5755=ORIENTED_EDGE('',*,*,#4089,.F.);
#5756=ORIENTED_EDGE('',*,*,#4100,.F.);
#5757=ORIENTED_EDGE('',*,*,#4091,.F.);
#5758=ORIENTED_EDGE('',*,*,#4077,.T.);
#5759=ORIENTED_EDGE('',*,*,#4067,.F.);
#5760=ORIENTED_EDGE('',*,*,#4101,.F.);
#5761=ORIENTED_EDGE('',*,*,#4085,.F.);
#5762=ORIENTED_EDGE('',*,*,#4073,.T.);
#5763=ORIENTED_EDGE('',*,*,#4066,.F.);
#5764=ORIENTED_EDGE('',*,*,#4072,.T.);
#5765=ORIENTED_EDGE('',*,*,#4090,.F.);
#5766=ORIENTED_EDGE('',*,*,#4100,.T.);
#5767=ORIENTED_EDGE('',*,*,#4088,.F.);
#5768=ORIENTED_EDGE('',*,*,#4086,.T.);
#5769=ORIENTED_EDGE('',*,*,#4083,.F.);
#5770=ORIENTED_EDGE('',*,*,#4101,.T.);
#5771=ORIENTED_EDGE('',*,*,#4098,.T.);
#5772=ORIENTED_EDGE('',*,*,#4096,.T.);
#5773=ORIENTED_EDGE('',*,*,#4094,.T.);
#5774=ORIENTED_EDGE('',*,*,#4092,.T.);
#5775=ORIENTED_EDGE('',*,*,#4102,.F.);
#5776=ORIENTED_EDGE('',*,*,#4103,.T.);
#5777=ORIENTED_EDGE('',*,*,#4104,.T.);
#5778=ORIENTED_EDGE('',*,*,#4103,.F.);
#5779=ORIENTED_EDGE('',*,*,#4102,.T.);
#5780=ORIENTED_EDGE('',*,*,#4104,.F.);
#5781=CYLINDRICAL_SURFACE('',#6390,1.99999999999999);
#5782=CYLINDRICAL_SURFACE('',#6393,1.99999999999999);
#5783=CYLINDRICAL_SURFACE('',#6396,1.99999999999999);
#5784=CYLINDRICAL_SURFACE('',#6399,1.99999999999999);
#5785=CYLINDRICAL_SURFACE('',#6402,6.00000000000003);
#5786=CYLINDRICAL_SURFACE('',#6429,5.99999999999999);
#5787=CYLINDRICAL_SURFACE('',#6431,5.99999999999998);
#5788=CYLINDRICAL_SURFACE('',#6433,5.99999999999998);
#5789=CYLINDRICAL_SURFACE('',#6435,1.99999999999999);
#5790=CYLINDRICAL_SURFACE('',#6437,1.99999999999999);
#5791=CYLINDRICAL_SURFACE('',#6439,1.99999999999999);
#5792=CYLINDRICAL_SURFACE('',#6441,2.);
#5793=CYLINDRICAL_SURFACE('',#6443,1.99999999999999);
#5794=CYLINDRICAL_SURFACE('',#6445,1.99999999999999);
#5795=CYLINDRICAL_SURFACE('',#6447,1.99999999999999);
#5796=CYLINDRICAL_SURFACE('',#6449,1.99999999999999);
#5797=CYLINDRICAL_SURFACE('',#6451,1.99999999999999);
#5798=CYLINDRICAL_SURFACE('',#6453,1.99999999999999);
#5799=CYLINDRICAL_SURFACE('',#6455,1.99999999999999);
#5800=CYLINDRICAL_SURFACE('',#6457,1.99999999999999);
#5801=CYLINDRICAL_SURFACE('',#6459,1.99999999999999);
#5802=CYLINDRICAL_SURFACE('',#6461,1.99999999999999);
#5803=CYLINDRICAL_SURFACE('',#6463,1.99999999999999);
#5804=CYLINDRICAL_SURFACE('',#6465,1.99999999999999);
#5805=CYLINDRICAL_SURFACE('',#6467,1.99999999999999);
#5806=CYLINDRICAL_SURFACE('',#6469,1.99999999999999);
#5807=CYLINDRICAL_SURFACE('',#6471,1.99999999999999);
#5808=CYLINDRICAL_SURFACE('',#6473,2.);
#5809=CYLINDRICAL_SURFACE('',#6489,15.);
#5810=CYLINDRICAL_SURFACE('',#6492,15.);
#5811=CYLINDRICAL_SURFACE('',#6496,15.);
#5812=CYLINDRICAL_SURFACE('',#6500,1.99999999999999);
#5813=CYLINDRICAL_SURFACE('',#6503,1.99999999999999);
#5814=CYLINDRICAL_SURFACE('',#6506,1.99999999999999);
#5815=CYLINDRICAL_SURFACE('',#6509,1.99999999999999);
#5816=CYLINDRICAL_SURFACE('',#6520,1.99999999999992);
#5817=CYLINDRICAL_SURFACE('',#6531,0.999999999999992);
#5818=CYLINDRICAL_SURFACE('',#6533,2.);
#5819=CYLINDRICAL_SURFACE('',#6540,0.999999999999999);
#5820=CYLINDRICAL_SURFACE('',#6546,1.99999999999999);
#5821=CYLINDRICAL_SURFACE('',#6548,2.);
#5822=CYLINDRICAL_SURFACE('',#6550,1.99999999999999);
#5823=CYLINDRICAL_SURFACE('',#6556,1.99999999999999);
#5824=CYLINDRICAL_SURFACE('',#6559,1.99999999999999);
#5825=CYLINDRICAL_SURFACE('',#6562,1.99999999999999);
#5826=CYLINDRICAL_SURFACE('',#6565,1.99999999999999);
#5827=CYLINDRICAL_SURFACE('',#6576,2.00000000000006);
#5828=CYLINDRICAL_SURFACE('',#6587,1.00000000000001);
#5829=CYLINDRICAL_SURFACE('',#6589,2.);
#5830=CYLINDRICAL_SURFACE('',#6596,1.);
#5831=CYLINDRICAL_SURFACE('',#6602,1.99999999999999);
#5832=CYLINDRICAL_SURFACE('',#6604,1.99999999999999);
#5833=CYLINDRICAL_SURFACE('',#6606,1.99999999999999);
#5834=CYLINDRICAL_SURFACE('',#6612,15.);
#5835=CYLINDRICAL_SURFACE('',#6616,15.);
#5836=CYLINDRICAL_SURFACE('',#6620,15.);
#5837=CYLINDRICAL_SURFACE('',#6623,1.99999999999999);
#5838=CYLINDRICAL_SURFACE('',#6626,1.99999999999999);
#5839=CYLINDRICAL_SURFACE('',#6629,1.99999999999999);
#5840=CYLINDRICAL_SURFACE('',#6632,1.99999999999999);
#5841=CYLINDRICAL_SURFACE('',#6643,2.00000000000004);
#5842=CYLINDRICAL_SURFACE('',#6654,0.999999999999992);
#5843=CYLINDRICAL_SURFACE('',#6656,2.);
#5844=CYLINDRICAL_SURFACE('',#6663,0.999999999999999);
#5845=CYLINDRICAL_SURFACE('',#6669,1.99999999999999);
#5846=CYLINDRICAL_SURFACE('',#6671,2.);
#5847=CYLINDRICAL_SURFACE('',#6673,1.99999999999999);
#5848=CYLINDRICAL_SURFACE('',#6679,1.99999999999999);
#5849=CYLINDRICAL_SURFACE('',#6682,1.99999999999999);
#5850=CYLINDRICAL_SURFACE('',#6685,1.99999999999999);
#5851=CYLINDRICAL_SURFACE('',#6688,1.99999999999999);
#5852=CYLINDRICAL_SURFACE('',#6691,4.99999999999994);
#5853=CYLINDRICAL_SURFACE('',#6702,2.99999999999998);
#5854=CYLINDRICAL_SURFACE('',#6704,4.9999999999999);
#5855=CYLINDRICAL_SURFACE('',#6715,2.99999999999998);
#5856=CYLINDRICAL_SURFACE('',#6721,4.99999999999988);
#5857=CYLINDRICAL_SURFACE('',#6724,2.99999999999998);
#5858=CYLINDRICAL_SURFACE('',#6734,1.99999999999999);
#5859=CYLINDRICAL_SURFACE('',#6736,1.99999999999999);
#5860=CYLINDRICAL_SURFACE('',#6742,1.99999999999999);
#5861=CYLINDRICAL_SURFACE('',#6745,1.99999999999999);
#5862=CYLINDRICAL_SURFACE('',#6748,1.99999999999999);
#5863=CYLINDRICAL_SURFACE('',#6751,1.99999999999999);
#5864=CYLINDRICAL_SURFACE('',#6754,4.99999999999994);
#5865=CYLINDRICAL_SURFACE('',#6765,2.99999999999994);
#5866=CYLINDRICAL_SURFACE('',#6767,5.00000000000001);
#5867=CYLINDRICAL_SURFACE('',#6778,3.00000000000009);
#5868=CYLINDRICAL_SURFACE('',#6784,3.00000000000007);
#5869=CYLINDRICAL_SURFACE('',#6787,5.00000000000012);
#5870=CYLINDRICAL_SURFACE('',#6797,1.99999999999999);
#5871=CYLINDRICAL_SURFACE('',#6799,1.99999999999999);
#5872=CYLINDRICAL_SURFACE('',#6805,5.);
#5873=CYLINDRICAL_SURFACE('',#6808,5.);
#5874=CYLINDRICAL_SURFACE('',#6813,7.07106786456766);
#5875=CYLINDRICAL_SURFACE('',#6816,7.07106786456766);
#5876=CYLINDRICAL_SURFACE('',#6824,1.99999999999996);
#5877=CYLINDRICAL_SURFACE('',#6832,0.999999999999997);
#5878=CYLINDRICAL_SURFACE('',#6834,1.99999999999999);
#5879=CYLINDRICAL_SURFACE('',#6843,0.999999999999994);
#5880=CYLINDRICAL_SURFACE('',#6852,1.99999999999999);
#5881=CYLINDRICAL_SURFACE('',#6854,1.99999999999999);
#5882=CYLINDRICAL_SURFACE('',#6856,1.99999999999999);
#5883=CYLINDRICAL_SURFACE('',#6858,1.99999999999999);
#5884=CYLINDRICAL_SURFACE('',#6862,15.);
#5885=CYLINDRICAL_SURFACE('',#6865,15.);
#5886=CYLINDRICAL_SURFACE('',#6881,2.00000000000027);
#5887=CYLINDRICAL_SURFACE('',#6890,1.00000000000005);
#5888=CYLINDRICAL_SURFACE('',#6892,2.00000000000031);
#5889=CYLINDRICAL_SURFACE('',#6902,0.999999999999992);
#5890=CYLINDRICAL_SURFACE('',#6904,2.00000000000004);
#5891=CYLINDRICAL_SURFACE('',#6913,0.999999999999992);
#5892=CYLINDRICAL_SURFACE('',#6914,2.00000000000001);
#5893=CYLINDRICAL_SURFACE('',#6924,1.00000000000003);
#5894=CYLINDRICAL_SURFACE('',#6939,2.00000000000004);
#5895=CYLINDRICAL_SURFACE('',#6946,1.00000000000002);
#5896=CYLINDRICAL_SURFACE('',#6947,1.99999999999992);
#5897=CYLINDRICAL_SURFACE('',#6954,0.999999999999987);
#5898=CYLINDRICAL_SURFACE('',#6958,1.99999999999997);
#5899=CYLINDRICAL_SURFACE('',#6961,0.999999999999985);
#5900=CYLINDRICAL_SURFACE('',#6964,2.);
#5901=CYLINDRICAL_SURFACE('',#6967,1.00000000000001);
#5902=CYLINDRICAL_SURFACE('',#6973,5.);
#5903=CYLINDRICAL_SURFACE('',#6977,5.);
#5904=CYLINDRICAL_SURFACE('',#6981,15.);
#5905=CYLINDRICAL_SURFACE('',#6993,15.);
#5906=CYLINDRICAL_SURFACE('',#6996,15.);
#5907=CYLINDRICAL_SURFACE('',#6998,15.);
#5908=CYLINDRICAL_SURFACE('',#7000,1.99999999999999);
#5909=CYLINDRICAL_SURFACE('',#7002,1.99999999999999);
#5910=CYLINDRICAL_SURFACE('',#7004,1.99999999999999);
#5911=CYLINDRICAL_SURFACE('',#7006,1.99999999999999);
#5912=CYLINDRICAL_SURFACE('',#7012,50.8);
#5913=ADVANCED_FACE('',(#501),#5781,.F.);
#5914=ADVANCED_FACE('',(#502),#5782,.F.);
#5915=ADVANCED_FACE('',(#503),#5783,.F.);
#5916=ADVANCED_FACE('',(#504),#5784,.F.);
#5917=ADVANCED_FACE('',(#505),#5785,.T.);
#5918=ADVANCED_FACE('',(#506,#129,#130,#131,#132,#133,#134,#135,#136,#137,
#138,#139,#140,#141,#142,#143,#144,#145,#146,#147,#148,#149,#150,#151,#152),
#279,.F.);
#5919=ADVANCED_FACE('',(#507),#5786,.T.);
#5920=ADVANCED_FACE('',(#508),#5787,.T.);
#5921=ADVANCED_FACE('',(#509),#5788,.T.);
#5922=ADVANCED_FACE('',(#510),#5789,.F.);
#5923=ADVANCED_FACE('',(#511),#5790,.F.);
#5924=ADVANCED_FACE('',(#512),#5791,.F.);
#5925=ADVANCED_FACE('',(#513),#5792,.F.);
#5926=ADVANCED_FACE('',(#514),#5793,.F.);
#5927=ADVANCED_FACE('',(#515),#5794,.F.);
#5928=ADVANCED_FACE('',(#516),#5795,.F.);
#5929=ADVANCED_FACE('',(#517),#5796,.F.);
#5930=ADVANCED_FACE('',(#518),#5797,.F.);
#5931=ADVANCED_FACE('',(#519),#5798,.F.);
#5932=ADVANCED_FACE('',(#520),#5799,.F.);
#5933=ADVANCED_FACE('',(#521),#5800,.F.);
#5934=ADVANCED_FACE('',(#522),#5801,.F.);
#5935=ADVANCED_FACE('',(#523),#5802,.F.);
#5936=ADVANCED_FACE('',(#524),#5803,.F.);
#5937=ADVANCED_FACE('',(#525),#5804,.F.);
#5938=ADVANCED_FACE('',(#526),#5805,.F.);
#5939=ADVANCED_FACE('',(#527),#5806,.F.);
#5940=ADVANCED_FACE('',(#528),#5807,.F.);
#5941=ADVANCED_FACE('',(#529),#5808,.F.);
#5942=ADVANCED_FACE('',(#530),#280,.T.);
#5943=ADVANCED_FACE('',(#531),#281,.T.);
#5944=ADVANCED_FACE('',(#532),#282,.T.);
#5945=ADVANCED_FACE('',(#533),#283,.T.);
#5946=ADVANCED_FACE('',(#534),#284,.T.);
#5947=ADVANCED_FACE('',(#535),#285,.T.);
#5948=ADVANCED_FACE('',(#536),#286,.T.);
#5949=ADVANCED_FACE('',(#537),#287,.T.);
#5950=ADVANCED_FACE('',(#538),#288,.T.);
#5951=ADVANCED_FACE('',(#539),#289,.T.);
#5952=ADVANCED_FACE('',(#540),#290,.T.);
#5953=ADVANCED_FACE('',(#541),#291,.T.);
#5954=ADVANCED_FACE('',(#542,#153,#154,#155,#156,#157,#158,#159,#160,#161,
#162,#163,#164,#165,#166,#167,#168,#169,#170,#171,#172,#173,#174,#175,#176),
#292,.T.);
#5955=ADVANCED_FACE('',(#543),#5809,.F.);
#5956=ADVANCED_FACE('',(#544),#5810,.F.);
#5957=ADVANCED_FACE('',(#545),#293,.F.);
#5958=ADVANCED_FACE('',(#546),#5811,.F.);
#5959=ADVANCED_FACE('',(#547),#294,.F.);
#5960=ADVANCED_FACE('',(#548),#5812,.F.);
#5961=ADVANCED_FACE('',(#549),#5813,.F.);
#5962=ADVANCED_FACE('',(#550),#5814,.F.);
#5963=ADVANCED_FACE('',(#551),#5815,.F.);
#5964=ADVANCED_FACE('',(#552),#295,.T.);
#5965=ADVANCED_FACE('',(#553),#296,.T.);
#5966=ADVANCED_FACE('',(#554),#297,.T.);
#5967=ADVANCED_FACE('',(#555,#177,#178,#179,#180,#181,#182),#298,.F.);
#5968=ADVANCED_FACE('',(#556,#183,#184,#185,#186,#187,#188),#299,.T.);
#5969=ADVANCED_FACE('',(#557),#300,.T.);
#5970=ADVANCED_FACE('',(#558),#301,.T.);
#5971=ADVANCED_FACE('',(#559),#302,.T.);
#5972=ADVANCED_FACE('',(#560),#5816,.T.);
#5973=ADVANCED_FACE('',(#561),#303,.T.);
#5974=ADVANCED_FACE('',(#562),#304,.T.);
#5975=ADVANCED_FACE('',(#563),#305,.T.);
#5976=ADVANCED_FACE('',(#564),#306,.T.);
#5977=ADVANCED_FACE('',(#565),#307,.T.);
#5978=ADVANCED_FACE('',(#566),#308,.T.);
#5979=ADVANCED_FACE('',(#567),#5817,.F.);
#5980=ADVANCED_FACE('',(#568),#309,.T.);
#5981=ADVANCED_FACE('',(#569),#5818,.T.);
#5982=ADVANCED_FACE('',(#570),#310,.T.);
#5983=ADVANCED_FACE('',(#571),#311,.T.);
#5984=ADVANCED_FACE('',(#572),#5819,.F.);
#5985=ADVANCED_FACE('',(#573),#312,.T.);
#5986=ADVANCED_FACE('',(#574,#189,#190,#191),#313,.T.);
#5987=ADVANCED_FACE('',(#575),#5820,.F.);
#5988=ADVANCED_FACE('',(#576),#5821,.F.);
#5989=ADVANCED_FACE('',(#577),#5822,.F.);
#5990=ADVANCED_FACE('',(#578),#314,.T.);
#5991=ADVANCED_FACE('',(#579),#315,.T.);
#5992=ADVANCED_FACE('',(#580,#192,#193,#194),#316,.F.);
#5993=ADVANCED_FACE('',(#581),#5823,.F.);
#5994=ADVANCED_FACE('',(#582),#5824,.F.);
#5995=ADVANCED_FACE('',(#583),#5825,.F.);
#5996=ADVANCED_FACE('',(#584),#5826,.F.);
#5997=ADVANCED_FACE('',(#585),#317,.T.);
#5998=ADVANCED_FACE('',(#586),#318,.T.);
#5999=ADVANCED_FACE('',(#587),#319,.T.);
#6000=ADVANCED_FACE('',(#588,#195,#196,#197,#198),#320,.T.);
#6001=ADVANCED_FACE('',(#589,#199,#200,#201,#202),#321,.T.);
#6002=ADVANCED_FACE('',(#590),#322,.T.);
#6003=ADVANCED_FACE('',(#591),#323,.T.);
#6004=ADVANCED_FACE('',(#592),#324,.T.);
#6005=ADVANCED_FACE('',(#593),#5827,.T.);
#6006=ADVANCED_FACE('',(#594),#325,.T.);
#6007=ADVANCED_FACE('',(#595),#326,.T.);
#6008=ADVANCED_FACE('',(#596),#327,.T.);
#6009=ADVANCED_FACE('',(#597),#328,.T.);
#6010=ADVANCED_FACE('',(#598),#329,.T.);
#6011=ADVANCED_FACE('',(#599),#330,.T.);
#6012=ADVANCED_FACE('',(#600),#5828,.F.);
#6013=ADVANCED_FACE('',(#601),#331,.T.);
#6014=ADVANCED_FACE('',(#602),#5829,.T.);
#6015=ADVANCED_FACE('',(#603),#332,.T.);
#6016=ADVANCED_FACE('',(#604),#333,.T.);
#6017=ADVANCED_FACE('',(#605),#5830,.F.);
#6018=ADVANCED_FACE('',(#606),#334,.T.);
#6019=ADVANCED_FACE('',(#607,#203,#204,#205),#335,.T.);
#6020=ADVANCED_FACE('',(#608),#5831,.F.);
#6021=ADVANCED_FACE('',(#609),#5832,.F.);
#6022=ADVANCED_FACE('',(#610),#5833,.F.);
#6023=ADVANCED_FACE('',(#611),#336,.T.);
#6024=ADVANCED_FACE('',(#612),#337,.T.);
#6025=ADVANCED_FACE('',(#613,#206,#207,#208),#338,.F.);
#6026=ADVANCED_FACE('',(#614),#5834,.F.);
#6027=ADVANCED_FACE('',(#615),#339,.F.);
#6028=ADVANCED_FACE('',(#616),#5835,.F.);
#6029=ADVANCED_FACE('',(#617),#340,.F.);
#6030=ADVANCED_FACE('',(#618),#5836,.F.);
#6031=ADVANCED_FACE('',(#619),#5837,.F.);
#6032=ADVANCED_FACE('',(#620),#5838,.F.);
#6033=ADVANCED_FACE('',(#621),#5839,.F.);
#6034=ADVANCED_FACE('',(#622),#5840,.F.);
#6035=ADVANCED_FACE('',(#623),#341,.T.);
#6036=ADVANCED_FACE('',(#624),#342,.T.);
#6037=ADVANCED_FACE('',(#625),#343,.T.);
#6038=ADVANCED_FACE('',(#626,#209,#210,#211,#212,#213,#214),#344,.T.);
#6039=ADVANCED_FACE('',(#627,#215,#216,#217,#218,#219,#220),#345,.T.);
#6040=ADVANCED_FACE('',(#628),#346,.T.);
#6041=ADVANCED_FACE('',(#629),#347,.T.);
#6042=ADVANCED_FACE('',(#630),#348,.T.);
#6043=ADVANCED_FACE('',(#631),#5841,.T.);
#6044=ADVANCED_FACE('',(#632),#349,.T.);
#6045=ADVANCED_FACE('',(#633),#350,.F.);
#6046=ADVANCED_FACE('',(#634),#351,.T.);
#6047=ADVANCED_FACE('',(#635),#352,.T.);
#6048=ADVANCED_FACE('',(#636),#353,.T.);
#6049=ADVANCED_FACE('',(#637),#354,.T.);
#6050=ADVANCED_FACE('',(#638),#5842,.F.);
#6051=ADVANCED_FACE('',(#639),#355,.T.);
#6052=ADVANCED_FACE('',(#640),#5843,.T.);
#6053=ADVANCED_FACE('',(#641),#356,.T.);
#6054=ADVANCED_FACE('',(#642),#357,.T.);
#6055=ADVANCED_FACE('',(#643),#5844,.F.);
#6056=ADVANCED_FACE('',(#644),#358,.T.);
#6057=ADVANCED_FACE('',(#645,#221,#222,#223),#359,.T.);
#6058=ADVANCED_FACE('',(#646),#5845,.F.);
#6059=ADVANCED_FACE('',(#647),#5846,.F.);
#6060=ADVANCED_FACE('',(#648),#5847,.F.);
#6061=ADVANCED_FACE('',(#649),#360,.T.);
#6062=ADVANCED_FACE('',(#650),#361,.T.);
#6063=ADVANCED_FACE('',(#651,#224,#225,#226),#362,.F.);
#6064=ADVANCED_FACE('',(#652),#5848,.F.);
#6065=ADVANCED_FACE('',(#653),#5849,.F.);
#6066=ADVANCED_FACE('',(#654),#5850,.F.);
#6067=ADVANCED_FACE('',(#655),#5851,.F.);
#6068=ADVANCED_FACE('',(#656),#5852,.T.);
#6069=ADVANCED_FACE('',(#657),#363,.T.);
#6070=ADVANCED_FACE('',(#658,#227),#364,.T.);
#6071=ADVANCED_FACE('',(#659),#365,.T.);
#6072=ADVANCED_FACE('',(#660),#366,.T.);
#6073=ADVANCED_FACE('',(#661),#367,.T.);
#6074=ADVANCED_FACE('',(#662),#368,.T.);
#6075=ADVANCED_FACE('',(#663),#5853,.F.);
#6076=ADVANCED_FACE('',(#664,#228),#369,.T.);
#6077=ADVANCED_FACE('',(#665),#5854,.T.);
#6078=ADVANCED_FACE('',(#666),#370,.T.);
#6079=ADVANCED_FACE('',(#667,#229),#371,.T.);
#6080=ADVANCED_FACE('',(#668),#372,.T.);
#6081=ADVANCED_FACE('',(#669),#373,.T.);
#6082=ADVANCED_FACE('',(#670),#374,.T.);
#6083=ADVANCED_FACE('',(#671),#375,.T.);
#6084=ADVANCED_FACE('',(#672),#5855,.F.);
#6085=ADVANCED_FACE('',(#673,#230),#376,.T.);
#6086=ADVANCED_FACE('',(#674),#377,.F.);
#6087=ADVANCED_FACE('',(#675),#378,.F.);
#6088=ADVANCED_FACE('',(#676),#5856,.T.);
#6089=ADVANCED_FACE('',(#677),#379,.F.);
#6090=ADVANCED_FACE('',(#678),#5857,.F.);
#6091=ADVANCED_FACE('',(#679,#231,#232),#380,.T.);
#6092=ADVANCED_FACE('',(#680),#381,.F.);
#6093=ADVANCED_FACE('',(#681),#382,.T.);
#6094=ADVANCED_FACE('',(#682,#233,#234),#383,.T.);
#6095=ADVANCED_FACE('',(#683),#384,.T.);
#6096=ADVANCED_FACE('',(#684,#235,#236),#385,.F.);
#6097=ADVANCED_FACE('',(#685),#5858,.F.);
#6098=ADVANCED_FACE('',(#686),#5859,.F.);
#6099=ADVANCED_FACE('',(#687),#386,.T.);
#6100=ADVANCED_FACE('',(#688),#387,.T.);
#6101=ADVANCED_FACE('',(#689,#237,#238),#388,.T.);
#6102=ADVANCED_FACE('',(#690),#5860,.F.);
#6103=ADVANCED_FACE('',(#691),#5861,.F.);
#6104=ADVANCED_FACE('',(#692),#5862,.F.);
#6105=ADVANCED_FACE('',(#693),#5863,.F.);
#6106=ADVANCED_FACE('',(#694),#5864,.T.);
#6107=ADVANCED_FACE('',(#695),#389,.T.);
#6108=ADVANCED_FACE('',(#696,#239),#390,.F.);
#6109=ADVANCED_FACE('',(#697),#391,.T.);
#6110=ADVANCED_FACE('',(#698),#392,.T.);
#6111=ADVANCED_FACE('',(#699),#393,.T.);
#6112=ADVANCED_FACE('',(#700),#394,.T.);
#6113=ADVANCED_FACE('',(#701),#5865,.F.);
#6114=ADVANCED_FACE('',(#702,#240),#395,.T.);
#6115=ADVANCED_FACE('',(#703),#5866,.T.);
#6116=ADVANCED_FACE('',(#704),#396,.T.);
#6117=ADVANCED_FACE('',(#705,#241),#397,.F.);
#6118=ADVANCED_FACE('',(#706),#398,.T.);
#6119=ADVANCED_FACE('',(#707),#399,.T.);
#6120=ADVANCED_FACE('',(#708),#400,.T.);
#6121=ADVANCED_FACE('',(#709),#401,.T.);
#6122=ADVANCED_FACE('',(#710),#5867,.F.);
#6123=ADVANCED_FACE('',(#711,#242),#402,.T.);
#6124=ADVANCED_FACE('',(#712),#403,.F.);
#6125=ADVANCED_FACE('',(#713),#404,.F.);
#6126=ADVANCED_FACE('',(#714),#5868,.F.);
#6127=ADVANCED_FACE('',(#715),#405,.F.);
#6128=ADVANCED_FACE('',(#716),#5869,.T.);
#6129=ADVANCED_FACE('',(#717),#406,.F.);
#6130=ADVANCED_FACE('',(#718,#243,#244),#407,.F.);
#6131=ADVANCED_FACE('',(#719),#408,.T.);
#6132=ADVANCED_FACE('',(#720,#245,#246),#409,.T.);
#6133=ADVANCED_FACE('',(#721),#410,.T.);
#6134=ADVANCED_FACE('',(#722,#247,#248),#411,.F.);
#6135=ADVANCED_FACE('',(#723),#5870,.F.);
#6136=ADVANCED_FACE('',(#724),#5871,.F.);
#6137=ADVANCED_FACE('',(#725),#412,.T.);
#6138=ADVANCED_FACE('',(#726),#413,.T.);
#6139=ADVANCED_FACE('',(#727,#249,#250),#414,.T.);
#6140=ADVANCED_FACE('',(#728),#5872,.F.);
#6141=ADVANCED_FACE('',(#729),#5873,.F.);
#6142=ADVANCED_FACE('',(#730),#415,.F.);
#6143=ADVANCED_FACE('',(#731),#416,.F.);
#6144=ADVANCED_FACE('',(#732),#5874,.T.);
#6145=ADVANCED_FACE('',(#733),#5875,.T.);
#6146=ADVANCED_FACE('',(#734),#417,.F.);
#6147=ADVANCED_FACE('',(#735),#418,.F.);
#6148=ADVANCED_FACE('',(#736),#419,.T.);
#6149=ADVANCED_FACE('',(#737,#251),#420,.T.);
#6150=ADVANCED_FACE('',(#738,#252),#421,.F.);
#6151=ADVANCED_FACE('',(#739),#5876,.T.);
#6152=ADVANCED_FACE('',(#740),#422,.T.);
#6153=ADVANCED_FACE('',(#741),#423,.T.);
#6154=ADVANCED_FACE('',(#742),#424,.T.);
#6155=ADVANCED_FACE('',(#743),#5877,.F.);
#6156=ADVANCED_FACE('',(#744,#253),#425,.T.);
#6157=ADVANCED_FACE('',(#745),#5878,.T.);
#6158=ADVANCED_FACE('',(#746),#426,.T.);
#6159=ADVANCED_FACE('',(#747),#427,.T.);
#6160=ADVANCED_FACE('',(#748),#428,.T.);
#6161=ADVANCED_FACE('',(#749),#429,.T.);
#6162=ADVANCED_FACE('',(#750),#5879,.F.);
#6163=ADVANCED_FACE('',(#751,#254),#430,.T.);
#6164=ADVANCED_FACE('',(#752),#431,.T.);
#6165=ADVANCED_FACE('',(#753,#255,#256,#257,#258),#432,.F.);
#6166=ADVANCED_FACE('',(#754),#433,.T.);
#6167=ADVANCED_FACE('',(#755),#5880,.F.);
#6168=ADVANCED_FACE('',(#756),#5881,.F.);
#6169=ADVANCED_FACE('',(#757),#5882,.F.);
#6170=ADVANCED_FACE('',(#758),#5883,.F.);
#6171=ADVANCED_FACE('',(#759,#259,#260,#261,#262),#434,.T.);
#6172=ADVANCED_FACE('',(#760),#5884,.F.);
#6173=ADVANCED_FACE('',(#761),#5885,.F.);
#6174=ADVANCED_FACE('',(#762),#435,.F.);
#6175=ADVANCED_FACE('',(#763),#436,.F.);
#6176=ADVANCED_FACE('',(#764),#437,.T.);
#6177=ADVANCED_FACE('',(#765),#438,.T.);
#6178=ADVANCED_FACE('',(#766),#439,.T.);
#6179=ADVANCED_FACE('',(#767),#440,.T.);
#6180=ADVANCED_FACE('',(#768),#441,.T.);
#6181=ADVANCED_FACE('',(#769),#442,.F.);
#6182=ADVANCED_FACE('',(#770),#443,.F.);
#6183=ADVANCED_FACE('',(#771),#444,.T.);
#6184=ADVANCED_FACE('',(#772),#445,.F.);
#6185=ADVANCED_FACE('',(#773),#446,.T.);
#6186=ADVANCED_FACE('',(#774),#447,.T.);
#6187=ADVANCED_FACE('',(#775),#5886,.T.);
#6188=ADVANCED_FACE('',(#776),#448,.T.);
#6189=ADVANCED_FACE('',(#777),#449,.T.);
#6190=ADVANCED_FACE('',(#778),#450,.T.);
#6191=ADVANCED_FACE('',(#779),#451,.T.);
#6192=ADVANCED_FACE('',(#780),#5887,.F.);
#6193=ADVANCED_FACE('',(#781),#452,.T.);
#6194=ADVANCED_FACE('',(#782),#5888,.T.);
#6195=ADVANCED_FACE('',(#783),#453,.T.);
#6196=ADVANCED_FACE('',(#784),#454,.T.);
#6197=ADVANCED_FACE('',(#785),#455,.T.);
#6198=ADVANCED_FACE('',(#786),#456,.T.);
#6199=ADVANCED_FACE('',(#787),#457,.T.);
#6200=ADVANCED_FACE('',(#788),#5889,.F.);
#6201=ADVANCED_FACE('',(#789),#458,.T.);
#6202=ADVANCED_FACE('',(#790),#5890,.T.);
#6203=ADVANCED_FACE('',(#791),#459,.T.);
#6204=ADVANCED_FACE('',(#792),#460,.T.);
#6205=ADVANCED_FACE('',(#793),#461,.T.);
#6206=ADVANCED_FACE('',(#794),#462,.T.);
#6207=ADVANCED_FACE('',(#795),#5891,.F.);
#6208=ADVANCED_FACE('',(#796),#5892,.T.);
#6209=ADVANCED_FACE('',(#797),#463,.T.);
#6210=ADVANCED_FACE('',(#798),#464,.F.);
#6211=ADVANCED_FACE('',(#799),#465,.T.);
#6212=ADVANCED_FACE('',(#800),#466,.T.);
#6213=ADVANCED_FACE('',(#801),#467,.T.);
#6214=ADVANCED_FACE('',(#802),#5893,.F.);
#6215=ADVANCED_FACE('',(#803),#468,.T.);
#6216=ADVANCED_FACE('',(#804),#469,.F.);
#6217=ADVANCED_FACE('',(#805,#263),#470,.T.);
#6218=ADVANCED_FACE('',(#806),#471,.T.);
#6219=ADVANCED_FACE('',(#807,#264),#472,.T.);
#6220=ADVANCED_FACE('',(#808,#265),#473,.T.);
#6221=ADVANCED_FACE('',(#809,#266),#474,.T.);
#6222=ADVANCED_FACE('',(#810),#475,.F.);
#6223=ADVANCED_FACE('',(#811,#267),#476,.F.);
#6224=ADVANCED_FACE('',(#812,#268),#477,.F.);
#6225=ADVANCED_FACE('',(#813),#5894,.T.);
#6226=ADVANCED_FACE('',(#814),#478,.T.);
#6227=ADVANCED_FACE('',(#815),#479,.T.);
#6228=ADVANCED_FACE('',(#816),#5895,.F.);
#6229=ADVANCED_FACE('',(#817),#5896,.T.);
#6230=ADVANCED_FACE('',(#818),#480,.T.);
#6231=ADVANCED_FACE('',(#819),#481,.T.);
#6232=ADVANCED_FACE('',(#820),#5897,.F.);
#6233=ADVANCED_FACE('',(#821),#482,.F.);
#6234=ADVANCED_FACE('',(#822),#5898,.T.);
#6235=ADVANCED_FACE('',(#823),#483,.F.);
#6236=ADVANCED_FACE('',(#824),#5899,.F.);
#6237=ADVANCED_FACE('',(#825),#484,.F.);
#6238=ADVANCED_FACE('',(#826),#5900,.T.);
#6239=ADVANCED_FACE('',(#827),#485,.F.);
#6240=ADVANCED_FACE('',(#828),#5901,.F.);
#6241=ADVANCED_FACE('',(#829),#486,.F.);
#6242=ADVANCED_FACE('',(#830),#487,.T.);
#6243=ADVANCED_FACE('',(#831),#488,.F.);
#6244=ADVANCED_FACE('',(#832),#489,.F.);
#6245=ADVANCED_FACE('',(#833),#5902,.F.);
#6246=ADVANCED_FACE('',(#834,#269),#490,.F.);
#6247=ADVANCED_FACE('',(#835),#491,.T.);
#6248=ADVANCED_FACE('',(#836),#5903,.F.);
#6249=ADVANCED_FACE('',(#837,#270),#492,.T.);
#6250=ADVANCED_FACE('',(#838),#5904,.T.);
#6251=ADVANCED_FACE('',(#839),#493,.T.);
#6252=ADVANCED_FACE('',(#840,#271,#272,#273,#274),#494,.F.);
#6253=ADVANCED_FACE('',(#841),#5905,.T.);
#6254=ADVANCED_FACE('',(#842),#495,.T.);
#6255=ADVANCED_FACE('',(#843),#5906,.T.);
#6256=ADVANCED_FACE('',(#844),#5907,.T.);
#6257=ADVANCED_FACE('',(#845),#5908,.F.);
#6258=ADVANCED_FACE('',(#846),#5909,.F.);
#6259=ADVANCED_FACE('',(#847),#5910,.F.);
#6260=ADVANCED_FACE('',(#848),#5911,.F.);
#6261=ADVANCED_FACE('',(#849),#496,.T.);
#6262=ADVANCED_FACE('',(#850),#497,.T.);
#6263=ADVANCED_FACE('',(#851,#275,#276,#277,#278),#498,.T.);
#6264=ADVANCED_FACE('',(#852),#5912,.T.);
#6265=ADVANCED_FACE('',(#853),#499,.T.);
#6266=ADVANCED_FACE('',(#854),#500,.F.);
#6267=CLOSED_SHELL('',(#5913,#5914,#5915,#5916,#5917,#5918,#5919,#5920,
#5921,#5922,#5923,#5924,#5925,#5926,#5927,#5928,#5929,#5930,#5931,#5932,
#5933,#5934,#5935,#5936,#5937,#5938,#5939,#5940,#5941,#5942,#5943,#5944,
#5945,#5946,#5947,#5948,#5949,#5950,#5951,#5952,#5953,#5954));
#6268=CLOSED_SHELL('',(#5955,#5956,#5957,#5958,#5959,#5960,#5961,#5962,
#5963,#5964,#5965,#5966,#5967,#5968,#5969,#5970,#5971,#5972,#5973,#5974,
#5975,#5976,#5977,#5978,#5979,#5980,#5981,#5982,#5983,#5984,#5985,#5986,
#5987,#5988,#5989,#5990,#5991,#5992));
#6269=CLOSED_SHELL('',(#5993,#5994,#5995,#5996,#5997,#5998,#5999,#6000,
#6001,#6002,#6003,#6004,#6005,#6006,#6007,#6008,#6009,#6010,#6011,#6012,
#6013,#6014,#6015,#6016,#6017,#6018,#6019,#6020,#6021,#6022,#6023,#6024,
#6025));
#6270=CLOSED_SHELL('',(#6026,#6027,#6028,#6029,#6030,#6031,#6032,#6033,
#6034,#6035,#6036,#6037,#6038,#6039,#6040,#6041,#6042,#6043,#6044,#6045,
#6046,#6047,#6048,#6049,#6050,#6051,#6052,#6053,#6054,#6055,#6056,#6057,
#6058,#6059,#6060,#6061,#6062,#6063));
#6271=CLOSED_SHELL('',(#6064,#6065,#6066,#6067,#6068,#6069,#6070,#6071,
#6072,#6073,#6074,#6075,#6076,#6077,#6078,#6079,#6080,#6081,#6082,#6083,
#6084,#6085,#6086,#6087,#6088,#6089,#6090,#6091,#6092,#6093,#6094,#6095,
#6096,#6097,#6098,#6099,#6100,#6101));
#6272=CLOSED_SHELL('',(#6102,#6103,#6104,#6105,#6106,#6107,#6108,#6109,
#6110,#6111,#6112,#6113,#6114,#6115,#6116,#6117,#6118,#6119,#6120,#6121,
#6122,#6123,#6124,#6125,#6126,#6127,#6128,#6129,#6130,#6131,#6132,#6133,
#6134,#6135,#6136,#6137,#6138,#6139));
#6273=CLOSED_SHELL('',(#6140,#6141,#6142,#6143,#6144,#6145,#6146,#6147,
#6148,#6149,#6150,#6151,#6152,#6153,#6154,#6155,#6156,#6157,#6158,#6159,
#6160,#6161,#6162,#6163,#6164,#6165,#6166,#6167,#6168,#6169,#6170,#6171));
#6274=CLOSED_SHELL('',(#6172,#6173,#6174,#6175,#6176,#6177,#6178,#6179,
#6180,#6181,#6182,#6183,#6184,#6185,#6186,#6187,#6188,#6189,#6190,#6191,
#6192,#6193,#6194,#6195,#6196,#6197,#6198,#6199,#6200,#6201,#6202,#6203,
#6204,#6205,#6206,#6207,#6208,#6209,#6210,#6211,#6212,#6213,#6214,#6215,
#6216,#6217,#6218,#6219,#6220,#6221,#6222,#6223,#6224,#6225,#6226,#6227,
#6228,#6229,#6230,#6231,#6232,#6233,#6234,#6235,#6236,#6237,#6238,#6239,
#6240,#6241,#6242,#6243,#6244,#6245,#6246,#6247,#6248,#6249));
#6275=CLOSED_SHELL('',(#6250,#6251,#6252,#6253,#6254,#6255,#6256,#6257,
#6258,#6259,#6260,#6261,#6262,#6263));
#6276=CLOSED_SHELL('',(#6264,#6265,#6266));
#6277=DERIVED_UNIT_ELEMENT(#6297,1.);
#6278=DERIVED_UNIT_ELEMENT(#10641,-3.);
#6279=DERIVED_UNIT_ELEMENT(#6297,1.);
#6280=DERIVED_UNIT_ELEMENT(#10641,-3.);
#6281=DERIVED_UNIT_ELEMENT(#6297,1.);
#6282=DERIVED_UNIT_ELEMENT(#10641,-3.);
#6283=DERIVED_UNIT_ELEMENT(#6297,1.);
#6284=DERIVED_UNIT_ELEMENT(#10641,-3.);
#6285=DERIVED_UNIT_ELEMENT(#6297,1.);
#6286=DERIVED_UNIT_ELEMENT(#10641,-3.);
#6287=DERIVED_UNIT_ELEMENT(#6297,1.);
#6288=DERIVED_UNIT_ELEMENT(#10641,-3.);
#6289=DERIVED_UNIT_ELEMENT(#6297,1.);
#6290=DERIVED_UNIT_ELEMENT(#10641,-3.);
#6291=DERIVED_UNIT_ELEMENT(#6297,1.);
#6292=DERIVED_UNIT_ELEMENT(#10641,-3.);
#6293=DERIVED_UNIT_ELEMENT(#6297,1.);
#6294=DERIVED_UNIT_ELEMENT(#10641,-3.);
#6295=DERIVED_UNIT_ELEMENT(#6297,1.);
#6296=DERIVED_UNIT_ELEMENT(#10641,-3.);
#6297=(
MASS_UNIT()
NAMED_UNIT(*)
SI_UNIT(.KILO.,.GRAM.)
);
#6298=DERIVED_UNIT((#6277,#6278));
#6299=DERIVED_UNIT((#6279,#6280));
#6300=DERIVED_UNIT((#6281,#6282));
#6301=DERIVED_UNIT((#6283,#6284));
#6302=DERIVED_UNIT((#6285,#6286));
#6303=DERIVED_UNIT((#6287,#6288));
#6304=DERIVED_UNIT((#6289,#6290));
#6305=DERIVED_UNIT((#6291,#6292));
#6306=DERIVED_UNIT((#6293,#6294));
#6307=DERIVED_UNIT((#6295,#6296));
#6308=MEASURE_REPRESENTATION_ITEM('density measure',
POSITIVE_RATIO_MEASURE(7850.),#6298);
#6309=MEASURE_REPRESENTATION_ITEM('density measure',
POSITIVE_RATIO_MEASURE(7850.),#6299);
#6310=MEASURE_REPRESENTATION_ITEM('density measure',
POSITIVE_RATIO_MEASURE(7850.),#6300);
#6311=MEASURE_REPRESENTATION_ITEM('density measure',
POSITIVE_RATIO_MEASURE(7850.),#6301);
#6312=MEASURE_REPRESENTATION_ITEM('density measure',
POSITIVE_RATIO_MEASURE(7850.),#6302);
#6313=MEASURE_REPRESENTATION_ITEM('density measure',
POSITIVE_RATIO_MEASURE(7850.),#6303);
#6314=MEASURE_REPRESENTATION_ITEM('density measure',
POSITIVE_RATIO_MEASURE(7850.),#6304);
#6315=MEASURE_REPRESENTATION_ITEM('density measure',
POSITIVE_RATIO_MEASURE(7850.),#6305);
#6316=MEASURE_REPRESENTATION_ITEM('density measure',
POSITIVE_RATIO_MEASURE(7850.),#6306);
#6317=MEASURE_REPRESENTATION_ITEM('density measure',
POSITIVE_RATIO_MEASURE(7850.),#6307);
#6318=PROPERTY_DEFINITION_REPRESENTATION(#6368,#6338);
#6319=PROPERTY_DEFINITION_REPRESENTATION(#6369,#6339);
#6320=PROPERTY_DEFINITION_REPRESENTATION(#6370,#6340);
#6321=PROPERTY_DEFINITION_REPRESENTATION(#6371,#6341);
#6322=PROPERTY_DEFINITION_REPRESENTATION(#6372,#6342);
#6323=PROPERTY_DEFINITION_REPRESENTATION(#6373,#6343);
#6324=PROPERTY_DEFINITION_REPRESENTATION(#6374,#6344);
#6325=PROPERTY_DEFINITION_REPRESENTATION(#6375,#6345);
#6326=PROPERTY_DEFINITION_REPRESENTATION(#6376,#6346);
#6327=PROPERTY_DEFINITION_REPRESENTATION(#6377,#6347);
#6328=PROPERTY_DEFINITION_REPRESENTATION(#6378,#6348);
#6329=PROPERTY_DEFINITION_REPRESENTATION(#6379,#6349);
#6330=PROPERTY_DEFINITION_REPRESENTATION(#6380,#6350);
#6331=PROPERTY_DEFINITION_REPRESENTATION(#6381,#6351);
#6332=PROPERTY_DEFINITION_REPRESENTATION(#6382,#6352);
#6333=PROPERTY_DEFINITION_REPRESENTATION(#6383,#6353);
#6334=PROPERTY_DEFINITION_REPRESENTATION(#6384,#6354);
#6335=PROPERTY_DEFINITION_REPRESENTATION(#6385,#6355);
#6336=PROPERTY_DEFINITION_REPRESENTATION(#6386,#6356);
#6337=PROPERTY_DEFINITION_REPRESENTATION(#6387,#6357);
#6338=REPRESENTATION('material name',(#6358),#10629);
#6339=REPRESENTATION('density',(#6308),#10629);
#6340=REPRESENTATION('material name',(#6359),#10630);
#6341=REPRESENTATION('density',(#6309),#10630);
#6342=REPRESENTATION('material name',(#6360),#10631);
#6343=REPRESENTATION('density',(#6310),#10631);
#6344=REPRESENTATION('material name',(#6361),#10632);
#6345=REPRESENTATION('density',(#6311),#10632);
#6346=REPRESENTATION('material name',(#6362),#10633);
#6347=REPRESENTATION('density',(#6312),#10633);
#6348=REPRESENTATION('material name',(#6363),#10634);
#6349=REPRESENTATION('density',(#6313),#10634);
#6350=REPRESENTATION('material name',(#6364),#10635);
#6351=REPRESENTATION('density',(#6314),#10635);
#6352=REPRESENTATION('material name',(#6365),#10636);
#6353=REPRESENTATION('density',(#6315),#10636);
#6354=REPRESENTATION('material name',(#6366),#10637);
#6355=REPRESENTATION('density',(#6316),#10637);
#6356=REPRESENTATION('material name',(#6367),#10638);
#6357=REPRESENTATION('density',(#6317),#10638);
#6358=DESCRIPTIVE_REPRESENTATION_ITEM('Steel','Steel');
#6359=DESCRIPTIVE_REPRESENTATION_ITEM('Steel','Steel');
#6360=DESCRIPTIVE_REPRESENTATION_ITEM('Steel','Steel');
#6361=DESCRIPTIVE_REPRESENTATION_ITEM('Steel','Steel');
#6362=DESCRIPTIVE_REPRESENTATION_ITEM('Steel','Steel');
#6363=DESCRIPTIVE_REPRESENTATION_ITEM('Steel','Steel');
#6364=DESCRIPTIVE_REPRESENTATION_ITEM('Steel','Steel');
#6365=DESCRIPTIVE_REPRESENTATION_ITEM('Steel','Steel');
#6366=DESCRIPTIVE_REPRESENTATION_ITEM('Steel','Steel');
#6367=DESCRIPTIVE_REPRESENTATION_ITEM('Steel','Steel');
#6368=PROPERTY_DEFINITION('material property','material name',#10695);
#6369=PROPERTY_DEFINITION('material property','density of part',#10695);
#6370=PROPERTY_DEFINITION('material property','material name',#10696);
#6371=PROPERTY_DEFINITION('material property','density of part',#10696);
#6372=PROPERTY_DEFINITION('material property','material name',#10697);
#6373=PROPERTY_DEFINITION('material property','density of part',#10697);
#6374=PROPERTY_DEFINITION('material property','material name',#10698);
#6375=PROPERTY_DEFINITION('material property','density of part',#10698);
#6376=PROPERTY_DEFINITION('material property','material name',#10699);
#6377=PROPERTY_DEFINITION('material property','density of part',#10699);
#6378=PROPERTY_DEFINITION('material property','material name',#10700);
#6379=PROPERTY_DEFINITION('material property','density of part',#10700);
#6380=PROPERTY_DEFINITION('material property','material name',#10701);
#6381=PROPERTY_DEFINITION('material property','density of part',#10701);
#6382=PROPERTY_DEFINITION('material property','material name',#10702);
#6383=PROPERTY_DEFINITION('material property','density of part',#10702);
#6384=PROPERTY_DEFINITION('material property','material name',#10703);
#6385=PROPERTY_DEFINITION('material property','density of part',#10703);
#6386=PROPERTY_DEFINITION('material property','material name',#10704);
#6387=PROPERTY_DEFINITION('material property','density of part',#10704);
#6388=AXIS2_PLACEMENT_3D('',#8900,#7034,#7035);
#6389=AXIS2_PLACEMENT_3D('',#8901,#7036,#7037);
#6390=AXIS2_PLACEMENT_3D('',#8902,#7038,#7039);
#6391=AXIS2_PLACEMENT_3D('',#8904,#7040,#7041);
#6392=AXIS2_PLACEMENT_3D('',#8907,#7043,#7044);
#6393=AXIS2_PLACEMENT_3D('',#8908,#7045,#7046);
#6394=AXIS2_PLACEMENT_3D('',#8910,#7047,#7048);
#6395=AXIS2_PLACEMENT_3D('',#8913,#7050,#7051);
#6396=AXIS2_PLACEMENT_3D('',#8914,#7052,#7053);
#6397=AXIS2_PLACEMENT_3D('',#8916,#7054,#7055);
#6398=AXIS2_PLACEMENT_3D('',#8919,#7057,#7058);
#6399=AXIS2_PLACEMENT_3D('',#8920,#7059,#7060);
#6400=AXIS2_PLACEMENT_3D('',#8922,#7061,#7062);
#6401=AXIS2_PLACEMENT_3D('',#8925,#7064,#7065);
#6402=AXIS2_PLACEMENT_3D('',#8926,#7066,#7067);
#6403=AXIS2_PLACEMENT_3D('',#8929,#7068,#7069);
#6404=AXIS2_PLACEMENT_3D('',#8933,#7071,#7072);
#6405=AXIS2_PLACEMENT_3D('',#8935,#7074,#7075);
#6406=AXIS2_PLACEMENT_3D('',#8943,#7079,#7080);
#6407=AXIS2_PLACEMENT_3D('',#8951,#7084,#7085);
#6408=AXIS2_PLACEMENT_3D('',#8959,#7089,#7090);
#6409=AXIS2_PLACEMENT_3D('',#8966,#7094,#7095);
#6410=AXIS2_PLACEMENT_3D('',#8968,#7096,#7097);
#6411=AXIS2_PLACEMENT_3D('',#8970,#7098,#7099);
#6412=AXIS2_PLACEMENT_3D('',#8972,#7100,#7101);
#6413=AXIS2_PLACEMENT_3D('',#8974,#7102,#7103);
#6414=AXIS2_PLACEMENT_3D('',#8976,#7104,#7105);
#6415=AXIS2_PLACEMENT_3D('',#8978,#7106,#7107);
#6416=AXIS2_PLACEMENT_3D('',#8980,#7108,#7109);
#6417=AXIS2_PLACEMENT_3D('',#8982,#7110,#7111);
#6418=AXIS2_PLACEMENT_3D('',#8984,#7112,#7113);
#6419=AXIS2_PLACEMENT_3D('',#8986,#7114,#7115);
#6420=AXIS2_PLACEMENT_3D('',#8988,#7116,#7117);
#6421=AXIS2_PLACEMENT_3D('',#8990,#7118,#7119);
#6422=AXIS2_PLACEMENT_3D('',#8992,#7120,#7121);
#6423=AXIS2_PLACEMENT_3D('',#8994,#7122,#7123);
#6424=AXIS2_PLACEMENT_3D('',#8996,#7124,#7125);
#6425=AXIS2_PLACEMENT_3D('',#8998,#7126,#7127);
#6426=AXIS2_PLACEMENT_3D('',#9000,#7128,#7129);
#6427=AXIS2_PLACEMENT_3D('',#9002,#7130,#7131);
#6428=AXIS2_PLACEMENT_3D('',#9004,#7132,#7133);
#6429=AXIS2_PLACEMENT_3D('',#9005,#7134,#7135);
#6430=AXIS2_PLACEMENT_3D('',#9009,#7137,#7138);
#6431=AXIS2_PLACEMENT_3D('',#9011,#7140,#7141);
#6432=AXIS2_PLACEMENT_3D('',#9015,#7143,#7144);
#6433=AXIS2_PLACEMENT_3D('',#9017,#7146,#7147);
#6434=AXIS2_PLACEMENT_3D('',#9021,#7149,#7150);
#6435=AXIS2_PLACEMENT_3D('',#9023,#7152,#7153);
#6436=AXIS2_PLACEMENT_3D('',#9025,#7154,#7155);
#6437=AXIS2_PLACEMENT_3D('',#9027,#7157,#7158);
#6438=AXIS2_PLACEMENT_3D('',#9029,#7159,#7160);
#6439=AXIS2_PLACEMENT_3D('',#9031,#7162,#7163);
#6440=AXIS2_PLACEMENT_3D('',#9033,#7164,#7165);
#6441=AXIS2_PLACEMENT_3D('',#9035,#7167,#7168);
#6442=AXIS2_PLACEMENT_3D('',#9037,#7169,#7170);
#6443=AXIS2_PLACEMENT_3D('',#9039,#7172,#7173);
#6444=AXIS2_PLACEMENT_3D('',#9041,#7174,#7175);
#6445=AXIS2_PLACEMENT_3D('',#9043,#7177,#7178);
#6446=AXIS2_PLACEMENT_3D('',#9045,#7179,#7180);
#6447=AXIS2_PLACEMENT_3D('',#9047,#7182,#7183);
#6448=AXIS2_PLACEMENT_3D('',#9049,#7184,#7185);
#6449=AXIS2_PLACEMENT_3D('',#9051,#7187,#7188);
#6450=AXIS2_PLACEMENT_3D('',#9053,#7189,#7190);
#6451=AXIS2_PLACEMENT_3D('',#9055,#7192,#7193);
#6452=AXIS2_PLACEMENT_3D('',#9057,#7194,#7195);
#6453=AXIS2_PLACEMENT_3D('',#9059,#7197,#7198);
#6454=AXIS2_PLACEMENT_3D('',#9061,#7199,#7200);
#6455=AXIS2_PLACEMENT_3D('',#9063,#7202,#7203);
#6456=AXIS2_PLACEMENT_3D('',#9065,#7204,#7205);
#6457=AXIS2_PLACEMENT_3D('',#9067,#7207,#7208);
#6458=AXIS2_PLACEMENT_3D('',#9069,#7209,#7210);
#6459=AXIS2_PLACEMENT_3D('',#9071,#7212,#7213);
#6460=AXIS2_PLACEMENT_3D('',#9073,#7214,#7215);
#6461=AXIS2_PLACEMENT_3D('',#9075,#7217,#7218);
#6462=AXIS2_PLACEMENT_3D('',#9077,#7219,#7220);
#6463=AXIS2_PLACEMENT_3D('',#9079,#7222,#7223);
#6464=AXIS2_PLACEMENT_3D('',#9081,#7224,#7225);
#6465=AXIS2_PLACEMENT_3D('',#9083,#7227,#7228);
#6466=AXIS2_PLACEMENT_3D('',#9085,#7229,#7230);
#6467=AXIS2_PLACEMENT_3D('',#9087,#7232,#7233);
#6468=AXIS2_PLACEMENT_3D('',#9089,#7234,#7235);
#6469=AXIS2_PLACEMENT_3D('',#9091,#7237,#7238);
#6470=AXIS2_PLACEMENT_3D('',#9093,#7239,#7240);
#6471=AXIS2_PLACEMENT_3D('',#9095,#7242,#7243);
#6472=AXIS2_PLACEMENT_3D('',#9097,#7244,#7245);
#6473=AXIS2_PLACEMENT_3D('',#9099,#7247,#7248);
#6474=AXIS2_PLACEMENT_3D('',#9101,#7249,#7250);
#6475=AXIS2_PLACEMENT_3D('',#9103,#7252,#7253);
#6476=AXIS2_PLACEMENT_3D('',#9107,#7256,#7257);
#6477=AXIS2_PLACEMENT_3D('',#9111,#7260,#7261);
#6478=AXIS2_PLACEMENT_3D('',#9115,#7264,#7265);
#6479=AXIS2_PLACEMENT_3D('',#9117,#7267,#7268);
#6480=AXIS2_PLACEMENT_3D('',#9121,#7271,#7272);
#6481=AXIS2_PLACEMENT_3D('',#9125,#7275,#7276);
#6482=AXIS2_PLACEMENT_3D('',#9127,#7278,#7279);
#6483=AXIS2_PLACEMENT_3D('',#9131,#7282,#7283);
#6484=AXIS2_PLACEMENT_3D('',#9135,#7286,#7287);
#6485=AXIS2_PLACEMENT_3D('',#9137,#7289,#7290);
#6486=AXIS2_PLACEMENT_3D('',#9141,#7293,#7294);
#6487=AXIS2_PLACEMENT_3D('',#9143,#7296,#7297);
#6488=AXIS2_PLACEMENT_3D('',#9144,#7298,#7299);
#6489=AXIS2_PLACEMENT_3D('',#9145,#7300,#7301);
#6490=AXIS2_PLACEMENT_3D('',#9147,#7302,#7303);
#6491=AXIS2_PLACEMENT_3D('',#9150,#7305,#7306);
#6492=AXIS2_PLACEMENT_3D('',#9151,#7307,#7308);
#6493=AXIS2_PLACEMENT_3D('',#9154,#7309,#7310);
#6494=AXIS2_PLACEMENT_3D('',#9158,#7312,#7313);
#6495=AXIS2_PLACEMENT_3D('',#9160,#7315,#7316);
#6496=AXIS2_PLACEMENT_3D('',#9166,#7320,#7321);
#6497=AXIS2_PLACEMENT_3D('',#9168,#7322,#7323);
#6498=AXIS2_PLACEMENT_3D('',#9170,#7324,#7325);
#6499=AXIS2_PLACEMENT_3D('',#9172,#7327,#7328);
#6500=AXIS2_PLACEMENT_3D('',#9175,#7331,#7332);
#6501=AXIS2_PLACEMENT_3D('',#9177,#7333,#7334);
#6502=AXIS2_PLACEMENT_3D('',#9180,#7336,#7337);
#6503=AXIS2_PLACEMENT_3D('',#9181,#7338,#7339);
#6504=AXIS2_PLACEMENT_3D('',#9183,#7340,#7341);
#6505=AXIS2_PLACEMENT_3D('',#9186,#7343,#7344);
#6506=AXIS2_PLACEMENT_3D('',#9187,#7345,#7346);
#6507=AXIS2_PLACEMENT_3D('',#9189,#7347,#7348);
#6508=AXIS2_PLACEMENT_3D('',#9192,#7350,#7351);
#6509=AXIS2_PLACEMENT_3D('',#9193,#7352,#7353);
#6510=AXIS2_PLACEMENT_3D('',#9195,#7354,#7355);
#6511=AXIS2_PLACEMENT_3D('',#9198,#7357,#7358);
#6512=AXIS2_PLACEMENT_3D('',#9199,#7359,#7360);
#6513=AXIS2_PLACEMENT_3D('',#9208,#7365,#7366);
#6514=AXIS2_PLACEMENT_3D('',#9217,#7371,#7372);
#6515=AXIS2_PLACEMENT_3D('',#9220,#7375,#7376);
#6516=AXIS2_PLACEMENT_3D('',#9230,#7382,#7383);
#6517=AXIS2_PLACEMENT_3D('',#9240,#7389,#7390);
#6518=AXIS2_PLACEMENT_3D('',#9243,#7393,#7394);
#6519=AXIS2_PLACEMENT_3D('',#9246,#7397,#7398);
#6520=AXIS2_PLACEMENT_3D('',#9247,#7399,#7400);
#6521=AXIS2_PLACEMENT_3D('',#9251,#7402,#7403);
#6522=AXIS2_PLACEMENT_3D('',#9252,#7404,#7405);
#6523=AXIS2_PLACEMENT_3D('',#9253,#7406,#7407);
#6524=AXIS2_PLACEMENT_3D('',#9261,#7412,#7413);
#6525=AXIS2_PLACEMENT_3D('',#9267,#7417,#7418);
#6526=AXIS2_PLACEMENT_3D('',#9269,#7420,#7421);
#6527=AXIS2_PLACEMENT_3D('',#9270,#7422,#7423);
#6528=AXIS2_PLACEMENT_3D('',#9271,#7424,#7425);
#6529=AXIS2_PLACEMENT_3D('',#9272,#7426,#7427);
#6530=AXIS2_PLACEMENT_3D('',#9276,#7430,#7431);
#6531=AXIS2_PLACEMENT_3D('',#9278,#7433,#7434);
#6532=AXIS2_PLACEMENT_3D('',#9279,#7435,#7436);
#6533=AXIS2_PLACEMENT_3D('',#9280,#7437,#7438);
#6534=AXIS2_PLACEMENT_3D('',#9282,#7439,#7440);
#6535=AXIS2_PLACEMENT_3D('',#9285,#7442,#7443);
#6536=AXIS2_PLACEMENT_3D('',#9286,#7444,#7445);
#6537=AXIS2_PLACEMENT_3D('',#9288,#7446,#7447);
#6538=AXIS2_PLACEMENT_3D('',#9290,#7449,#7450);
#6539=AXIS2_PLACEMENT_3D('',#9293,#7452,#7453);
#6540=AXIS2_PLACEMENT_3D('',#9294,#7454,#7455);
#6541=AXIS2_PLACEMENT_3D('',#9296,#7457,#7458);
#6542=AXIS2_PLACEMENT_3D('',#9302,#7462,#7463);
#6543=AXIS2_PLACEMENT_3D('',#9307,#7466,#7467);
#6544=AXIS2_PLACEMENT_3D('',#9309,#7468,#7469);
#6545=AXIS2_PLACEMENT_3D('',#9311,#7470,#7471);
#6546=AXIS2_PLACEMENT_3D('',#9312,#7472,#7473);
#6547=AXIS2_PLACEMENT_3D('',#9315,#7475,#7476);
#6548=AXIS2_PLACEMENT_3D('',#9316,#7477,#7478);
#6549=AXIS2_PLACEMENT_3D('',#9319,#7480,#7481);
#6550=AXIS2_PLACEMENT_3D('',#9320,#7482,#7483);
#6551=AXIS2_PLACEMENT_3D('',#9323,#7485,#7486);
#6552=AXIS2_PLACEMENT_3D('',#9324,#7487,#7488);
#6553=AXIS2_PLACEMENT_3D('',#9328,#7491,#7492);
#6554=AXIS2_PLACEMENT_3D('',#9330,#7494,#7495);
#6555=AXIS2_PLACEMENT_3D('',#9331,#7496,#7497);
#6556=AXIS2_PLACEMENT_3D('',#9332,#7498,#7499);
#6557=AXIS2_PLACEMENT_3D('',#9334,#7500,#7501);
#6558=AXIS2_PLACEMENT_3D('',#9337,#7503,#7504);
#6559=AXIS2_PLACEMENT_3D('',#9338,#7505,#7506);
#6560=AXIS2_PLACEMENT_3D('',#9340,#7507,#7508);
#6561=AXIS2_PLACEMENT_3D('',#9343,#7510,#7511);
#6562=AXIS2_PLACEMENT_3D('',#9344,#7512,#7513);
#6563=AXIS2_PLACEMENT_3D('',#9346,#7514,#7515);
#6564=AXIS2_PLACEMENT_3D('',#9349,#7517,#7518);
#6565=AXIS2_PLACEMENT_3D('',#9350,#7519,#7520);
#6566=AXIS2_PLACEMENT_3D('',#9352,#7521,#7522);
#6567=AXIS2_PLACEMENT_3D('',#9355,#7524,#7525);
#6568=AXIS2_PLACEMENT_3D('',#9356,#7526,#7527);
#6569=AXIS2_PLACEMENT_3D('',#9365,#7532,#7533);
#6570=AXIS2_PLACEMENT_3D('',#9374,#7538,#7539);
#6571=AXIS2_PLACEMENT_3D('',#9377,#7542,#7543);
#6572=AXIS2_PLACEMENT_3D('',#9387,#7549,#7550);
#6573=AXIS2_PLACEMENT_3D('',#9397,#7556,#7557);
#6574=AXIS2_PLACEMENT_3D('',#9400,#7560,#7561);
#6575=AXIS2_PLACEMENT_3D('',#9403,#7564,#7565);
#6576=AXIS2_PLACEMENT_3D('',#9404,#7566,#7567);
#6577=AXIS2_PLACEMENT_3D('',#9408,#7569,#7570);
#6578=AXIS2_PLACEMENT_3D('',#9409,#7571,#7572);
#6579=AXIS2_PLACEMENT_3D('',#9410,#7573,#7574);
#6580=AXIS2_PLACEMENT_3D('',#9418,#7579,#7580);
#6581=AXIS2_PLACEMENT_3D('',#9424,#7584,#7585);
#6582=AXIS2_PLACEMENT_3D('',#9426,#7587,#7588);
#6583=AXIS2_PLACEMENT_3D('',#9427,#7589,#7590);
#6584=AXIS2_PLACEMENT_3D('',#9428,#7591,#7592);
#6585=AXIS2_PLACEMENT_3D('',#9429,#7593,#7594);
#6586=AXIS2_PLACEMENT_3D('',#9433,#7597,#7598);
#6587=AXIS2_PLACEMENT_3D('',#9435,#7600,#7601);
#6588=AXIS2_PLACEMENT_3D('',#9436,#7602,#7603);
#6589=AXIS2_PLACEMENT_3D('',#9437,#7604,#7605);
#6590=AXIS2_PLACEMENT_3D('',#9439,#7606,#7607);
#6591=AXIS2_PLACEMENT_3D('',#9442,#7609,#7610);
#6592=AXIS2_PLACEMENT_3D('',#9443,#7611,#7612);
#6593=AXIS2_PLACEMENT_3D('',#9445,#7613,#7614);
#6594=AXIS2_PLACEMENT_3D('',#9447,#7616,#7617);
#6595=AXIS2_PLACEMENT_3D('',#9450,#7619,#7620);
#6596=AXIS2_PLACEMENT_3D('',#9451,#7621,#7622);
#6597=AXIS2_PLACEMENT_3D('',#9453,#7624,#7625);
#6598=AXIS2_PLACEMENT_3D('',#9459,#7629,#7630);
#6599=AXIS2_PLACEMENT_3D('',#9464,#7633,#7634);
#6600=AXIS2_PLACEMENT_3D('',#9466,#7635,#7636);
#6601=AXIS2_PLACEMENT_3D('',#9468,#7637,#7638);
#6602=AXIS2_PLACEMENT_3D('',#9469,#7639,#7640);
#6603=AXIS2_PLACEMENT_3D('',#9472,#7642,#7643);
#6604=AXIS2_PLACEMENT_3D('',#9473,#7644,#7645);
#6605=AXIS2_PLACEMENT_3D('',#9476,#7647,#7648);
#6606=AXIS2_PLACEMENT_3D('',#9477,#7649,#7650);
#6607=AXIS2_PLACEMENT_3D('',#9480,#7652,#7653);
#6608=AXIS2_PLACEMENT_3D('',#9481,#7654,#7655);
#6609=AXIS2_PLACEMENT_3D('',#9485,#7658,#7659);
#6610=AXIS2_PLACEMENT_3D('',#9487,#7661,#7662);
#6611=AXIS2_PLACEMENT_3D('',#9488,#7663,#7664);
#6612=AXIS2_PLACEMENT_3D('',#9489,#7665,#7666);
#6613=AXIS2_PLACEMENT_3D('',#9492,#7667,#7668);
#6614=AXIS2_PLACEMENT_3D('',#9496,#7670,#7671);
#6615=AXIS2_PLACEMENT_3D('',#9498,#7673,#7674);
#6616=AXIS2_PLACEMENT_3D('',#9504,#7678,#7679);
#6617=AXIS2_PLACEMENT_3D('',#9506,#7680,#7681);
#6618=AXIS2_PLACEMENT_3D('',#9508,#7682,#7683);
#6619=AXIS2_PLACEMENT_3D('',#9510,#7685,#7686);
#6620=AXIS2_PLACEMENT_3D('',#9513,#7689,#7690);
#6621=AXIS2_PLACEMENT_3D('',#9515,#7691,#7692);
#6622=AXIS2_PLACEMENT_3D('',#9518,#7694,#7695);
#6623=AXIS2_PLACEMENT_3D('',#9519,#7696,#7697);
#6624=AXIS2_PLACEMENT_3D('',#9521,#7698,#7699);
#6625=AXIS2_PLACEMENT_3D('',#9524,#7701,#7702);
#6626=AXIS2_PLACEMENT_3D('',#9525,#7703,#7704);
#6627=AXIS2_PLACEMENT_3D('',#9527,#7705,#7706);
#6628=AXIS2_PLACEMENT_3D('',#9530,#7708,#7709);
#6629=AXIS2_PLACEMENT_3D('',#9531,#7710,#7711);
#6630=AXIS2_PLACEMENT_3D('',#9533,#7712,#7713);
#6631=AXIS2_PLACEMENT_3D('',#9536,#7715,#7716);
#6632=AXIS2_PLACEMENT_3D('',#9537,#7717,#7718);
#6633=AXIS2_PLACEMENT_3D('',#9539,#7719,#7720);
#6634=AXIS2_PLACEMENT_3D('',#9542,#7722,#7723);
#6635=AXIS2_PLACEMENT_3D('',#9543,#7724,#7725);
#6636=AXIS2_PLACEMENT_3D('',#9552,#7730,#7731);
#6637=AXIS2_PLACEMENT_3D('',#9561,#7736,#7737);
#6638=AXIS2_PLACEMENT_3D('',#9564,#7740,#7741);
#6639=AXIS2_PLACEMENT_3D('',#9574,#7747,#7748);
#6640=AXIS2_PLACEMENT_3D('',#9584,#7754,#7755);
#6641=AXIS2_PLACEMENT_3D('',#9587,#7758,#7759);
#6642=AXIS2_PLACEMENT_3D('',#9590,#7762,#7763);
#6643=AXIS2_PLACEMENT_3D('',#9591,#7764,#7765);
#6644=AXIS2_PLACEMENT_3D('',#9595,#7767,#7768);
#6645=AXIS2_PLACEMENT_3D('',#9596,#7769,#7770);
#6646=AXIS2_PLACEMENT_3D('',#9597,#7771,#7772);
#6647=AXIS2_PLACEMENT_3D('',#9605,#7777,#7778);
#6648=AXIS2_PLACEMENT_3D('',#9611,#7782,#7783);
#6649=AXIS2_PLACEMENT_3D('',#9613,#7785,#7786);
#6650=AXIS2_PLACEMENT_3D('',#9614,#7787,#7788);
#6651=AXIS2_PLACEMENT_3D('',#9615,#7789,#7790);
#6652=AXIS2_PLACEMENT_3D('',#9616,#7791,#7792);
#6653=AXIS2_PLACEMENT_3D('',#9620,#7795,#7796);
#6654=AXIS2_PLACEMENT_3D('',#9622,#7798,#7799);
#6655=AXIS2_PLACEMENT_3D('',#9623,#7800,#7801);
#6656=AXIS2_PLACEMENT_3D('',#9624,#7802,#7803);
#6657=AXIS2_PLACEMENT_3D('',#9626,#7804,#7805);
#6658=AXIS2_PLACEMENT_3D('',#9629,#7807,#7808);
#6659=AXIS2_PLACEMENT_3D('',#9630,#7809,#7810);
#6660=AXIS2_PLACEMENT_3D('',#9632,#7811,#7812);
#6661=AXIS2_PLACEMENT_3D('',#9634,#7814,#7815);
#6662=AXIS2_PLACEMENT_3D('',#9637,#7817,#7818);
#6663=AXIS2_PLACEMENT_3D('',#9638,#7819,#7820);
#6664=AXIS2_PLACEMENT_3D('',#9640,#7822,#7823);
#6665=AXIS2_PLACEMENT_3D('',#9646,#7827,#7828);
#6666=AXIS2_PLACEMENT_3D('',#9651,#7831,#7832);
#6667=AXIS2_PLACEMENT_3D('',#9653,#7833,#7834);
#6668=AXIS2_PLACEMENT_3D('',#9655,#7835,#7836);
#6669=AXIS2_PLACEMENT_3D('',#9656,#7837,#7838);
#6670=AXIS2_PLACEMENT_3D('',#9659,#7840,#7841);
#6671=AXIS2_PLACEMENT_3D('',#9660,#7842,#7843);
#6672=AXIS2_PLACEMENT_3D('',#9663,#7845,#7846);
#6673=AXIS2_PLACEMENT_3D('',#9664,#7847,#7848);
#6674=AXIS2_PLACEMENT_3D('',#9667,#7850,#7851);
#6675=AXIS2_PLACEMENT_3D('',#9668,#7852,#7853);
#6676=AXIS2_PLACEMENT_3D('',#9672,#7856,#7857);
#6677=AXIS2_PLACEMENT_3D('',#9674,#7859,#7860);
#6678=AXIS2_PLACEMENT_3D('',#9675,#7861,#7862);
#6679=AXIS2_PLACEMENT_3D('',#9676,#7863,#7864);
#6680=AXIS2_PLACEMENT_3D('',#9678,#7865,#7866);
#6681=AXIS2_PLACEMENT_3D('',#9681,#7868,#7869);
#6682=AXIS2_PLACEMENT_3D('',#9682,#7870,#7871);
#6683=AXIS2_PLACEMENT_3D('',#9684,#7872,#7873);
#6684=AXIS2_PLACEMENT_3D('',#9687,#7875,#7876);
#6685=AXIS2_PLACEMENT_3D('',#9688,#7877,#7878);
#6686=AXIS2_PLACEMENT_3D('',#9690,#7879,#7880);
#6687=AXIS2_PLACEMENT_3D('',#9693,#7882,#7883);
#6688=AXIS2_PLACEMENT_3D('',#9694,#7884,#7885);
#6689=AXIS2_PLACEMENT_3D('',#9696,#7886,#7887);
#6690=AXIS2_PLACEMENT_3D('',#9699,#7889,#7890);
#6691=AXIS2_PLACEMENT_3D('',#9700,#7891,#7892);
#6692=AXIS2_PLACEMENT_3D('',#9705,#7894,#7895);
#6693=AXIS2_PLACEMENT_3D('',#9708,#7897,#7898);
#6694=AXIS2_PLACEMENT_3D('',#9709,#7899,#7900);
#6695=AXIS2_PLACEMENT_3D('',#9717,#7905,#7906);
#6696=AXIS2_PLACEMENT_3D('',#9723,#7910,#7911);
#6697=AXIS2_PLACEMENT_3D('',#9726,#7913,#7914);
#6698=AXIS2_PLACEMENT_3D('',#9728,#7916,#7917);
#6699=AXIS2_PLACEMENT_3D('',#9731,#7919,#7920);
#6700=AXIS2_PLACEMENT_3D('',#9732,#7921,#7922);
#6701=AXIS2_PLACEMENT_3D('',#9736,#7925,#7926);
#6702=AXIS2_PLACEMENT_3D('',#9738,#7928,#7929);
#6703=AXIS2_PLACEMENT_3D('',#9740,#7931,#7932);
#6704=AXIS2_PLACEMENT_3D('',#9741,#7933,#7934);
#6705=AXIS2_PLACEMENT_3D('',#9746,#7936,#7937);
#6706=AXIS2_PLACEMENT_3D('',#9749,#7939,#7940);
#6707=AXIS2_PLACEMENT_3D('',#9750,#7941,#7942);
#6708=AXIS2_PLACEMENT_3D('',#9758,#7947,#7948);
#6709=AXIS2_PLACEMENT_3D('',#9764,#7952,#7953);
#6710=AXIS2_PLACEMENT_3D('',#9767,#7955,#7956);
#6711=AXIS2_PLACEMENT_3D('',#9769,#7958,#7959);
#6712=AXIS2_PLACEMENT_3D('',#9772,#7961,#7962);
#6713=AXIS2_PLACEMENT_3D('',#9773,#7963,#7964);
#6714=AXIS2_PLACEMENT_3D('',#9777,#7967,#7968);
#6715=AXIS2_PLACEMENT_3D('',#9779,#7970,#7971);
#6716=AXIS2_PLACEMENT_3D('',#9781,#7973,#7974);
#6717=AXIS2_PLACEMENT_3D('',#9782,#7975,#7976);
#6718=AXIS2_PLACEMENT_3D('',#9784,#7977,#7978);
#6719=AXIS2_PLACEMENT_3D('',#9787,#7980,#7981);
#6720=AXIS2_PLACEMENT_3D('',#9788,#7982,#7983);
#6721=AXIS2_PLACEMENT_3D('',#9794,#7987,#7988);
#6722=AXIS2_PLACEMENT_3D('',#9797,#7990,#7991);
#6723=AXIS2_PLACEMENT_3D('',#9799,#7993,#7994);
#6724=AXIS2_PLACEMENT_3D('',#9807,#7999,#8000);
#6725=AXIS2_PLACEMENT_3D('',#9809,#8002,#8003);
#6726=AXIS2_PLACEMENT_3D('',#9811,#8005,#8006);
#6727=AXIS2_PLACEMENT_3D('',#9813,#8008,#8009);
#6728=AXIS2_PLACEMENT_3D('',#9814,#8010,#8011);
#6729=AXIS2_PLACEMENT_3D('',#9816,#8013,#8014);
#6730=AXIS2_PLACEMENT_3D('',#9817,#8015,#8016);
#6731=AXIS2_PLACEMENT_3D('',#9823,#8020,#8021);
#6732=AXIS2_PLACEMENT_3D('',#9828,#8024,#8025);
#6733=AXIS2_PLACEMENT_3D('',#9830,#8026,#8027);
#6734=AXIS2_PLACEMENT_3D('',#9831,#8028,#8029);
#6735=AXIS2_PLACEMENT_3D('',#9833,#8030,#8031);
#6736=AXIS2_PLACEMENT_3D('',#9835,#8033,#8034);
#6737=AXIS2_PLACEMENT_3D('',#9837,#8035,#8036);
#6738=AXIS2_PLACEMENT_3D('',#9839,#8038,#8039);
#6739=AXIS2_PLACEMENT_3D('',#9843,#8042,#8043);
#6740=AXIS2_PLACEMENT_3D('',#9845,#8045,#8046);
#6741=AXIS2_PLACEMENT_3D('',#9846,#8047,#8048);
#6742=AXIS2_PLACEMENT_3D('',#9847,#8049,#8050);
#6743=AXIS2_PLACEMENT_3D('',#9849,#8051,#8052);
#6744=AXIS2_PLACEMENT_3D('',#9852,#8054,#8055);
#6745=AXIS2_PLACEMENT_3D('',#9853,#8056,#8057);
#6746=AXIS2_PLACEMENT_3D('',#9855,#8058,#8059);
#6747=AXIS2_PLACEMENT_3D('',#9858,#8061,#8062);
#6748=AXIS2_PLACEMENT_3D('',#9859,#8063,#8064);
#6749=AXIS2_PLACEMENT_3D('',#9861,#8065,#8066);
#6750=AXIS2_PLACEMENT_3D('',#9864,#8068,#8069);
#6751=AXIS2_PLACEMENT_3D('',#9865,#8070,#8071);
#6752=AXIS2_PLACEMENT_3D('',#9867,#8072,#8073);
#6753=AXIS2_PLACEMENT_3D('',#9870,#8075,#8076);
#6754=AXIS2_PLACEMENT_3D('',#9871,#8077,#8078);
#6755=AXIS2_PLACEMENT_3D('',#9876,#8080,#8081);
#6756=AXIS2_PLACEMENT_3D('',#9879,#8083,#8084);
#6757=AXIS2_PLACEMENT_3D('',#9880,#8085,#8086);
#6758=AXIS2_PLACEMENT_3D('',#9888,#8091,#8092);
#6759=AXIS2_PLACEMENT_3D('',#9894,#8096,#8097);
#6760=AXIS2_PLACEMENT_3D('',#9897,#8099,#8100);
#6761=AXIS2_PLACEMENT_3D('',#9899,#8102,#8103);
#6762=AXIS2_PLACEMENT_3D('',#9902,#8105,#8106);
#6763=AXIS2_PLACEMENT_3D('',#9903,#8107,#8108);
#6764=AXIS2_PLACEMENT_3D('',#9907,#8111,#8112);
#6765=AXIS2_PLACEMENT_3D('',#9909,#8114,#8115);
#6766=AXIS2_PLACEMENT_3D('',#9911,#8117,#8118);
#6767=AXIS2_PLACEMENT_3D('',#9912,#8119,#8120);
#6768=AXIS2_PLACEMENT_3D('',#9917,#8122,#8123);
#6769=AXIS2_PLACEMENT_3D('',#9920,#8125,#8126);
#6770=AXIS2_PLACEMENT_3D('',#9921,#8127,#8128);
#6771=AXIS2_PLACEMENT_3D('',#9929,#8133,#8134);
#6772=AXIS2_PLACEMENT_3D('',#9935,#8138,#8139);
#6773=AXIS2_PLACEMENT_3D('',#9938,#8141,#8142);
#6774=AXIS2_PLACEMENT_3D('',#9940,#8144,#8145);
#6775=AXIS2_PLACEMENT_3D('',#9943,#8147,#8148);
#6776=AXIS2_PLACEMENT_3D('',#9944,#8149,#8150);
#6777=AXIS2_PLACEMENT_3D('',#9948,#8153,#8154);
#6778=AXIS2_PLACEMENT_3D('',#9950,#8156,#8157);
#6779=AXIS2_PLACEMENT_3D('',#9952,#8159,#8160);
#6780=AXIS2_PLACEMENT_3D('',#9953,#8161,#8162);
#6781=AXIS2_PLACEMENT_3D('',#9955,#8163,#8164);
#6782=AXIS2_PLACEMENT_3D('',#9958,#8166,#8167);
#6783=AXIS2_PLACEMENT_3D('',#9959,#8168,#8169);
#6784=AXIS2_PLACEMENT_3D('',#9968,#8174,#8175);
#6785=AXIS2_PLACEMENT_3D('',#9969,#8176,#8177);
#6786=AXIS2_PLACEMENT_3D('',#9972,#8180,#8181);
#6787=AXIS2_PLACEMENT_3D('',#9978,#8185,#8186);
#6788=AXIS2_PLACEMENT_3D('',#9979,#8187,#8188);
#6789=AXIS2_PLACEMENT_3D('',#9982,#8191,#8192);
#6790=AXIS2_PLACEMENT_3D('',#9983,#8193,#8194);
#6791=AXIS2_PLACEMENT_3D('',#9985,#8196,#8197);
#6792=AXIS2_PLACEMENT_3D('',#9987,#8199,#8200);
#6793=AXIS2_PLACEMENT_3D('',#9988,#8201,#8202);
#6794=AXIS2_PLACEMENT_3D('',#9994,#8206,#8207);
#6795=AXIS2_PLACEMENT_3D('',#9999,#8210,#8211);
#6796=AXIS2_PLACEMENT_3D('',#10001,#8212,#8213);
#6797=AXIS2_PLACEMENT_3D('',#10002,#8214,#8215);
#6798=AXIS2_PLACEMENT_3D('',#10004,#8216,#8217);
#6799=AXIS2_PLACEMENT_3D('',#10006,#8219,#8220);
#6800=AXIS2_PLACEMENT_3D('',#10008,#8221,#8222);
#6801=AXIS2_PLACEMENT_3D('',#10010,#8224,#8225);
#6802=AXIS2_PLACEMENT_3D('',#10014,#8228,#8229);
#6803=AXIS2_PLACEMENT_3D('',#10016,#8231,#8232);
#6804=AXIS2_PLACEMENT_3D('',#10017,#8233,#8234);
#6805=AXIS2_PLACEMENT_3D('',#10018,#8235,#8236);
#6806=AXIS2_PLACEMENT_3D('',#10020,#8237,#8238);
#6807=AXIS2_PLACEMENT_3D('',#10023,#8240,#8241);
#6808=AXIS2_PLACEMENT_3D('',#10024,#8242,#8243);
#6809=AXIS2_PLACEMENT_3D('',#10026,#8244,#8245);
#6810=AXIS2_PLACEMENT_3D('',#10029,#8247,#8248);
#6811=AXIS2_PLACEMENT_3D('',#10030,#8249,#8250);
#6812=AXIS2_PLACEMENT_3D('',#10039,#8255,#8256);
#6813=AXIS2_PLACEMENT_3D('',#10048,#8261,#8262);
#6814=AXIS2_PLACEMENT_3D('',#10050,#8263,#8264);
#6815=AXIS2_PLACEMENT_3D('',#10052,#8265,#8266);
#6816=AXIS2_PLACEMENT_3D('',#10054,#8268,#8269);
#6817=AXIS2_PLACEMENT_3D('',#10056,#8270,#8271);
#6818=AXIS2_PLACEMENT_3D('',#10059,#8273,#8274);
#6819=AXIS2_PLACEMENT_3D('',#10060,#8275,#8276);
#6820=AXIS2_PLACEMENT_3D('',#10066,#8280,#8281);
#6821=AXIS2_PLACEMENT_3D('',#10072,#8285,#8286);
#6822=AXIS2_PLACEMENT_3D('',#10078,#8290,#8291);
#6823=AXIS2_PLACEMENT_3D('',#10082,#8294,#8295);
#6824=AXIS2_PLACEMENT_3D('',#10088,#8299,#8300);
#6825=AXIS2_PLACEMENT_3D('',#10092,#8302,#8303);
#6826=AXIS2_PLACEMENT_3D('',#10095,#8305,#8306);
#6827=AXIS2_PLACEMENT_3D('',#10096,#8307,#8308);
#6828=AXIS2_PLACEMENT_3D('',#10099,#8311,#8312);
#6829=AXIS2_PLACEMENT_3D('',#10101,#8313,#8314);
#6830=AXIS2_PLACEMENT_3D('',#10103,#8316,#8317);
#6831=AXIS2_PLACEMENT_3D('',#10106,#8319,#8320);
#6832=AXIS2_PLACEMENT_3D('',#10107,#8321,#8322);
#6833=AXIS2_PLACEMENT_3D('',#10109,#8324,#8325);
#6834=AXIS2_PLACEMENT_3D('',#10110,#8326,#8327);
#6835=AXIS2_PLACEMENT_3D('',#10115,#8329,#8330);
#6836=AXIS2_PLACEMENT_3D('',#10118,#8332,#8333);
#6837=AXIS2_PLACEMENT_3D('',#10119,#8334,#8335);
#6838=AXIS2_PLACEMENT_3D('',#10122,#8338,#8339);
#6839=AXIS2_PLACEMENT_3D('',#10125,#8341,#8342);
#6840=AXIS2_PLACEMENT_3D('',#10127,#8344,#8345);
#6841=AXIS2_PLACEMENT_3D('',#10130,#8347,#8348);
#6842=AXIS2_PLACEMENT_3D('',#10131,#8349,#8350);
#6843=AXIS2_PLACEMENT_3D('',#10133,#8352,#8353);
#6844=AXIS2_PLACEMENT_3D('',#10135,#8355,#8356);
#6845=AXIS2_PLACEMENT_3D('',#10136,#8357,#8358);
#6846=AXIS2_PLACEMENT_3D('',#10139,#8361,#8362);
#6847=AXIS2_PLACEMENT_3D('',#10142,#8364,#8365);
#6848=AXIS2_PLACEMENT_3D('',#10144,#8366,#8367);
#6849=AXIS2_PLACEMENT_3D('',#10146,#8368,#8369);
#6850=AXIS2_PLACEMENT_3D('',#10148,#8370,#8371);
#6851=AXIS2_PLACEMENT_3D('',#10149,#8372,#8373);
#6852=AXIS2_PLACEMENT_3D('',#10151,#8375,#8376);
#6853=AXIS2_PLACEMENT_3D('',#10153,#8377,#8378);
#6854=AXIS2_PLACEMENT_3D('',#10155,#8380,#8381);
#6855=AXIS2_PLACEMENT_3D('',#10157,#8382,#8383);
#6856=AXIS2_PLACEMENT_3D('',#10159,#8385,#8386);
#6857=AXIS2_PLACEMENT_3D('',#10161,#8387,#8388);
#6858=AXIS2_PLACEMENT_3D('',#10163,#8390,#8391);
#6859=AXIS2_PLACEMENT_3D('',#10165,#8392,#8393);
#6860=AXIS2_PLACEMENT_3D('',#10167,#8395,#8396);
#6861=AXIS2_PLACEMENT_3D('',#10168,#8397,#8398);
#6862=AXIS2_PLACEMENT_3D('',#10169,#8399,#8400);
#6863=AXIS2_PLACEMENT_3D('',#10171,#8401,#8402);
#6864=AXIS2_PLACEMENT_3D('',#10174,#8404,#8405);
#6865=AXIS2_PLACEMENT_3D('',#10175,#8406,#8407);
#6866=AXIS2_PLACEMENT_3D('',#10177,#8408,#8409);
#6867=AXIS2_PLACEMENT_3D('',#10180,#8411,#8412);
#6868=AXIS2_PLACEMENT_3D('',#10181,#8413,#8414);
#6869=AXIS2_PLACEMENT_3D('',#10190,#8419,#8420);
#6870=AXIS2_PLACEMENT_3D('',#10199,#8425,#8426);
#6871=AXIS2_PLACEMENT_3D('',#10207,#8431,#8432);
#6872=AXIS2_PLACEMENT_3D('',#10211,#8435,#8436);
#6873=AXIS2_PLACEMENT_3D('',#10223,#8443,#8444);
#6874=AXIS2_PLACEMENT_3D('',#10231,#8449,#8450);
#6875=AXIS2_PLACEMENT_3D('',#10235,#8453,#8454);
#6876=AXIS2_PLACEMENT_3D('',#10243,#8459,#8460);
#6877=AXIS2_PLACEMENT_3D('',#10252,#8465,#8466);
#6878=AXIS2_PLACEMENT_3D('',#10258,#8470,#8471);
#6879=AXIS2_PLACEMENT_3D('',#10264,#8475,#8476);
#6880=AXIS2_PLACEMENT_3D('',#10272,#8481,#8482);
#6881=AXIS2_PLACEMENT_3D('',#10276,#8485,#8486);
#6882=AXIS2_PLACEMENT_3D('',#10281,#8488,#8489);
#6883=AXIS2_PLACEMENT_3D('',#10284,#8491,#8492);
#6884=AXIS2_PLACEMENT_3D('',#10285,#8493,#8494);
#6885=AXIS2_PLACEMENT_3D('',#10288,#8497,#8498);
#6886=AXIS2_PLACEMENT_3D('',#10292,#8500,#8501);
#6887=AXIS2_PLACEMENT_3D('',#10294,#8503,#8504);
#6888=AXIS2_PLACEMENT_3D('',#10297,#8506,#8507);
#6889=AXIS2_PLACEMENT_3D('',#10298,#8508,#8509);
#6890=AXIS2_PLACEMENT_3D('',#10301,#8512,#8513);
#6891=AXIS2_PLACEMENT_3D('',#10304,#8516,#8517);
#6892=AXIS2_PLACEMENT_3D('',#10305,#8518,#8519);
#6893=AXIS2_PLACEMENT_3D('',#10307,#8520,#8521);
#6894=AXIS2_PLACEMENT_3D('',#10310,#8523,#8524);
#6895=AXIS2_PLACEMENT_3D('',#10311,#8525,#8526);
#6896=AXIS2_PLACEMENT_3D('',#10313,#8528,#8529);
#6897=AXIS2_PLACEMENT_3D('',#10317,#8531,#8532);
#6898=AXIS2_PLACEMENT_3D('',#10319,#8534,#8535);
#6899=AXIS2_PLACEMENT_3D('',#10322,#8537,#8538);
#6900=AXIS2_PLACEMENT_3D('',#10323,#8539,#8540);
#6901=AXIS2_PLACEMENT_3D('',#10327,#8543,#8544);
#6902=AXIS2_PLACEMENT_3D('',#10329,#8546,#8547);
#6903=AXIS2_PLACEMENT_3D('',#10332,#8550,#8551);
#6904=AXIS2_PLACEMENT_3D('',#10336,#8554,#8555);
#6905=AXIS2_PLACEMENT_3D('',#10338,#8556,#8557);
#6906=AXIS2_PLACEMENT_3D('',#10341,#8559,#8560);
#6907=AXIS2_PLACEMENT_3D('',#10342,#8561,#8562);
#6908=AXIS2_PLACEMENT_3D('',#10348,#8566,#8567);
#6909=AXIS2_PLACEMENT_3D('',#10350,#8568,#8569);
#6910=AXIS2_PLACEMENT_3D('',#10352,#8571,#8572);
#6911=AXIS2_PLACEMENT_3D('',#10355,#8574,#8575);
#6912=AXIS2_PLACEMENT_3D('',#10356,#8576,#8577);
#6913=AXIS2_PLACEMENT_3D('',#10358,#8579,#8580);
#6914=AXIS2_PLACEMENT_3D('',#10361,#8583,#8584);
#6915=AXIS2_PLACEMENT_3D('',#10363,#8585,#8586);
#6916=AXIS2_PLACEMENT_3D('',#10366,#8588,#8589);
#6917=AXIS2_PLACEMENT_3D('',#10367,#8590,#8591);
#6918=AXIS2_PLACEMENT_3D('',#10373,#8595,#8596);
#6919=AXIS2_PLACEMENT_3D('',#10375,#8598,#8599);
#6920=AXIS2_PLACEMENT_3D('',#10377,#8600,#8601);
#6921=AXIS2_PLACEMENT_3D('',#10379,#8603,#8604);
#6922=AXIS2_PLACEMENT_3D('',#10382,#8606,#8607);
#6923=AXIS2_PLACEMENT_3D('',#10383,#8608,#8609);
#6924=AXIS2_PLACEMENT_3D('',#10385,#8611,#8612);
#6925=AXIS2_PLACEMENT_3D('',#10388,#8615,#8616);
#6926=AXIS2_PLACEMENT_3D('',#10391,#8619,#8620);
#6927=AXIS2_PLACEMENT_3D('',#10397,#8624,#8625);
#6928=AXIS2_PLACEMENT_3D('',#10401,#8628,#8629);
#6929=AXIS2_PLACEMENT_3D('',#10404,#8632,#8633);
#6930=AXIS2_PLACEMENT_3D('',#10410,#8637,#8638);
#6931=AXIS2_PLACEMENT_3D('',#10416,#8642,#8643);
#6932=AXIS2_PLACEMENT_3D('',#10420,#8646,#8647);
#6933=AXIS2_PLACEMENT_3D('',#10421,#8648,#8649);
#6934=AXIS2_PLACEMENT_3D('',#10424,#8650,#8651);
#6935=AXIS2_PLACEMENT_3D('',#10427,#8653,#8654);
#6936=AXIS2_PLACEMENT_3D('',#10429,#8656,#8657);
#6937=AXIS2_PLACEMENT_3D('',#10432,#8659,#8660);
#6938=AXIS2_PLACEMENT_3D('',#10433,#8661,#8662);
#6939=AXIS2_PLACEMENT_3D('',#10437,#8665,#8666);
#6940=AXIS2_PLACEMENT_3D('',#10439,#8667,#8668);
#6941=AXIS2_PLACEMENT_3D('',#10441,#8670,#8671);
#6942=AXIS2_PLACEMENT_3D('',#10442,#8672,#8673);
#6943=AXIS2_PLACEMENT_3D('',#10445,#8675,#8676);
#6944=AXIS2_PLACEMENT_3D('',#10447,#8678,#8679);
#6945=AXIS2_PLACEMENT_3D('',#10448,#8680,#8681);
#6946=AXIS2_PLACEMENT_3D('',#10449,#8682,#8683);
#6947=AXIS2_PLACEMENT_3D('',#10451,#8685,#8686);
#6948=AXIS2_PLACEMENT_3D('',#10453,#8687,#8688);
#6949=AXIS2_PLACEMENT_3D('',#10456,#8690,#8691);
#6950=AXIS2_PLACEMENT_3D('',#10457,#8692,#8693);
#6951=AXIS2_PLACEMENT_3D('',#10460,#8695,#8696);
#6952=AXIS2_PLACEMENT_3D('',#10462,#8698,#8699);
#6953=AXIS2_PLACEMENT_3D('',#10466,#8702,#8703);
#6954=AXIS2_PLACEMENT_3D('',#10467,#8704,#8705);
#6955=AXIS2_PLACEMENT_3D('',#10469,#8707,#8708);
#6956=AXIS2_PLACEMENT_3D('',#10471,#8709,#8710);
#6957=AXIS2_PLACEMENT_3D('',#10472,#8711,#8712);
#6958=AXIS2_PLACEMENT_3D('',#10476,#8715,#8716);
#6959=AXIS2_PLACEMENT_3D('',#10478,#8718,#8719);
#6960=AXIS2_PLACEMENT_3D('',#10479,#8720,#8721);
#6961=AXIS2_PLACEMENT_3D('',#10480,#8722,#8723);
#6962=AXIS2_PLACEMENT_3D('',#10482,#8724,#8725);
#6963=AXIS2_PLACEMENT_3D('',#10485,#8728,#8729);
#6964=AXIS2_PLACEMENT_3D('',#10486,#8730,#8731);
#6965=AXIS2_PLACEMENT_3D('',#10487,#8732,#8733);
#6966=AXIS2_PLACEMENT_3D('',#10489,#8735,#8736);
#6967=AXIS2_PLACEMENT_3D('',#10490,#8737,#8738);
#6968=AXIS2_PLACEMENT_3D('',#10493,#8740,#8741);
#6969=AXIS2_PLACEMENT_3D('',#10495,#8743,#8744);
#6970=AXIS2_PLACEMENT_3D('',#10499,#8747,#8748);
#6971=AXIS2_PLACEMENT_3D('',#10500,#8749,#8750);
#6972=AXIS2_PLACEMENT_3D('',#10501,#8751,#8752);
#6973=AXIS2_PLACEMENT_3D('',#10503,#8754,#8755);
#6974=AXIS2_PLACEMENT_3D('',#10505,#8756,#8757);
#6975=AXIS2_PLACEMENT_3D('',#10507,#8759,#8760);
#6976=AXIS2_PLACEMENT_3D('',#10509,#8762,#8763);
#6977=AXIS2_PLACEMENT_3D('',#10510,#8764,#8765);
#6978=AXIS2_PLACEMENT_3D('',#10512,#8766,#8767);
#6979=AXIS2_PLACEMENT_3D('',#10514,#8769,#8770);
#6980=AXIS2_PLACEMENT_3D('',#10515,#8771,#8772);
#6981=AXIS2_PLACEMENT_3D('',#10516,#8773,#8774);
#6982=AXIS2_PLACEMENT_3D('',#10519,#8775,#8776);
#6983=AXIS2_PLACEMENT_3D('',#10523,#8778,#8779);
#6984=AXIS2_PLACEMENT_3D('',#10525,#8781,#8782);
#6985=AXIS2_PLACEMENT_3D('',#10531,#8786,#8787);
#6986=AXIS2_PLACEMENT_3D('',#10535,#8789,#8790);
#6987=AXIS2_PLACEMENT_3D('',#10539,#8792,#8793);
#6988=AXIS2_PLACEMENT_3D('',#10542,#8795,#8796);
#6989=AXIS2_PLACEMENT_3D('',#10544,#8797,#8798);
#6990=AXIS2_PLACEMENT_3D('',#10546,#8799,#8800);
#6991=AXIS2_PLACEMENT_3D('',#10548,#8801,#8802);
#6992=AXIS2_PLACEMENT_3D('',#10550,#8803,#8804);
#6993=AXIS2_PLACEMENT_3D('',#10551,#8805,#8806);
#6994=AXIS2_PLACEMENT_3D('',#10554,#8807,#8808);
#6995=AXIS2_PLACEMENT_3D('',#10557,#8811,#8812);
#6996=AXIS2_PLACEMENT_3D('',#10561,#8815,#8816);
#6997=AXIS2_PLACEMENT_3D('',#10563,#8817,#8818);
#6998=AXIS2_PLACEMENT_3D('',#10565,#8820,#8821);
#6999=AXIS2_PLACEMENT_3D('',#10567,#8822,#8823);
#7000=AXIS2_PLACEMENT_3D('',#10569,#8825,#8826);
#7001=AXIS2_PLACEMENT_3D('',#10571,#8827,#8828);
#7002=AXIS2_PLACEMENT_3D('',#10573,#8830,#8831);
#7003=AXIS2_PLACEMENT_3D('',#10575,#8832,#8833);
#7004=AXIS2_PLACEMENT_3D('',#10577,#8835,#8836);
#7005=AXIS2_PLACEMENT_3D('',#10579,#8837,#8838);
#7006=AXIS2_PLACEMENT_3D('',#10581,#8840,#8841);
#7007=AXIS2_PLACEMENT_3D('',#10583,#8842,#8843);
#7008=AXIS2_PLACEMENT_3D('',#10585,#8845,#8846);
#7009=AXIS2_PLACEMENT_3D('',#10587,#8848,#8849);
#7010=AXIS2_PLACEMENT_3D('',#10589,#8851,#8852);
#7011=AXIS2_PLACEMENT_3D('',#10590,#8853,#8854);
#7012=AXIS2_PLACEMENT_3D('',#10591,#8855,#8856);
#7013=AXIS2_PLACEMENT_3D('',#10593,#8857,#8858);
#7014=AXIS2_PLACEMENT_3D('',#10596,#8860,#8861);
#7015=AXIS2_PLACEMENT_3D('',#10597,#8862,#8863);
#7016=AXIS2_PLACEMENT_3D('',#10598,#8864,#8865);
#7017=AXIS2_PLACEMENT_3D('',#10599,#8866,#8867);
#7018=AXIS2_PLACEMENT_3D('',#10600,#8868,#8869);
#7019=AXIS2_PLACEMENT_3D('',#10601,#8870,#8871);
#7020=AXIS2_PLACEMENT_3D('',#10602,#8872,#8873);
#7021=AXIS2_PLACEMENT_3D('',#10603,#8874,#8875);
#7022=AXIS2_PLACEMENT_3D('',#10604,#8876,#8877);
#7023=AXIS2_PLACEMENT_3D('',#10605,#8878,#8879);
#7024=AXIS2_PLACEMENT_3D('',#10606,#8880,#8881);
#7025=AXIS2_PLACEMENT_3D('',#10607,#8882,#8883);
#7026=AXIS2_PLACEMENT_3D('',#10608,#8884,#8885);
#7027=AXIS2_PLACEMENT_3D('',#10609,#8886,#8887);
#7028=AXIS2_PLACEMENT_3D('',#10610,#8888,#8889);
#7029=AXIS2_PLACEMENT_3D('',#10611,#8890,#8891);
#7030=AXIS2_PLACEMENT_3D('',#10612,#8892,#8893);
#7031=AXIS2_PLACEMENT_3D('',#10613,#8894,#8895);
#7032=AXIS2_PLACEMENT_3D('',#10614,#8896,#8897);
#7033=AXIS2_PLACEMENT_3D('',#10615,#8898,#8899);
#7034=DIRECTION('axis',(0.,0.,1.));
#7035=DIRECTION('refdir',(1.,0.,0.));
#7036=DIRECTION('axis',(0.,0.,1.));
#7037=DIRECTION('refdir',(1.,0.,0.));
#7038=DIRECTION('center_axis',(0.,1.,0.));
#7039=DIRECTION('ref_axis',(1.,0.,0.));
#7040=DIRECTION('center_axis',(0.,1.,0.));
#7041=DIRECTION('ref_axis',(1.,0.,0.));
#7042=DIRECTION('',(0.,1.,0.));
#7043=DIRECTION('center_axis',(0.,-1.,0.));
#7044=DIRECTION('ref_axis',(1.,0.,0.));
#7045=DIRECTION('center_axis',(0.,1.,0.));
#7046=DIRECTION('ref_axis',(1.,0.,0.));
#7047=DIRECTION('center_axis',(0.,1.,0.));
#7048=DIRECTION('ref_axis',(1.,0.,0.));
#7049=DIRECTION('',(0.,1.,0.));
#7050=DIRECTION('center_axis',(0.,-1.,0.));
#7051=DIRECTION('ref_axis',(1.,0.,0.));
#7052=DIRECTION('center_axis',(0.,1.,0.));
#7053=DIRECTION('ref_axis',(1.,0.,0.));
#7054=DIRECTION('center_axis',(0.,1.,0.));
#7055=DIRECTION('ref_axis',(1.,0.,0.));
#7056=DIRECTION('',(0.,1.,0.));
#7057=DIRECTION('center_axis',(0.,-1.,0.));
#7058=DIRECTION('ref_axis',(1.,0.,0.));
#7059=DIRECTION('center_axis',(0.,1.,0.));
#7060=DIRECTION('ref_axis',(1.,0.,0.));
#7061=DIRECTION('center_axis',(0.,1.,0.));
#7062=DIRECTION('ref_axis',(1.,0.,0.));
#7063=DIRECTION('',(0.,1.,0.));
#7064=DIRECTION('center_axis',(0.,-1.,0.));
#7065=DIRECTION('ref_axis',(1.,0.,0.));
#7066=DIRECTION('center_axis',(0.,1.,0.));
#7067=DIRECTION('ref_axis',(0.965925826292622,0.,-0.258819045089257));
#7068=DIRECTION('center_axis',(0.,1.,0.));
#7069=DIRECTION('ref_axis',(0.965925826292622,0.,-0.258819045089257));
#7070=DIRECTION('',(0.,1.,0.));
#7071=DIRECTION('center_axis',(0.,-1.,0.));
#7072=DIRECTION('ref_axis',(0.965925826292622,0.,-0.258819045089257));
#7073=DIRECTION('',(0.,1.,0.));
#7074=DIRECTION('center_axis',(0.,1.,0.));
#7075=DIRECTION('ref_axis',(1.,0.,0.));
#7076=DIRECTION('',(-0.707106781128401,0.,0.707106781244694));
#7077=DIRECTION('',(7.95114651626189E-13,0.,-1.));
#7078=DIRECTION('',(-0.707106781159919,0.,-0.707106781213176));
#7079=DIRECTION('center_axis',(0.,1.,0.));
#7080=DIRECTION('ref_axis',(0.258819045127551,0.,0.965925826282361));
#7081=DIRECTION('',(-0.707106781165474,0.,-0.707106781207621));
#7082=DIRECTION('',(1.,0.,1.89747207844917E-14));
#7083=DIRECTION('',(0.707106781109403,0.,-0.707106781263693));
#7084=DIRECTION('center_axis',(0.,1.,0.));
#7085=DIRECTION('ref_axis',(-0.965925826306,0.,0.258819045039329));
#7086=DIRECTION('',(0.707106781164089,0.,-0.707106781209006));
#7087=DIRECTION('',(-8.66515531414801E-16,0.,1.));
#7088=DIRECTION('',(0.707106781129179,0.,0.707106781243916));
#7089=DIRECTION('center_axis',(0.,1.,0.));
#7090=DIRECTION('ref_axis',(-0.258819045114223,0.,-0.965925826285933));
#7091=DIRECTION('',(0.707106781124796,0.,0.707106781248299));
#7092=DIRECTION('',(-1.,0.,5.19786234255783E-15));
#7093=DIRECTION('',(-0.707106781161473,0.,0.707106781211622));
#7094=DIRECTION('center_axis',(0.,-1.,0.));
#7095=DIRECTION('ref_axis',(1.,0.,0.));
#7096=DIRECTION('center_axis',(0.,-1.,0.));
#7097=DIRECTION('ref_axis',(1.,0.,0.));
#7098=DIRECTION('center_axis',(0.,-1.,0.));
#7099=DIRECTION('ref_axis',(1.,0.,0.));
#7100=DIRECTION('center_axis',(0.,-1.,0.));
#7101=DIRECTION('ref_axis',(1.,0.,0.));
#7102=DIRECTION('center_axis',(0.,-1.,0.));
#7103=DIRECTION('ref_axis',(1.,0.,0.));
#7104=DIRECTION('center_axis',(0.,-1.,0.));
#7105=DIRECTION('ref_axis',(1.,0.,0.));
#7106=DIRECTION('center_axis',(0.,-1.,0.));
#7107=DIRECTION('ref_axis',(1.,0.,0.));
#7108=DIRECTION('center_axis',(0.,-1.,0.));
#7109=DIRECTION('ref_axis',(1.,0.,0.));
#7110=DIRECTION('center_axis',(0.,-1.,0.));
#7111=DIRECTION('ref_axis',(1.,0.,0.));
#7112=DIRECTION('center_axis',(0.,-1.,0.));
#7113=DIRECTION('ref_axis',(1.,0.,0.));
#7114=DIRECTION('center_axis',(0.,-1.,0.));
#7115=DIRECTION('ref_axis',(1.,0.,0.));
#7116=DIRECTION('center_axis',(0.,-1.,0.));
#7117=DIRECTION('ref_axis',(1.,0.,0.));
#7118=DIRECTION('center_axis',(0.,-1.,0.));
#7119=DIRECTION('ref_axis',(1.,0.,0.));
#7120=DIRECTION('center_axis',(0.,-1.,0.));
#7121=DIRECTION('ref_axis',(1.,0.,0.));
#7122=DIRECTION('center_axis',(0.,-1.,0.));
#7123=DIRECTION('ref_axis',(1.,0.,0.));
#7124=DIRECTION('center_axis',(0.,-1.,0.));
#7125=DIRECTION('ref_axis',(1.,0.,0.));
#7126=DIRECTION('center_axis',(0.,-1.,0.));
#7127=DIRECTION('ref_axis',(1.,0.,0.));
#7128=DIRECTION('center_axis',(0.,-1.,0.));
#7129=DIRECTION('ref_axis',(1.,0.,0.));
#7130=DIRECTION('center_axis',(0.,-1.,0.));
#7131=DIRECTION('ref_axis',(1.,0.,0.));
#7132=DIRECTION('center_axis',(0.,-1.,0.));
#7133=DIRECTION('ref_axis',(1.,0.,0.));
#7134=DIRECTION('center_axis',(0.,1.,0.));
#7135=DIRECTION('ref_axis',(0.258819045127551,0.,0.965925826282361));
#7136=DIRECTION('',(0.,1.,0.));
#7137=DIRECTION('center_axis',(0.,-1.,0.));
#7138=DIRECTION('ref_axis',(0.258819045127551,0.,0.965925826282361));
#7139=DIRECTION('',(0.,1.,0.));
#7140=DIRECTION('center_axis',(0.,1.,0.));
#7141=DIRECTION('ref_axis',(-0.965925826306,0.,0.258819045039329));
#7142=DIRECTION('',(0.,1.,0.));
#7143=DIRECTION('center_axis',(0.,-1.,0.));
#7144=DIRECTION('ref_axis',(-0.965925826306,0.,0.258819045039329));
#7145=DIRECTION('',(0.,1.,0.));
#7146=DIRECTION('center_axis',(0.,1.,0.));
#7147=DIRECTION('ref_axis',(-0.258819045114223,0.,-0.965925826285933));
#7148=DIRECTION('',(0.,1.,0.));
#7149=DIRECTION('center_axis',(0.,-1.,0.));
#7150=DIRECTION('ref_axis',(-0.258819045114223,0.,-0.965925826285933));
#7151=DIRECTION('',(0.,1.,0.));
#7152=DIRECTION('center_axis',(0.,1.,0.));
#7153=DIRECTION('ref_axis',(1.,0.,0.));
#7154=DIRECTION('center_axis',(0.,-1.,0.));
#7155=DIRECTION('ref_axis',(1.,0.,0.));
#7156=DIRECTION('',(0.,-1.,0.));
#7157=DIRECTION('center_axis',(0.,1.,0.));
#7158=DIRECTION('ref_axis',(1.,0.,0.));
#7159=DIRECTION('center_axis',(0.,-1.,0.));
#7160=DIRECTION('ref_axis',(1.,0.,0.));
#7161=DIRECTION('',(0.,-1.,0.));
#7162=DIRECTION('center_axis',(0.,1.,0.));
#7163=DIRECTION('ref_axis',(1.,0.,0.));
#7164=DIRECTION('center_axis',(0.,-1.,0.));
#7165=DIRECTION('ref_axis',(1.,0.,0.));
#7166=DIRECTION('',(0.,-1.,0.));
#7167=DIRECTION('center_axis',(0.,1.,0.));
#7168=DIRECTION('ref_axis',(1.,0.,0.));
#7169=DIRECTION('center_axis',(0.,-1.,0.));
#7170=DIRECTION('ref_axis',(1.,0.,0.));
#7171=DIRECTION('',(0.,-1.,0.));
#7172=DIRECTION('center_axis',(0.,1.,0.));
#7173=DIRECTION('ref_axis',(1.,0.,0.));
#7174=DIRECTION('center_axis',(0.,-1.,0.));
#7175=DIRECTION('ref_axis',(1.,0.,0.));
#7176=DIRECTION('',(0.,-1.,0.));
#7177=DIRECTION('center_axis',(0.,1.,0.));
#7178=DIRECTION('ref_axis',(1.,0.,0.));
#7179=DIRECTION('center_axis',(0.,-1.,0.));
#7180=DIRECTION('ref_axis',(1.,0.,0.));
#7181=DIRECTION('',(0.,-1.,0.));
#7182=DIRECTION('center_axis',(0.,1.,0.));
#7183=DIRECTION('ref_axis',(1.,0.,0.));
#7184=DIRECTION('center_axis',(0.,-1.,0.));
#7185=DIRECTION('ref_axis',(1.,0.,0.));
#7186=DIRECTION('',(0.,-1.,0.));
#7187=DIRECTION('center_axis',(0.,1.,0.));
#7188=DIRECTION('ref_axis',(1.,0.,0.));
#7189=DIRECTION('center_axis',(0.,-1.,0.));
#7190=DIRECTION('ref_axis',(1.,0.,0.));
#7191=DIRECTION('',(0.,-1.,0.));
#7192=DIRECTION('center_axis',(0.,1.,0.));
#7193=DIRECTION('ref_axis',(1.,0.,0.));
#7194=DIRECTION('center_axis',(0.,-1.,0.));
#7195=DIRECTION('ref_axis',(1.,0.,0.));
#7196=DIRECTION('',(0.,-1.,0.));
#7197=DIRECTION('center_axis',(0.,1.,0.));
#7198=DIRECTION('ref_axis',(1.,0.,0.));
#7199=DIRECTION('center_axis',(0.,-1.,0.));
#7200=DIRECTION('ref_axis',(1.,0.,0.));
#7201=DIRECTION('',(0.,-1.,0.));
#7202=DIRECTION('center_axis',(0.,1.,0.));
#7203=DIRECTION('ref_axis',(1.,0.,0.));
#7204=DIRECTION('center_axis',(0.,-1.,0.));
#7205=DIRECTION('ref_axis',(1.,0.,0.));
#7206=DIRECTION('',(0.,-1.,0.));
#7207=DIRECTION('center_axis',(0.,1.,0.));
#7208=DIRECTION('ref_axis',(1.,0.,0.));
#7209=DIRECTION('center_axis',(0.,-1.,0.));
#7210=DIRECTION('ref_axis',(1.,0.,0.));
#7211=DIRECTION('',(0.,-1.,0.));
#7212=DIRECTION('center_axis',(0.,1.,0.));
#7213=DIRECTION('ref_axis',(1.,0.,0.));
#7214=DIRECTION('center_axis',(0.,-1.,0.));
#7215=DIRECTION('ref_axis',(1.,0.,0.));
#7216=DIRECTION('',(0.,-1.,0.));
#7217=DIRECTION('center_axis',(0.,1.,0.));
#7218=DIRECTION('ref_axis',(1.,0.,0.));
#7219=DIRECTION('center_axis',(0.,-1.,0.));
#7220=DIRECTION('ref_axis',(1.,0.,0.));
#7221=DIRECTION('',(0.,-1.,0.));
#7222=DIRECTION('center_axis',(0.,1.,0.));
#7223=DIRECTION('ref_axis',(1.,0.,0.));
#7224=DIRECTION('center_axis',(0.,-1.,0.));
#7225=DIRECTION('ref_axis',(1.,0.,0.));
#7226=DIRECTION('',(0.,-1.,0.));
#7227=DIRECTION('center_axis',(0.,1.,0.));
#7228=DIRECTION('ref_axis',(1.,0.,0.));
#7229=DIRECTION('center_axis',(0.,-1.,0.));
#7230=DIRECTION('ref_axis',(1.,0.,0.));
#7231=DIRECTION('',(0.,-1.,0.));
#7232=DIRECTION('center_axis',(0.,1.,0.));
#7233=DIRECTION('ref_axis',(1.,0.,0.));
#7234=DIRECTION('center_axis',(0.,-1.,0.));
#7235=DIRECTION('ref_axis',(1.,0.,0.));
#7236=DIRECTION('',(0.,-1.,0.));
#7237=DIRECTION('center_axis',(0.,1.,0.));
#7238=DIRECTION('ref_axis',(1.,0.,0.));
#7239=DIRECTION('center_axis',(0.,-1.,0.));
#7240=DIRECTION('ref_axis',(1.,0.,0.));
#7241=DIRECTION('',(0.,-1.,0.));
#7242=DIRECTION('center_axis',(0.,1.,0.));
#7243=DIRECTION('ref_axis',(1.,0.,0.));
#7244=DIRECTION('center_axis',(0.,-1.,0.));
#7245=DIRECTION('ref_axis',(1.,0.,0.));
#7246=DIRECTION('',(0.,-1.,0.));
#7247=DIRECTION('center_axis',(0.,1.,0.));
#7248=DIRECTION('ref_axis',(1.,0.,0.));
#7249=DIRECTION('center_axis',(0.,-1.,0.));
#7250=DIRECTION('ref_axis',(1.,0.,0.));
#7251=DIRECTION('',(0.,-1.,0.));
#7252=DIRECTION('center_axis',(-0.707106781243916,0.,0.707106781129179));
#7253=DIRECTION('ref_axis',(0.707106781129179,0.,0.707106781243916));
#7254=DIRECTION('',(0.,1.,0.));
#7255=DIRECTION('',(0.707106781129179,0.,0.707106781243916));
#7256=DIRECTION('center_axis',(0.707106781248299,0.,-0.707106781124796));
#7257=DIRECTION('ref_axis',(-0.707106781124796,0.,-0.707106781248299));
#7258=DIRECTION('',(-0.707106781124796,0.,-0.707106781248299));
#7259=DIRECTION('',(0.,1.,0.));
#7260=DIRECTION('center_axis',(-5.19786234255783E-15,0.,-1.));
#7261=DIRECTION('ref_axis',(-1.,0.,5.19786234255783E-15));
#7262=DIRECTION('',(-1.,0.,5.19786234255783E-15));
#7263=DIRECTION('',(0.,1.,0.));
#7264=DIRECTION('center_axis',(-0.707106781211622,0.,-0.707106781161473));
#7265=DIRECTION('ref_axis',(-0.707106781161473,0.,0.707106781211622));
#7266=DIRECTION('',(-0.707106781161473,0.,0.707106781211622));
#7267=DIRECTION('center_axis',(0.707106781244694,0.,0.707106781128401));
#7268=DIRECTION('ref_axis',(0.707106781128401,0.,-0.707106781244694));
#7269=DIRECTION('',(0.707106781128401,0.,-0.707106781244694));
#7270=DIRECTION('',(0.,1.,0.));
#7271=DIRECTION('center_axis',(1.,0.,7.95114651626189E-13));
#7272=DIRECTION('ref_axis',(7.95114651626189E-13,0.,-1.));
#7273=DIRECTION('',(7.95114651626189E-13,0.,-1.));
#7274=DIRECTION('',(0.,1.,0.));
#7275=DIRECTION('center_axis',(0.707106781213176,0.,-0.707106781159919));
#7276=DIRECTION('ref_axis',(-0.707106781159919,0.,-0.707106781213176));
#7277=DIRECTION('',(-0.707106781159919,0.,-0.707106781213176));
#7278=DIRECTION('center_axis',(-0.707106781207621,0.,0.707106781165474));
#7279=DIRECTION('ref_axis',(0.707106781165474,0.,0.707106781207621));
#7280=DIRECTION('',(0.707106781165474,0.,0.707106781207621));
#7281=DIRECTION('',(0.,1.,0.));
#7282=DIRECTION('center_axis',(-1.89747207844917E-14,0.,1.));
#7283=DIRECTION('ref_axis',(1.,0.,1.89747207844917E-14));
#7284=DIRECTION('',(1.,0.,1.89747207844917E-14));
#7285=DIRECTION('',(0.,1.,0.));
#7286=DIRECTION('center_axis',(0.707106781263693,0.,0.707106781109403));
#7287=DIRECTION('ref_axis',(0.707106781109403,0.,-0.707106781263692));
#7288=DIRECTION('',(0.707106781109403,0.,-0.707106781263693));
#7289=DIRECTION('center_axis',(-0.707106781209006,0.,-0.707106781164089));
#7290=DIRECTION('ref_axis',(-0.707106781164089,0.,0.707106781209006));
#7291=DIRECTION('',(-0.707106781164089,0.,0.707106781209006));
#7292=DIRECTION('',(0.,1.,0.));
#7293=DIRECTION('center_axis',(-1.,0.,-8.66515531414801E-16));
#7294=DIRECTION('ref_axis',(-8.66515531414801E-16,0.,1.));
#7295=DIRECTION('',(-8.66515531414801E-16,0.,1.));
#7296=DIRECTION('center_axis',(0.,1.,0.));
#7297=DIRECTION('ref_axis',(1.,0.,0.));
#7298=DIRECTION('axis',(0.,0.,1.));
#7299=DIRECTION('refdir',(1.,0.,0.));
#7300=DIRECTION('center_axis',(1.61486985400026E-14,-4.03717463500066E-15,
-1.));
#7301=DIRECTION('ref_axis',(1.,-2.94209101525662E-15,1.61486985400026E-14));
#7302=DIRECTION('center_axis',(0.,-8.88178419700125E-15,-1.));
#7303=DIRECTION('ref_axis',(1.,-2.94209101525662E-15,1.61486985400026E-14));
#7304=DIRECTION('',(1.61486985400026E-14,-4.03717463500066E-15,-1.));
#7305=DIRECTION('center_axis',(0.,8.88178419700128E-15,1.));
#7306=DIRECTION('ref_axis',(1.,-2.94209101525662E-15,1.61486985400026E-14));
#7307=DIRECTION('center_axis',(1.61486985400026E-14,-4.03717463500066E-15,
-1.));
#7308=DIRECTION('ref_axis',(1.,-2.94209101525662E-15,1.61486985400026E-14));
#7309=DIRECTION('center_axis',(0.,8.88178419700128E-15,1.));
#7310=DIRECTION('ref_axis',(1.,-2.94209101525662E-15,1.61486985400026E-14));
#7311=DIRECTION('',(1.61486985400026E-14,-4.03717463500066E-15,-1.));
#7312=DIRECTION('center_axis',(0.,-8.88178419700125E-15,-1.));
#7313=DIRECTION('ref_axis',(1.,-2.94209101525662E-15,1.61486985400026E-14));
#7314=DIRECTION('',(1.61486985400026E-14,-4.03717463500066E-15,-1.));
#7315=DIRECTION('center_axis',(-1.,2.94209101525661E-15,-1.61486985400026E-14));
#7316=DIRECTION('ref_axis',(2.9420910152567E-15,1.,-5.95536412878735E-15));
#7317=DIRECTION('',(-2.94209101525675E-15,-1.,8.88178419700128E-15));
#7318=DIRECTION('',(2.94209101525675E-15,1.,-8.88178419700125E-15));
#7319=DIRECTION('',(1.61486985400026E-14,-4.03717463500066E-15,-1.));
#7320=DIRECTION('center_axis',(1.61486985400026E-14,-4.03717463500066E-15,
-1.));
#7321=DIRECTION('ref_axis',(1.,-2.94209101525662E-15,1.61486985400026E-14));
#7322=DIRECTION('center_axis',(0.,8.88178419700128E-15,1.));
#7323=DIRECTION('ref_axis',(1.,-2.94209101525662E-15,1.61486985400026E-14));
#7324=DIRECTION('center_axis',(0.,-8.88178419700125E-15,-1.));
#7325=DIRECTION('ref_axis',(1.,-2.94209101525662E-15,1.61486985400026E-14));
#7326=DIRECTION('',(1.61486985400026E-14,-4.03717463500066E-15,-1.));
#7327=DIRECTION('center_axis',(1.,-4.12632890819011E-15,1.61486985400026E-14));
#7328=DIRECTION('ref_axis',(-4.1263289081902E-15,-1.,5.95536412878733E-15));
#7329=DIRECTION('',(4.12632890819025E-15,1.,-8.88178419700128E-15));
#7330=DIRECTION('',(-4.12632890819025E-15,-1.,8.88178419700125E-15));
#7331=DIRECTION('center_axis',(0.,-8.0743492700004E-15,-1.));
#7332=DIRECTION('ref_axis',(1.,0.,0.));
#7333=DIRECTION('center_axis',(0.,-8.88178419700125E-15,-1.));
#7334=DIRECTION('ref_axis',(1.,0.,0.));
#7335=DIRECTION('',(0.,-8.0743492700004E-15,-1.));
#7336=DIRECTION('center_axis',(0.,8.88178419700128E-15,1.));
#7337=DIRECTION('ref_axis',(1.,0.,0.));
#7338=DIRECTION('center_axis',(0.,-8.0743492700004E-15,-1.));
#7339=DIRECTION('ref_axis',(1.,0.,0.));
#7340=DIRECTION('center_axis',(0.,-8.88178419700125E-15,-1.));
#7341=DIRECTION('ref_axis',(1.,0.,0.));
#7342=DIRECTION('',(0.,-8.0743492700004E-15,-1.));
#7343=DIRECTION('center_axis',(0.,8.88178419700128E-15,1.));
#7344=DIRECTION('ref_axis',(1.,0.,0.));
#7345=DIRECTION('center_axis',(0.,-8.0743492700004E-15,-1.));
#7346=DIRECTION('ref_axis',(1.,0.,0.));
#7347=DIRECTION('center_axis',(0.,-8.88178419700125E-15,-1.));
#7348=DIRECTION('ref_axis',(1.,0.,0.));
#7349=DIRECTION('',(0.,-8.0743492700004E-15,-1.));
#7350=DIRECTION('center_axis',(0.,8.88178419700128E-15,1.));
#7351=DIRECTION('ref_axis',(1.,0.,0.));
#7352=DIRECTION('center_axis',(0.,-8.0743492700004E-15,-1.));
#7353=DIRECTION('ref_axis',(1.,0.,0.));
#7354=DIRECTION('center_axis',(0.,-8.88178419700125E-15,-1.));
#7355=DIRECTION('ref_axis',(1.,0.,0.));
#7356=DIRECTION('',(0.,-8.0743492700004E-15,-1.));
#7357=DIRECTION('center_axis',(0.,8.88178419700128E-15,1.));
#7358=DIRECTION('ref_axis',(1.,0.,0.));
#7359=DIRECTION('center_axis',(0.,1.,-8.88178419700128E-15));
#7360=DIRECTION('ref_axis',(1.,0.,0.));
#7361=DIRECTION('',(1.,0.,0.));
#7362=DIRECTION('',(0.,-8.88178419700128E-15,-1.));
#7363=DIRECTION('',(1.,0.,0.));
#7364=DIRECTION('',(0.,0.,1.));
#7365=DIRECTION('center_axis',(0.,-1.,8.88178419700128E-15));
#7366=DIRECTION('ref_axis',(-1.,0.,0.));
#7367=DIRECTION('',(1.,0.,0.));
#7368=DIRECTION('',(0.,-8.82055185704388E-15,-1.));
#7369=DIRECTION('',(-1.,0.,0.));
#7370=DIRECTION('',(0.,-8.88178419700128E-15,-1.));
#7371=DIRECTION('center_axis',(1.,0.,0.));
#7372=DIRECTION('ref_axis',(0.,-1.,8.88178419700125E-15));
#7373=DIRECTION('',(0.,1.,-8.88178419700125E-15));
#7374=DIRECTION('',(0.,-1.,8.88178419700125E-15));
#7375=DIRECTION('center_axis',(0.,-8.88178419700125E-15,-1.));
#7376=DIRECTION('ref_axis',(-1.,0.,0.));
#7377=DIRECTION('',(-1.,0.,0.));
#7378=DIRECTION('',(-1.,0.,0.));
#7379=DIRECTION('',(0.,-1.,8.88178419700125E-15));
#7380=DIRECTION('',(-1.,0.,0.));
#7381=DIRECTION('',(1.,0.,0.));
#7382=DIRECTION('center_axis',(0.,-8.88178419700128E-15,-1.));
#7383=DIRECTION('ref_axis',(-1.,0.,0.));
#7384=DIRECTION('',(-1.,0.,0.));
#7385=DIRECTION('',(-1.,0.,0.));
#7386=DIRECTION('',(0.,1.,-8.88178419700125E-15));
#7387=DIRECTION('',(1.,0.,0.));
#7388=DIRECTION('',(1.,0.,0.));
#7389=DIRECTION('center_axis',(0.,-1.,0.));
#7390=DIRECTION('ref_axis',(-1.,0.,0.));
#7391=DIRECTION('',(0.,0.,-1.));
#7392=DIRECTION('',(0.,8.82055185704388E-15,1.));
#7393=DIRECTION('center_axis',(0.,1.,0.));
#7394=DIRECTION('ref_axis',(1.,0.,0.));
#7395=DIRECTION('',(0.,0.,-1.));
#7396=DIRECTION('',(0.,0.,-1.));
#7397=DIRECTION('center_axis',(-1.,0.,0.));
#7398=DIRECTION('ref_axis',(0.,1.,-8.88178419700125E-15));
#7399=DIRECTION('center_axis',(-1.,0.,0.));
#7400=DIRECTION('ref_axis',(0.,8.85116802702257E-15,1.));
#7401=DIRECTION('',(1.,0.,0.));
#7402=DIRECTION('center_axis',(1.,0.,0.));
#7403=DIRECTION('ref_axis',(0.,1.,-8.88178419700128E-15));
#7404=DIRECTION('center_axis',(-1.,0.,0.));
#7405=DIRECTION('ref_axis',(0.,2.66453525910036E-14,1.));
#7406=DIRECTION('center_axis',(1.,0.,0.));
#7407=DIRECTION('ref_axis',(0.,-5.19976785714419E-15,-1.));
#7408=DIRECTION('',(0.,-1.,1.05662925264655E-14));
#7409=DIRECTION('',(0.,5.19976785714418E-15,1.));
#7410=DIRECTION('',(0.,1.,-1.71512449944288E-15));
#7411=DIRECTION('',(0.,-5.19976785714418E-15,-1.));
#7412=DIRECTION('center_axis',(0.,-1.,7.88303019180482E-15));
#7413=DIRECTION('ref_axis',(-1.,0.,0.));
#7414=DIRECTION('',(-1.,0.,0.));
#7415=DIRECTION('',(0.,5.19976785714418E-15,1.));
#7416=DIRECTION('',(1.,0.,0.));
#7417=DIRECTION('center_axis',(-1.,0.,0.));
#7418=DIRECTION('ref_axis',(0.,0.,1.));
#7419=DIRECTION('',(0.,1.,-1.05662925264655E-14));
#7420=DIRECTION('center_axis',(1.,0.,0.));
#7421=DIRECTION('ref_axis',(0.,1.,-1.77635683940023E-14));
#7422=DIRECTION('center_axis',(1.,0.,0.));
#7423=DIRECTION('ref_axis',(0.,0.,-1.));
#7424=DIRECTION('center_axis',(1.,0.,0.));
#7425=DIRECTION('ref_axis',(0.,1.,-1.77635683940023E-14));
#7426=DIRECTION('center_axis',(-1.,0.,0.));
#7427=DIRECTION('ref_axis',(0.,1.05662925264655E-14,1.));
#7428=DIRECTION('',(0.,1.05662925264655E-14,1.));
#7429=DIRECTION('',(0.,1.,-1.71512449944288E-15));
#7430=DIRECTION('center_axis',(0.,-1.71512449944288E-15,-1.));
#7431=DIRECTION('ref_axis',(-1.,0.,0.));
#7432=DIRECTION('',(-1.,0.,0.));
#7433=DIRECTION('center_axis',(-1.,0.,0.));
#7434=DIRECTION('ref_axis',(0.,8.85116802702257E-15,1.));
#7435=DIRECTION('center_axis',(0.,1.,-1.71512449944288E-15));
#7436=DIRECTION('ref_axis',(1.,0.,0.));
#7437=DIRECTION('center_axis',(-1.,0.,0.));
#7438=DIRECTION('ref_axis',(0.,-1.,0.));
#7439=DIRECTION('center_axis',(1.,0.,0.));
#7440=DIRECTION('ref_axis',(0.,8.81239525796221E-15,1.));
#7441=DIRECTION('',(-1.,0.,0.));
#7442=DIRECTION('center_axis',(-1.,0.,0.));
#7443=DIRECTION('ref_axis',(0.,-1.,0.));
#7444=DIRECTION('center_axis',(-1.,0.,0.));
#7445=DIRECTION('ref_axis',(0.,0.,1.));
#7446=DIRECTION('center_axis',(1.,0.,0.));
#7447=DIRECTION('ref_axis',(0.,8.88178419700128E-15,1.));
#7448=DIRECTION('',(0.,1.,0.));
#7449=DIRECTION('center_axis',(1.,0.,0.));
#7450=DIRECTION('ref_axis',(0.,0.,-1.));
#7451=DIRECTION('',(0.,-1.,0.));
#7452=DIRECTION('center_axis',(1.,0.,0.));
#7453=DIRECTION('ref_axis',(0.,8.88178419700128E-15,1.));
#7454=DIRECTION('center_axis',(-1.,0.,0.));
#7455=DIRECTION('ref_axis',(0.,-1.,0.));
#7456=DIRECTION('',(1.,0.,0.));
#7457=DIRECTION('center_axis',(1.,0.,0.));
#7458=DIRECTION('ref_axis',(0.,0.,1.));
#7459=DIRECTION('',(0.,0.,1.));
#7460=DIRECTION('',(0.,-1.,0.));
#7461=DIRECTION('',(0.,0.,1.));
#7462=DIRECTION('center_axis',(0.,-1.,0.));
#7463=DIRECTION('ref_axis',(1.,0.,0.));
#7464=DIRECTION('',(0.,0.,-1.));
#7465=DIRECTION('',(1.,0.,0.));
#7466=DIRECTION('center_axis',(0.,1.,0.));
#7467=DIRECTION('ref_axis',(1.,0.,0.));
#7468=DIRECTION('center_axis',(0.,1.,0.));
#7469=DIRECTION('ref_axis',(1.,0.,0.));
#7470=DIRECTION('center_axis',(0.,1.,0.));
#7471=DIRECTION('ref_axis',(1.,0.,0.));
#7472=DIRECTION('center_axis',(0.,-1.,0.));
#7473=DIRECTION('ref_axis',(1.,0.,0.));
#7474=DIRECTION('',(0.,1.,0.));
#7475=DIRECTION('center_axis',(0.,1.,0.));
#7476=DIRECTION('ref_axis',(1.,0.,0.));
#7477=DIRECTION('center_axis',(0.,-1.,0.));
#7478=DIRECTION('ref_axis',(1.,0.,0.));
#7479=DIRECTION('',(0.,1.,0.));
#7480=DIRECTION('center_axis',(0.,1.,0.));
#7481=DIRECTION('ref_axis',(1.,0.,0.));
#7482=DIRECTION('center_axis',(0.,-1.,0.));
#7483=DIRECTION('ref_axis',(1.,0.,0.));
#7484=DIRECTION('',(0.,1.,0.));
#7485=DIRECTION('center_axis',(0.,1.,0.));
#7486=DIRECTION('ref_axis',(1.,0.,0.));
#7487=DIRECTION('center_axis',(0.,0.,-1.));
#7488=DIRECTION('ref_axis',(1.,0.,0.));
#7489=DIRECTION('',(1.,0.,0.));
#7490=DIRECTION('',(0.,-1.,0.));
#7491=DIRECTION('center_axis',(-1.,0.,0.));
#7492=DIRECTION('ref_axis',(0.,0.,-1.));
#7493=DIRECTION('',(0.,0.,-1.));
#7494=DIRECTION('center_axis',(0.,-1.,0.));
#7495=DIRECTION('ref_axis',(1.,0.,0.));
#7496=DIRECTION('axis',(0.,0.,1.));
#7497=DIRECTION('refdir',(1.,0.,0.));
#7498=DIRECTION('center_axis',(-1.,-8.0743492700017E-15,0.));
#7499=DIRECTION('ref_axis',(0.,-1.71771563466754E-30,-1.));
#7500=DIRECTION('center_axis',(-1.,-9.32587340685132E-15,-2.12737346035958E-16));
#7501=DIRECTION('ref_axis',(0.,-1.71771563466754E-30,-1.));
#7502=DIRECTION('',(-1.,-8.0743492700017E-15,0.));
#7503=DIRECTION('center_axis',(1.,8.4654505627667E-15,0.));
#7504=DIRECTION('ref_axis',(0.,-1.71771563466754E-30,-1.));
#7505=DIRECTION('center_axis',(-1.,-8.0743492700017E-15,0.));
#7506=DIRECTION('ref_axis',(0.,-1.71771563466754E-30,-1.));
#7507=DIRECTION('center_axis',(-1.,-9.32587340685132E-15,-2.12737346035958E-16));
#7508=DIRECTION('ref_axis',(0.,-1.71771563466754E-30,-1.));
#7509=DIRECTION('',(-1.,-8.0743492700017E-15,0.));
#7510=DIRECTION('center_axis',(1.,8.4654505627667E-15,0.));
#7511=DIRECTION('ref_axis',(0.,-1.71771563466754E-30,-1.));
#7512=DIRECTION('center_axis',(-1.,-8.0743492700017E-15,0.));
#7513=DIRECTION('ref_axis',(0.,-1.71771563466754E-30,-1.));
#7514=DIRECTION('center_axis',(-1.,-9.32587340685132E-15,-2.12737346035958E-16));
#7515=DIRECTION('ref_axis',(0.,-1.71771563466754E-30,-1.));
#7516=DIRECTION('',(-1.,-8.0743492700017E-15,0.));
#7517=DIRECTION('center_axis',(1.,8.4654505627667E-15,0.));
#7518=DIRECTION('ref_axis',(0.,-1.71771563466754E-30,-1.));
#7519=DIRECTION('center_axis',(-1.,-8.0743492700017E-15,0.));
#7520=DIRECTION('ref_axis',(0.,-1.71771563466754E-30,-1.));
#7521=DIRECTION('center_axis',(-1.,-9.32587340685132E-15,-2.12737346035958E-16));
#7522=DIRECTION('ref_axis',(0.,-1.71771563466754E-30,-1.));
#7523=DIRECTION('',(-1.,-8.0743492700017E-15,0.));
#7524=DIRECTION('center_axis',(1.,8.4654505627667E-15,0.));
#7525=DIRECTION('ref_axis',(0.,-1.71771563466754E-30,-1.));
#7526=DIRECTION('center_axis',(-8.4654505627667E-15,1.,8.85697124125644E-32));
#7527=DIRECTION('ref_axis',(2.12737346035958E-16,1.88948719813416E-30,-1.));
#7528=DIRECTION('',(2.12737346035958E-16,1.88948719813416E-30,-1.));
#7529=DIRECTION('',(-1.,-8.4654505627667E-15,0.));
#7530=DIRECTION('',(2.12737346035958E-16,1.88948719813416E-30,-1.));
#7531=DIRECTION('',(1.,1.77635683940023E-14,2.1273734603596E-16));
#7532=DIRECTION('center_axis',(8.4654505627667E-15,-1.,-8.85697124125644E-32));
#7533=DIRECTION('ref_axis',(-2.12737346035958E-16,-1.88948719813416E-30,
1.));
#7534=DIRECTION('',(2.12737346035958E-16,1.88948719813416E-30,-1.));
#7535=DIRECTION('',(-1.,-8.82055185704388E-15,-2.12737346035958E-16));
#7536=DIRECTION('',(-2.12737346035958E-16,-1.88948719813416E-30,1.));
#7537=DIRECTION('',(-1.,-8.4654505627667E-15,0.));
#7538=DIRECTION('center_axis',(-3.58039547756555E-30,4.22942104619107E-16,
-1.));
#7539=DIRECTION('ref_axis',(9.30472630162035E-15,-1.,-4.22942104619107E-16));
#7540=DIRECTION('',(-9.30472630162035E-15,1.,4.22942104619107E-16));
#7541=DIRECTION('',(9.30472630162035E-15,-1.,-4.22942104619107E-16));
#7542=DIRECTION('center_axis',(1.,9.32587340685132E-15,2.12737346035958E-16));
#7543=DIRECTION('ref_axis',(2.12737346035958E-16,0.,-1.));
#7544=DIRECTION('',(-2.12737346035956E-16,-2.12737346035958E-16,1.));
#7545=DIRECTION('',(-2.12737346035958E-16,-1.87646079264006E-30,1.));
#7546=DIRECTION('',(8.45884209238215E-15,-1.,0.));
#7547=DIRECTION('',(-2.12737346035958E-16,-1.87646079264006E-30,1.));
#7548=DIRECTION('',(2.12737346035958E-16,0.,-1.));
#7549=DIRECTION('center_axis',(-1.,-8.4654505627667E-15,0.));
#7550=DIRECTION('ref_axis',(0.,0.,1.));
#7551=DIRECTION('',(-2.12737346035961E-16,0.,1.));
#7552=DIRECTION('',(-2.12737346035958E-16,-1.87646079264006E-30,1.));
#7553=DIRECTION('',(-8.45884209238215E-15,1.,0.));
#7554=DIRECTION('',(2.12737346035958E-16,1.87646079264006E-30,-1.));
#7555=DIRECTION('',(2.12737346035958E-16,2.12737346035958E-16,-1.));
#7556=DIRECTION('center_axis',(0.,-1.,-1.87646079264006E-30));
#7557=DIRECTION('ref_axis',(-2.12737346035958E-16,-1.87646079264006E-30,
1.));
#7558=DIRECTION('',(-1.,0.,0.));
#7559=DIRECTION('',(1.,8.82055185704388E-15,2.12737346035958E-16));
#7560=DIRECTION('center_axis',(0.,1.,1.87646079264006E-30));
#7561=DIRECTION('ref_axis',(2.12737346035958E-16,1.87646079264006E-30,-1.));
#7562=DIRECTION('',(-1.,-1.77635683940023E-14,-2.12737346035958E-16));
#7563=DIRECTION('',(-1.,0.,0.));
#7564=DIRECTION('center_axis',(0.,0.,1.));
#7565=DIRECTION('ref_axis',(-8.45884209238215E-15,1.,0.));
#7566=DIRECTION('center_axis',(-2.12737346035958E-16,-2.12737346035958E-16,
1.));
#7567=DIRECTION('ref_axis',(1.,1.49822896437135E-14,2.12737346035961E-16));
#7568=DIRECTION('',(2.12737346035958E-16,-3.24072959616779E-30,-1.));
#7569=DIRECTION('center_axis',(2.12737346035958E-16,2.12737346035958E-16,
-1.));
#7570=DIRECTION('ref_axis',(0.,1.,0.));
#7571=DIRECTION('center_axis',(-2.12737346035958E-16,-2.12737346035958E-16,
1.));
#7572=DIRECTION('ref_axis',(1.,5.32907051820068E-14,0.));
#7573=DIRECTION('center_axis',(0.,-4.36139550955413E-30,-1.));
#7574=DIRECTION('ref_axis',(-1.,1.52157766260908E-14,4.93038065763132E-32));
#7575=DIRECTION('',(2.48655942795438E-15,-1.,4.35320136507612E-30));
#7576=DIRECTION('',(1.,-1.52157766260908E-14,0.));
#7577=DIRECTION('',(-5.26783817824313E-15,1.,-4.35320136507612E-30));
#7578=DIRECTION('',(-1.,1.52157766260908E-14,0.));
#7579=DIRECTION('center_axis',(-6.3339924290895E-15,-1.,-3.19106019053938E-16));
#7580=DIRECTION('ref_axis',(-4.25474692071917E-16,-3.19106019053935E-16,
1.));
#7581=DIRECTION('',(-2.12737346035957E-16,-3.19106019053936E-16,1.));
#7582=DIRECTION('',(1.,-1.52157766260908E-14,0.));
#7583=DIRECTION('',(2.1273734603596E-16,4.25474692071917E-16,-1.));
#7584=DIRECTION('center_axis',(-2.12737346035958E-16,-2.12737346035958E-16,
1.));
#7585=DIRECTION('ref_axis',(1.,0.,2.12737346035958E-16));
#7586=DIRECTION('',(-2.48655942795438E-15,1.,-3.76151950515348E-30));
#7587=DIRECTION('center_axis',(2.12737346035958E-16,2.12737346035958E-16,
-1.));
#7588=DIRECTION('ref_axis',(-3.55271367880032E-14,1.,0.));
#7589=DIRECTION('center_axis',(2.12737346035958E-16,2.12737346035958E-16,
-1.));
#7590=DIRECTION('ref_axis',(-1.,0.,-2.12737346035958E-16));
#7591=DIRECTION('center_axis',(2.12737346035958E-16,2.12737346035958E-16,
-1.));
#7592=DIRECTION('ref_axis',(0.,1.,0.));
#7593=DIRECTION('center_axis',(-2.12737346035958E-16,3.24072959616779E-30,
1.));
#7594=DIRECTION('ref_axis',(1.,2.48655942795438E-15,2.12737346035958E-16));
#7595=DIRECTION('',(1.,2.48655942795438E-15,2.12737346035958E-16));
#7596=DIRECTION('',(-5.26783817824313E-15,1.,-4.35320136507612E-30));
#7597=DIRECTION('center_axis',(-1.,-5.26783817824313E-15,-2.12737346035963E-16));
#7598=DIRECTION('ref_axis',(-2.1273734603596E-16,-4.25474692071917E-16,
1.));
#7599=DIRECTION('',(-2.1273734603596E-16,-4.25474692071917E-16,1.));
#7600=DIRECTION('center_axis',(-2.12737346035958E-16,-2.12737346035958E-16,
1.));
#7601=DIRECTION('ref_axis',(1.,1.49822896437135E-14,2.12737346035961E-16));
#7602=DIRECTION('center_axis',(-5.26783817824313E-15,1.,-4.35320136507612E-30));
#7603=DIRECTION('ref_axis',(4.25474692071913E-16,-2.12006368278147E-30,
-1.));
#7604=DIRECTION('center_axis',(-2.12737346035958E-16,0.,1.));
#7605=DIRECTION('ref_axis',(0.,-1.,0.));
#7606=DIRECTION('center_axis',(2.12737346035958E-16,0.,-1.));
#7607=DIRECTION('ref_axis',(1.,2.30371277609721E-14,0.));
#7608=DIRECTION('',(0.,0.,1.));
#7609=DIRECTION('center_axis',(-2.12737346035958E-16,0.,1.));
#7610=DIRECTION('ref_axis',(0.,-1.,0.));
#7611=DIRECTION('center_axis',(-2.12737346035958E-16,0.,1.));
#7612=DIRECTION('ref_axis',(1.,0.,2.12737346035958E-16));
#7613=DIRECTION('center_axis',(2.12737346035958E-16,0.,-1.));
#7614=DIRECTION('ref_axis',(1.,2.30371277609725E-14,0.));
#7615=DIRECTION('',(0.,1.,0.));
#7616=DIRECTION('center_axis',(2.12737346035958E-16,0.,-1.));
#7617=DIRECTION('ref_axis',(-1.,0.,-2.12737346035958E-16));
#7618=DIRECTION('',(0.,-1.,0.));
#7619=DIRECTION('center_axis',(2.12737346035958E-16,0.,-1.));
#7620=DIRECTION('ref_axis',(1.,-5.41233724504775E-15,0.));
#7621=DIRECTION('center_axis',(-2.12737346035958E-16,0.,1.));
#7622=DIRECTION('ref_axis',(0.,-1.,0.));
#7623=DIRECTION('',(0.,0.,-1.));
#7624=DIRECTION('center_axis',(1.1842378929335E-15,0.,-1.));
#7625=DIRECTION('ref_axis',(1.,0.,1.1842378929335E-15));
#7626=DIRECTION('',(1.,0.,1.1842378929335E-15));
#7627=DIRECTION('',(0.,-1.,0.));
#7628=DIRECTION('',(1.,0.,1.1842378929335E-15));
#7629=DIRECTION('center_axis',(0.,-1.,0.));
#7630=DIRECTION('ref_axis',(1.,0.,0.));
#7631=DIRECTION('',(-1.,0.,1.1842378929335E-15));
#7632=DIRECTION('',(-2.12737346035958E-16,0.,-1.));
#7633=DIRECTION('center_axis',(0.,1.,0.));
#7634=DIRECTION('ref_axis',(1.,0.,0.));
#7635=DIRECTION('center_axis',(0.,1.,0.));
#7636=DIRECTION('ref_axis',(1.,0.,0.));
#7637=DIRECTION('center_axis',(0.,1.,0.));
#7638=DIRECTION('ref_axis',(1.,0.,0.));
#7639=DIRECTION('center_axis',(0.,-1.,0.));
#7640=DIRECTION('ref_axis',(1.,0.,0.));
#7641=DIRECTION('',(0.,1.,0.));
#7642=DIRECTION('center_axis',(0.,1.,0.));
#7643=DIRECTION('ref_axis',(1.,0.,0.));
#7644=DIRECTION('center_axis',(0.,-1.,0.));
#7645=DIRECTION('ref_axis',(1.,0.,0.));
#7646=DIRECTION('',(0.,1.,0.));
#7647=DIRECTION('center_axis',(0.,1.,0.));
#7648=DIRECTION('ref_axis',(1.,0.,0.));
#7649=DIRECTION('center_axis',(0.,-1.,0.));
#7650=DIRECTION('ref_axis',(1.,0.,0.));
#7651=DIRECTION('',(0.,1.,0.));
#7652=DIRECTION('center_axis',(0.,1.,0.));
#7653=DIRECTION('ref_axis',(1.,0.,0.));
#7654=DIRECTION('center_axis',(-1.,0.,2.12737346035958E-16));
#7655=DIRECTION('ref_axis',(-2.12737346035958E-16,0.,-1.));
#7656=DIRECTION('',(-2.12737346035958E-16,0.,-1.));
#7657=DIRECTION('',(0.,-1.,0.));
#7658=DIRECTION('center_axis',(1.1842378929335E-15,0.,1.));
#7659=DIRECTION('ref_axis',(-1.,0.,1.1842378929335E-15));
#7660=DIRECTION('',(-1.,0.,1.1842378929335E-15));
#7661=DIRECTION('center_axis',(0.,-1.,0.));
#7662=DIRECTION('ref_axis',(1.,0.,0.));
#7663=DIRECTION('axis',(0.,0.,1.));
#7664=DIRECTION('refdir',(1.,0.,0.));
#7665=DIRECTION('center_axis',(0.,4.03717463500059E-15,1.));
#7666=DIRECTION('ref_axis',(-1.,3.84877315203388E-15,-1.55381693452624E-29));
#7667=DIRECTION('center_axis',(0.,-5.5511151231258E-15,-1.));
#7668=DIRECTION('ref_axis',(-1.,3.84877315203388E-15,-1.55381693452624E-29));
#7669=DIRECTION('',(0.,4.03717463500059E-15,1.));
#7670=DIRECTION('center_axis',(0.,5.49824736004839E-15,1.));
#7671=DIRECTION('ref_axis',(-1.,3.84877315203388E-15,-1.55381693452624E-29));
#7672=DIRECTION('',(0.,4.03717463500059E-15,1.));
#7673=DIRECTION('center_axis',(1.,-3.5527136788005E-15,1.4342925549473E-29));
#7674=DIRECTION('ref_axis',(3.5527136788005E-15,1.,-4.31400946711489E-15));
#7675=DIRECTION('',(-3.5527136788005E-15,-1.,5.5511151231258E-15));
#7676=DIRECTION('',(3.5527136788005E-15,1.,-5.49824736004839E-15));
#7677=DIRECTION('',(0.,4.03717463500059E-15,1.));
#7678=DIRECTION('center_axis',(0.,4.03717463500059E-15,1.));
#7679=DIRECTION('ref_axis',(1.,-4.14483262526725E-15,1.67334131410519E-29));
#7680=DIRECTION('center_axis',(0.,-5.5511151231258E-15,-1.));
#7681=DIRECTION('ref_axis',(1.,-4.14483262526725E-15,1.67334131410519E-29));
#7682=DIRECTION('center_axis',(0.,5.49824736004839E-15,1.));
#7683=DIRECTION('ref_axis',(1.,-4.14483262526725E-15,1.67334131410519E-29));
#7684=DIRECTION('',(0.,4.03717463500059E-15,1.));
#7685=DIRECTION('center_axis',(-1.,2.368475785867E-15,-9.56195036631534E-30));
#7686=DIRECTION('ref_axis',(-2.368475785867E-15,-1.,4.31400946711489E-15));
#7687=DIRECTION('',(2.368475785867E-15,1.,-5.5511151231258E-15));
#7688=DIRECTION('',(-2.368475785867E-15,-1.,5.49824736004839E-15));
#7689=DIRECTION('center_axis',(0.,4.03717463500059E-15,1.));
#7690=DIRECTION('ref_axis',(-1.,0.,0.));
#7691=DIRECTION('center_axis',(0.,5.49824736004839E-15,1.));
#7692=DIRECTION('ref_axis',(-1.,0.,0.));
#7693=DIRECTION('',(0.,4.03717463500059E-15,1.));
#7694=DIRECTION('center_axis',(0.,-5.5511151231258E-15,-1.));
#7695=DIRECTION('ref_axis',(-1.,0.,0.));
#7696=DIRECTION('center_axis',(0.,4.03717463500052E-15,1.));
#7697=DIRECTION('ref_axis',(-1.,0.,0.));
#7698=DIRECTION('center_axis',(0.,5.49824736004839E-15,1.));
#7699=DIRECTION('ref_axis',(-1.,0.,0.));
#7700=DIRECTION('',(0.,4.03717463500052E-15,1.));
#7701=DIRECTION('center_axis',(0.,-5.5511151231258E-15,-1.));
#7702=DIRECTION('ref_axis',(-1.,0.,0.));
#7703=DIRECTION('center_axis',(0.,8.07434927000105E-15,1.));
#7704=DIRECTION('ref_axis',(-1.,0.,0.));
#7705=DIRECTION('center_axis',(0.,5.49824736004839E-15,1.));
#7706=DIRECTION('ref_axis',(-1.,0.,0.));
#7707=DIRECTION('',(0.,8.07434927000105E-15,1.));
#7708=DIRECTION('center_axis',(0.,-5.5511151231258E-15,-1.));
#7709=DIRECTION('ref_axis',(-1.,0.,0.));
#7710=DIRECTION('center_axis',(0.,8.07434927000105E-15,1.));
#7711=DIRECTION('ref_axis',(-1.,0.,0.));
#7712=DIRECTION('center_axis',(0.,5.49824736004839E-15,1.));
#7713=DIRECTION('ref_axis',(-1.,0.,0.));
#7714=DIRECTION('',(0.,8.07434927000105E-15,1.));
#7715=DIRECTION('center_axis',(0.,-5.5511151231258E-15,-1.));
#7716=DIRECTION('ref_axis',(-1.,0.,0.));
#7717=DIRECTION('center_axis',(0.,4.03717463500052E-15,1.));
#7718=DIRECTION('ref_axis',(-1.,0.,0.));
#7719=DIRECTION('center_axis',(0.,5.49824736004839E-15,1.));
#7720=DIRECTION('ref_axis',(-1.,0.,0.));
#7721=DIRECTION('',(0.,4.03717463500052E-15,1.));
#7722=DIRECTION('center_axis',(0.,-5.5511151231258E-15,-1.));
#7723=DIRECTION('ref_axis',(-1.,0.,0.));
#7724=DIRECTION('center_axis',(0.,1.,-5.5511151231258E-15));
#7725=DIRECTION('ref_axis',(-1.,0.,0.));
#7726=DIRECTION('',(-1.,0.,0.));
#7727=DIRECTION('',(0.,5.5511151231258E-15,1.));
#7728=DIRECTION('',(-1.,0.,0.));
#7729=DIRECTION('',(0.,0.,-1.));
#7730=DIRECTION('center_axis',(0.,-1.,5.5511151231258E-15));
#7731=DIRECTION('ref_axis',(1.,0.,0.));
#7732=DIRECTION('',(-1.,0.,0.));
#7733=DIRECTION('',(0.,5.39030285815812E-15,1.));
#7734=DIRECTION('',(1.,0.,0.));
#7735=DIRECTION('',(0.,5.5511151231258E-15,1.));
#7736=DIRECTION('center_axis',(-1.,0.,0.));
#7737=DIRECTION('ref_axis',(0.,-1.,5.49824736004839E-15));
#7738=DIRECTION('',(0.,1.,-5.49824736004839E-15));
#7739=DIRECTION('',(0.,-1.,5.49824736004839E-15));
#7740=DIRECTION('center_axis',(0.,-5.49824736004839E-15,-1.));
#7741=DIRECTION('ref_axis',(-1.,0.,0.));
#7742=DIRECTION('',(1.,0.,0.));
#7743=DIRECTION('',(1.,0.,0.));
#7744=DIRECTION('',(0.,-1.,5.49824736004839E-15));
#7745=DIRECTION('',(1.,0.,0.));
#7746=DIRECTION('',(-1.,0.,0.));
#7747=DIRECTION('center_axis',(0.,5.5511151231258E-15,1.));
#7748=DIRECTION('ref_axis',(1.,0.,0.));
#7749=DIRECTION('',(1.,0.,0.));
#7750=DIRECTION('',(1.,0.,0.));
#7751=DIRECTION('',(0.,1.,-5.49824736004839E-15));
#7752=DIRECTION('',(-1.,0.,0.));
#7753=DIRECTION('',(-1.,0.,0.));
#7754=DIRECTION('center_axis',(0.,-1.,0.));
#7755=DIRECTION('ref_axis',(1.,0.,0.));
#7756=DIRECTION('',(0.,0.,1.));
#7757=DIRECTION('',(0.,-5.39030285815812E-15,-1.));
#7758=DIRECTION('center_axis',(0.,1.,0.));
#7759=DIRECTION('ref_axis',(-1.,0.,0.));
#7760=DIRECTION('',(0.,0.,1.));
#7761=DIRECTION('',(0.,0.,1.));
#7762=DIRECTION('center_axis',(1.,0.,0.));
#7763=DIRECTION('ref_axis',(0.,1.,-5.49824736004839E-15));
#7764=DIRECTION('center_axis',(1.,0.,0.));
#7765=DIRECTION('ref_axis',(0.,-5.35968668817944E-15,-1.));
#7766=DIRECTION('',(-1.,0.,0.));
#7767=DIRECTION('center_axis',(-1.,0.,0.));
#7768=DIRECTION('ref_axis',(0.,1.,0.));
#7769=DIRECTION('center_axis',(1.,0.,0.));
#7770=DIRECTION('ref_axis',(0.,0.,-1.));
#7771=DIRECTION('center_axis',(-1.,0.,0.));
#7772=DIRECTION('ref_axis',(0.,3.58332984877918E-15,1.));
#7773=DIRECTION('',(0.,-1.,3.64456218873655E-15));
#7774=DIRECTION('',(0.,-3.58332984877919E-15,-1.));
#7775=DIRECTION('',(0.,1.,1.71512449944288E-15));
#7776=DIRECTION('',(0.,3.58332984877919E-15,1.));
#7777=DIRECTION('center_axis',(0.,1.,-3.61394601875787E-15));
#7778=DIRECTION('ref_axis',(-1.,0.,0.));
#7779=DIRECTION('',(1.,0.,0.));
#7780=DIRECTION('',(0.,-3.58332984877919E-15,-1.));
#7781=DIRECTION('',(-1.,0.,0.));
#7782=DIRECTION('center_axis',(1.,0.,0.));
#7783=DIRECTION('ref_axis',(0.,0.,-1.));
#7784=DIRECTION('',(0.,1.,-3.64456218873655E-15));
#7785=DIRECTION('center_axis',(-1.,0.,0.));
#7786=DIRECTION('ref_axis',(0.,1.,0.));
#7787=DIRECTION('center_axis',(-1.,0.,0.));
#7788=DIRECTION('ref_axis',(0.,0.,1.));
#7789=DIRECTION('center_axis',(-1.,0.,0.));
#7790=DIRECTION('ref_axis',(0.,1.,0.));
#7791=DIRECTION('center_axis',(1.,0.,0.));
#7792=DIRECTION('ref_axis',(0.,-3.64456218873655E-15,-1.));
#7793=DIRECTION('',(0.,-3.64456218873655E-15,-1.));
#7794=DIRECTION('',(0.,1.,1.71512449944288E-15));
#7795=DIRECTION('center_axis',(0.,-1.71512449944288E-15,1.));
#7796=DIRECTION('ref_axis',(1.,0.,0.));
#7797=DIRECTION('',(1.,0.,0.));
#7798=DIRECTION('center_axis',(1.,0.,0.));
#7799=DIRECTION('ref_axis',(0.,-5.35968668817943E-15,-1.));
#7800=DIRECTION('center_axis',(0.,1.,1.71512449944288E-15));
#7801=DIRECTION('ref_axis',(-1.,0.,0.));
#7802=DIRECTION('center_axis',(1.,0.,0.));
#7803=DIRECTION('ref_axis',(0.,-1.,0.));
#7804=DIRECTION('center_axis',(-1.,0.,0.));
#7805=DIRECTION('ref_axis',(0.,-5.41233724504766E-15,-1.));
#7806=DIRECTION('',(1.,0.,0.));
#7807=DIRECTION('center_axis',(1.,0.,0.));
#7808=DIRECTION('ref_axis',(0.,-1.,0.));
#7809=DIRECTION('center_axis',(1.,0.,0.));
#7810=DIRECTION('ref_axis',(0.,0.,-1.));
#7811=DIRECTION('center_axis',(-1.,0.,0.));
#7812=DIRECTION('ref_axis',(0.,-5.41233724504766E-15,-1.));
#7813=DIRECTION('',(0.,1.,0.));
#7814=DIRECTION('center_axis',(-1.,0.,0.));
#7815=DIRECTION('ref_axis',(0.,0.,1.));
#7816=DIRECTION('',(0.,-1.,0.));
#7817=DIRECTION('center_axis',(-1.,0.,0.));
#7818=DIRECTION('ref_axis',(0.,-5.41233724504766E-15,-1.));
#7819=DIRECTION('center_axis',(1.,0.,0.));
#7820=DIRECTION('ref_axis',(0.,-1.,0.));
#7821=DIRECTION('',(-1.,0.,0.));
#7822=DIRECTION('center_axis',(-1.,0.,0.));
#7823=DIRECTION('ref_axis',(0.,0.,-1.));
#7824=DIRECTION('',(0.,0.,-1.));
#7825=DIRECTION('',(0.,-1.,0.));
#7826=DIRECTION('',(0.,0.,1.));
#7827=DIRECTION('center_axis',(0.,-1.,0.));
#7828=DIRECTION('ref_axis',(1.,0.,0.));
#7829=DIRECTION('',(0.,0.,1.));
#7830=DIRECTION('',(-1.,0.,0.));
#7831=DIRECTION('center_axis',(0.,1.,0.));
#7832=DIRECTION('ref_axis',(1.,0.,0.));
#7833=DIRECTION('center_axis',(0.,1.,0.));
#7834=DIRECTION('ref_axis',(1.,0.,0.));
#7835=DIRECTION('center_axis',(0.,1.,0.));
#7836=DIRECTION('ref_axis',(1.,0.,0.));
#7837=DIRECTION('center_axis',(0.,-1.,0.));
#7838=DIRECTION('ref_axis',(1.,0.,0.));
#7839=DIRECTION('',(0.,1.,0.));
#7840=DIRECTION('center_axis',(0.,1.,0.));
#7841=DIRECTION('ref_axis',(1.,0.,0.));
#7842=DIRECTION('center_axis',(0.,-1.,0.));
#7843=DIRECTION('ref_axis',(1.,0.,0.));
#7844=DIRECTION('',(0.,1.,0.));
#7845=DIRECTION('center_axis',(0.,1.,0.));
#7846=DIRECTION('ref_axis',(1.,0.,0.));
#7847=DIRECTION('center_axis',(0.,-1.,0.));
#7848=DIRECTION('ref_axis',(1.,0.,0.));
#7849=DIRECTION('',(0.,1.,0.));
#7850=DIRECTION('center_axis',(0.,1.,0.));
#7851=DIRECTION('ref_axis',(1.,0.,0.));
#7852=DIRECTION('center_axis',(1.,0.,0.));
#7853=DIRECTION('ref_axis',(0.,0.,1.));
#7854=DIRECTION('',(0.,0.,-1.));
#7855=DIRECTION('',(0.,-1.,0.));
#7856=DIRECTION('center_axis',(0.,0.,1.));
#7857=DIRECTION('ref_axis',(-1.,0.,0.));
#7858=DIRECTION('',(1.,0.,0.));
#7859=DIRECTION('center_axis',(0.,-1.,0.));
#7860=DIRECTION('ref_axis',(1.,0.,0.));
#7861=DIRECTION('axis',(0.,0.,1.));
#7862=DIRECTION('refdir',(1.,0.,0.));
#7863=DIRECTION('center_axis',(-5.93975118712732E-15,-1.,-3.8979617165523E-15));
#7864=DIRECTION('ref_axis',(-1.,5.93975118712732E-15,-2.67635669550803E-22));
#7865=DIRECTION('center_axis',(-3.49148133884319E-15,-1.,-3.70236406997624E-15));
#7866=DIRECTION('ref_axis',(-1.,5.93975118712732E-15,-2.67635669550803E-22));
#7867=DIRECTION('',(-5.93975118712732E-15,-1.,-3.89796171655231E-15));
#7868=DIRECTION('center_axis',(-5.60832701038728E-16,1.,-8.02159107006541E-15));
#7869=DIRECTION('ref_axis',(-1.,5.93975118712732E-15,-2.67635669550803E-22));
#7870=DIRECTION('center_axis',(-5.93975118712732E-15,-1.,-3.8979617165523E-15));
#7871=DIRECTION('ref_axis',(-1.,5.93975118712732E-15,-2.67635669550803E-22));
#7872=DIRECTION('center_axis',(-1.53823100797845E-14,-1.,1.32946910027381E-14));
#7873=DIRECTION('ref_axis',(-1.,5.93975118712732E-15,-2.67635669550803E-22));
#7874=DIRECTION('',(-5.93975118712732E-15,-1.,-3.89796171655231E-15));
#7875=DIRECTION('center_axis',(1.36059532403843E-14,1.,-3.70236406997639E-15));
#7876=DIRECTION('ref_axis',(-1.,5.93975118712732E-15,-2.67635669550803E-22));
#7877=DIRECTION('center_axis',(-1.,8.07434927000157E-15,8.07434927000157E-15));
#7878=DIRECTION('ref_axis',(-8.07434927000157E-15,2.33746690122985E-29,
-1.));
#7879=DIRECTION('center_axis',(-1.,8.01475288253211E-15,5.17942012702508E-15));
#7880=DIRECTION('ref_axis',(-8.07434927000157E-15,2.33746690122985E-29,
-1.));
#7881=DIRECTION('',(-1.,8.07434927000157E-15,8.07434927000157E-15));
#7882=DIRECTION('center_axis',(1.,-5.12817301850667E-15,-1.71512449944283E-15));
#7883=DIRECTION('ref_axis',(-8.07434927000157E-15,2.33746690122985E-29,
-1.));
#7884=DIRECTION('center_axis',(-1.,8.07434927000157E-15,8.07434927000157E-15));
#7885=DIRECTION('ref_axis',(-8.07434927000157E-15,2.33746690122985E-29,
-1.));
#7886=DIRECTION('center_axis',(-1.,8.01475288253211E-15,5.17942012702508E-15));
#7887=DIRECTION('ref_axis',(-8.07434927000157E-15,2.33746690122985E-29,
-1.));
#7888=DIRECTION('',(-1.,8.07434927000157E-15,8.07434927000157E-15));
#7889=DIRECTION('center_axis',(1.,-5.12817301850667E-15,-1.71512449944283E-15));
#7890=DIRECTION('ref_axis',(-8.07434927000157E-15,2.33746690122985E-29,
-1.));
#7891=DIRECTION('center_axis',(5.17942012702508E-15,1.1949911446884E-28,
1.));
#7892=DIRECTION('ref_axis',(-1.,8.01475288253211E-15,5.17942012702508E-15));
#7893=DIRECTION('',(-5.17942012702513E-15,-3.70236406997632E-15,-1.));
#7894=DIRECTION('center_axis',(-5.17942012702508E-15,-1.1949911446884E-28,
-1.));
#7895=DIRECTION('ref_axis',(-1.42108547152023E-14,-1.,0.));
#7896=DIRECTION('',(1.71512449944283E-15,-1.38052376430059E-29,1.));
#7897=DIRECTION('center_axis',(5.17942012702508E-15,1.1949911446884E-28,
1.));
#7898=DIRECTION('ref_axis',(-1.,-5.10702591327561E-15,3.55271367880043E-15));
#7899=DIRECTION('center_axis',(-5.17942012702506E-15,-3.70236406997632E-15,
-1.));
#7900=DIRECTION('ref_axis',(1.,-1.70700741492637E-14,-5.179420127025E-15));
#7901=DIRECTION('',(1.38491449505403E-14,1.,-3.7023640699764E-15));
#7902=DIRECTION('',(-1.,1.70700741492637E-14,5.179420127025E-15));
#7903=DIRECTION('',(-1.36059532403843E-14,-1.,3.70236406997639E-15));
#7904=DIRECTION('',(1.,-1.70700741492637E-14,-5.179420127025E-15));
#7905=DIRECTION('center_axis',(1.53823100797845E-14,1.,-1.32946910027381E-14));
#7906=DIRECTION('ref_axis',(-5.17942012702528E-15,-1.3294691002738E-14,
-1.));
#7907=DIRECTION('',(5.17942012702526E-15,1.3294691002738E-14,1.));
#7908=DIRECTION('',(-1.,1.70700741492638E-14,5.179420127025E-15));
#7909=DIRECTION('',(-1.22848474846264E-14,-1.18736055312177E-14,-1.));
#7910=DIRECTION('center_axis',(5.17942012702508E-15,1.1949911446884E-28,
1.));
#7911=DIRECTION('ref_axis',(1.,0.,-5.17942012702508E-15));
#7912=DIRECTION('',(-1.38491449505403E-14,-1.,3.7023640699764E-15));
#7913=DIRECTION('center_axis',(-5.17942012702508E-15,-1.1949911446884E-28,
-1.));
#7914=DIRECTION('ref_axis',(-1.18423789293355E-14,-1.,0.));
#7915=DIRECTION('',(1.,-8.04911692853241E-15,-1.71512449944282E-15));
#7916=DIRECTION('center_axis',(-5.17942012702508E-15,-1.1949911446884E-28,
-1.));
#7917=DIRECTION('ref_axis',(-1.,0.,5.17942012702508E-15));
#7918=DIRECTION('',(-1.,8.04911692853241E-15,5.17942012702508E-15));
#7919=DIRECTION('center_axis',(-5.17942012702508E-15,-1.1949911446884E-28,
-1.));
#7920=DIRECTION('ref_axis',(-1.18423789293347E-14,-1.,0.));
#7921=DIRECTION('center_axis',(1.37059329561463E-14,3.70236406997621E-15,
1.));
#7922=DIRECTION('ref_axis',(-1.,1.38491449505404E-14,1.37059329561462E-14));
#7923=DIRECTION('',(-1.,1.38491449505404E-14,1.37059329561462E-14));
#7924=DIRECTION('',(-1.36059532403843E-14,-1.,3.70236406997639E-15));
#7925=DIRECTION('center_axis',(1.,-1.36059532403843E-14,-1.22848474846263E-14));
#7926=DIRECTION('ref_axis',(1.22848474846264E-14,1.18736055312177E-14,1.));
#7927=DIRECTION('',(1.22848474846264E-14,1.18736055312177E-14,1.));
#7928=DIRECTION('center_axis',(5.17942012702508E-15,1.1949911446884E-28,
1.));
#7929=DIRECTION('ref_axis',(-1.,8.01475288253211E-15,5.17942012702508E-15));
#7930=DIRECTION('',(-5.17942012702508E-15,4.16897582244191E-29,-1.));
#7931=DIRECTION('center_axis',(-1.36059532403843E-14,-1.,3.70236406997639E-15));
#7932=DIRECTION('ref_axis',(5.17942012702522E-15,3.70236406997632E-15,1.));
#7933=DIRECTION('center_axis',(-5.17942012702508E-15,5.29163817086498E-29,
-1.));
#7934=DIRECTION('ref_axis',(-1.,8.01475288253211E-15,5.17942012702508E-15));
#7935=DIRECTION('',(5.17942012702507E-15,-3.70236406997626E-15,1.));
#7936=DIRECTION('center_axis',(5.17942012702508E-15,-5.29163817086498E-29,
1.));
#7937=DIRECTION('ref_axis',(0.,1.,0.));
#7938=DIRECTION('',(-1.71512449944283E-15,-1.00101832920313E-29,-1.));
#7939=DIRECTION('center_axis',(-5.17942012702508E-15,5.29163817086498E-29,
-1.));
#7940=DIRECTION('ref_axis',(-1.,2.48689957516035E-14,3.5527136788005E-15));
#7941=DIRECTION('center_axis',(5.17942012702515E-15,-3.70236406997626E-15,
1.));
#7942=DIRECTION('ref_axis',(1.,3.30952196864448E-15,-5.17942012702514E-15));
#7943=DIRECTION('',(-2.62445002437401E-15,-1.,-3.70236406997624E-15));
#7944=DIRECTION('',(-1.,-3.30952196864448E-15,5.17942012702514E-15));
#7945=DIRECTION('',(3.49148133884319E-15,1.,3.70236406997624E-15));
#7946=DIRECTION('',(1.,3.30952196864448E-15,-5.17942012702514E-15));
#7947=DIRECTION('center_axis',(5.60832701038728E-16,-1.,8.02159107006541E-15));
#7948=DIRECTION('ref_axis',(-5.17942012702509E-15,-8.02159107006541E-15,
-1.));
#7949=DIRECTION('',(-5.1794201270251E-15,-8.02159107006541E-15,-1.));
#7950=DIRECTION('',(-1.,-3.30952196864448E-15,5.17942012702514E-15));
#7951=DIRECTION('',(5.17942012702507E-15,1.08637620131058E-14,1.));
#7952=DIRECTION('center_axis',(-5.17942012702508E-15,5.29163817086498E-29,
-1.));
#7953=DIRECTION('ref_axis',(-1.,0.,5.17942012702508E-15));
#7954=DIRECTION('',(2.62445002437401E-15,1.,3.70236406997625E-15));
#7955=DIRECTION('center_axis',(5.17942012702508E-15,-5.29163817086498E-29,
1.));
#7956=DIRECTION('ref_axis',(0.,1.,0.));
#7957=DIRECTION('',(1.,-8.88178419700128E-15,-5.17942012702508E-15));
#7958=DIRECTION('center_axis',(5.17942012702508E-15,-5.29163817086498E-29,
1.));
#7959=DIRECTION('ref_axis',(1.,0.,-5.17942012702508E-15));
#7960=DIRECTION('',(-1.,8.88178419700128E-15,1.71512449944282E-15));
#7961=DIRECTION('center_axis',(5.17942012702508E-15,-5.29163817086498E-29,
1.));
#7962=DIRECTION('ref_axis',(0.,1.,0.));
#7963=DIRECTION('center_axis',(-6.60050559854525E-15,3.70236406997626E-15,
-1.));
#7964=DIRECTION('ref_axis',(-1.,2.624450024374E-15,6.60050559854526E-15));
#7965=DIRECTION('',(-1.,2.624450024374E-15,6.60050559854526E-15));
#7966=DIRECTION('',(3.49148133884319E-15,1.,3.70236406997624E-15));
#7967=DIRECTION('center_axis',(1.,-3.49148133884317E-15,-5.17942012702504E-15));
#7968=DIRECTION('ref_axis',(-5.17942012702507E-15,-1.08637620131058E-14,
-1.));
#7969=DIRECTION('',(-5.17942012702507E-15,-1.08637620131058E-14,-1.));
#7970=DIRECTION('center_axis',(-5.17942012702508E-15,5.29163817086498E-29,
-1.));
#7971=DIRECTION('ref_axis',(-1.,8.01475288253211E-15,5.17942012702508E-15));
#7972=DIRECTION('',(5.17942012702508E-15,-2.07589428667694E-29,1.));
#7973=DIRECTION('center_axis',(3.49148133884319E-15,1.,3.70236406997624E-15));
#7974=DIRECTION('ref_axis',(5.17942012702515E-15,-3.70236406997626E-15,
1.));
#7975=DIRECTION('center_axis',(8.04911692853241E-15,1.,0.));
#7976=DIRECTION('ref_axis',(0.,0.,-1.));
#7977=DIRECTION('center_axis',(8.1895021737234E-15,1.,-5.66268964157394E-15));
#7978=DIRECTION('ref_axis',(0.,-5.5511151231258E-15,-1.));
#7979=DIRECTION('',(-8.88178419700128E-14,5.5511151231258E-15,1.));
#7980=DIRECTION('center_axis',(-8.1895021737234E-15,-1.,5.66268964157394E-15));
#7981=DIRECTION('ref_axis',(0.,-5.5511151231258E-15,-1.));
#7982=DIRECTION('center_axis',(1.,-8.88178419700091E-15,8.88178419700129E-14));
#7983=DIRECTION('ref_axis',(-8.88178419700128E-14,5.5511151231258E-15,1.));
#7984=DIRECTION('',(8.88178419700123E-15,1.,-5.5511151231258E-15));
#7985=DIRECTION('',(1.97215226305253E-29,-6.66133814775096E-15,-1.));
#7986=DIRECTION('',(-8.88178419700123E-15,-1.,5.5511151231258E-15));
#7987=DIRECTION('center_axis',(8.45884209238215E-15,1.,-5.5511151231258E-15));
#7988=DIRECTION('ref_axis',(0.,-5.5511151231258E-15,-1.));
#7989=DIRECTION('',(-5.12817301850667E-15,-1.,5.5511151231258E-15));
#7990=DIRECTION('center_axis',(-7.68717206405222E-15,-1.,7.58957708905421E-15));
#7991=DIRECTION('ref_axis',(0.,-5.5511151231258E-15,-1.));
#7992=DIRECTION('',(8.88178419700123E-15,1.,-5.5511151231258E-15));
#7993=DIRECTION('center_axis',(1.,0.,1.06581410364015E-13));
#7994=DIRECTION('ref_axis',(1.06581410364015E-13,-8.88178419700128E-15,
-1.));
#7995=DIRECTION('',(-1.06581410364015E-13,8.88178419700128E-15,1.));
#7996=DIRECTION('',(-8.88178419700123E-15,-1.,5.5511151231258E-15));
#7997=DIRECTION('',(-1.97215226305253E-29,6.66133814775096E-15,1.));
#7998=DIRECTION('',(8.88178419700123E-15,1.,-5.5511151231258E-15));
#7999=DIRECTION('center_axis',(8.45884209238215E-15,1.,-5.5511151231258E-15));
#8000=DIRECTION('ref_axis',(0.,-5.5511151231258E-15,-1.));
#8001=DIRECTION('',(-8.88178419700123E-15,-1.,5.5511151231258E-15));
#8002=DIRECTION('center_axis',(7.68717206405222E-15,1.,-7.58957708905421E-15));
#8003=DIRECTION('ref_axis',(0.,-5.5511151231258E-15,-1.));
#8004=DIRECTION('',(8.01475288253208E-15,1.,-5.5511151231258E-15));
#8005=DIRECTION('center_axis',(-1.,5.12817301850667E-15,1.71512449944283E-15));
#8006=DIRECTION('ref_axis',(1.71512449944281E-15,-2.90772696925636E-15,
1.));
#8007=DIRECTION('',(0.,-1.,0.));
#8008=DIRECTION('center_axis',(-8.88178419700128E-15,-1.,2.52435489670723E-29));
#8009=DIRECTION('ref_axis',(2.84217094304038E-15,0.,1.));
#8010=DIRECTION('center_axis',(1.71512449944283E-15,1.0890759193942E-15,
1.));
#8011=DIRECTION('ref_axis',(7.126574462832E-15,1.,-1.08907591939421E-15));
#8012=DIRECTION('',(0.,-1.,0.));
#8013=DIRECTION('center_axis',(1.,-8.01475288253211E-15,-5.17942012702508E-15));
#8014=DIRECTION('ref_axis',(-5.17942012702506E-15,2.90772696925641E-15,
-1.));
#8015=DIRECTION('center_axis',(-8.50113630283543E-15,-1.,6.66133814775096E-15));
#8016=DIRECTION('ref_axis',(1.,-8.50113630283543E-15,4.71907862944236E-29));
#8017=DIRECTION('',(-1.,8.50113630283543E-15,-4.71907862944236E-29));
#8018=DIRECTION('',(0.,6.66133814775096E-15,1.));
#8019=DIRECTION('',(1.,-8.50113630283543E-15,4.71907862944236E-29));
#8020=DIRECTION('center_axis',(0.,5.5511151231258E-15,1.));
#8021=DIRECTION('ref_axis',(1.,0.,0.));
#8022=DIRECTION('',(-1.,9.13554945976384E-15,-5.07124867641588E-29));
#8023=DIRECTION('',(4.22942104619107E-16,-1.,5.5511151231258E-15));
#8024=DIRECTION('center_axis',(0.,-5.5511151231258E-15,-1.));
#8025=DIRECTION('ref_axis',(1.,0.,0.));
#8026=DIRECTION('center_axis',(0.,-5.5511151231258E-15,-1.));
#8027=DIRECTION('ref_axis',(1.,0.,0.));
#8028=DIRECTION('center_axis',(0.,6.66133814775096E-15,1.));
#8029=DIRECTION('ref_axis',(1.,0.,0.));
#8030=DIRECTION('center_axis',(0.,-5.5511151231258E-15,-1.));
#8031=DIRECTION('ref_axis',(1.,0.,0.));
#8032=DIRECTION('',(0.,-6.66133814775096E-15,-1.));
#8033=DIRECTION('center_axis',(0.,6.66133814775096E-15,1.));
#8034=DIRECTION('ref_axis',(1.,0.,0.));
#8035=DIRECTION('center_axis',(0.,-5.5511151231258E-15,-1.));
#8036=DIRECTION('ref_axis',(1.,0.,0.));
#8037=DIRECTION('',(0.,-6.66133814775096E-15,-1.));
#8038=DIRECTION('center_axis',(1.,4.22942104619107E-16,-2.81736037578934E-30));
#8039=DIRECTION('ref_axis',(-4.22942104619107E-16,1.,-5.5511151231258E-15));
#8040=DIRECTION('',(0.,6.66133814775096E-15,1.));
#8041=DIRECTION('',(-4.22942104619107E-16,1.,-5.5511151231258E-15));
#8042=DIRECTION('center_axis',(9.13554945976384E-15,1.,-6.66133814775096E-15));
#8043=DIRECTION('ref_axis',(-1.,9.13554945976384E-15,-5.07124867641588E-29));
#8044=DIRECTION('',(-1.,9.13554945976384E-15,-5.07124867641588E-29));
#8045=DIRECTION('center_axis',(0.,5.5511151231258E-15,1.));
#8046=DIRECTION('ref_axis',(1.,0.,0.));
#8047=DIRECTION('axis',(0.,0.,1.));
#8048=DIRECTION('refdir',(1.,0.,0.));
#8049=DIRECTION('center_axis',(1.,-1.21115239050018E-14,3.22973970800047E-14));
#8050=DIRECTION('ref_axis',(-3.22973970800047E-14,9.51416709295935E-24,
1.));
#8051=DIRECTION('center_axis',(1.,-9.17803305211487E-15,3.36895476086475E-14));
#8052=DIRECTION('ref_axis',(-3.22973970800047E-14,9.51416709295935E-24,
1.));
#8053=DIRECTION('',(1.,-1.21115239050018E-14,3.22973970800047E-14));
#8054=DIRECTION('center_axis',(-1.,8.78945499349627E-15,-2.17880113970108E-14));
#8055=DIRECTION('ref_axis',(-3.22973970800047E-14,9.51416709295935E-24,
1.));
#8056=DIRECTION('center_axis',(1.,-1.21115239050018E-14,3.22973970800047E-14));
#8057=DIRECTION('ref_axis',(-3.22973970800047E-14,9.51416709295935E-24,
1.));
#8058=DIRECTION('center_axis',(1.,-9.17803305211487E-15,3.36895476086475E-14));
#8059=DIRECTION('ref_axis',(-3.22973970800047E-14,9.51416709295935E-24,
1.));
#8060=DIRECTION('',(1.,-1.21115239050018E-14,3.22973970800047E-14));
#8061=DIRECTION('center_axis',(-1.,8.78945499349627E-15,-2.17880113970108E-14));
#8062=DIRECTION('ref_axis',(-3.22973970800047E-14,9.51416709295935E-24,
1.));
#8063=DIRECTION('center_axis',(-3.79969377411817E-16,-1.,-3.98967846282408E-15));
#8064=DIRECTION('ref_axis',(-1.,3.79969377411817E-16,-4.54462830532159E-31));
#8065=DIRECTION('center_axis',(-3.49148133884308E-15,-1.,-4.02444300300815E-15));
#8066=DIRECTION('ref_axis',(-1.,3.79969377411817E-16,-4.54462830532159E-31));
#8067=DIRECTION('',(-3.79969377411817E-16,-1.,-3.98967846282408E-15));
#8068=DIRECTION('center_axis',(-1.86534475497304E-15,1.,-9.47586897643355E-15));
#8069=DIRECTION('ref_axis',(-1.,3.79969377411817E-16,-4.54462830532159E-31));
#8070=DIRECTION('center_axis',(-3.79969377411817E-16,-1.,-3.98967846282408E-15));
#8071=DIRECTION('ref_axis',(-1.,3.79969377411817E-16,-4.54462830532159E-31));
#8072=DIRECTION('center_axis',(-1.69921334654913E-14,-1.,1.18404130963692E-14));
#8073=DIRECTION('ref_axis',(-1.,3.79969377411817E-16,-4.54462830532159E-31));
#8074=DIRECTION('',(-3.79969377411817E-16,-1.,-3.98967846282408E-15));
#8075=DIRECTION('center_axis',(1.44941316600845E-14,1.,-4.02444300300799E-15));
#8076=DIRECTION('ref_axis',(-1.,3.79969377411817E-16,-4.54462830532159E-31));
#8077=DIRECTION('center_axis',(-2.17880113970108E-14,1.10391527752467E-28,
1.));
#8078=DIRECTION('ref_axis',(-1.,8.78945499349627E-15,-2.17880113970108E-14));
#8079=DIRECTION('',(2.17880113970107E-14,-4.0244430030083E-15,-1.));
#8080=DIRECTION('center_axis',(2.17880113970108E-14,-1.10391527752467E-28,
-1.));
#8081=DIRECTION('ref_axis',(-1.42108547152022E-14,-1.,0.));
#8082=DIRECTION('',(-3.36895476086475E-14,4.60567424794503E-29,1.));
#8083=DIRECTION('center_axis',(-2.17880113970108E-14,1.10391527752467E-28,
1.));
#8084=DIRECTION('ref_axis',(-1.,7.105427357601E-15,-2.1316282072803E-14));
#8085=DIRECTION('center_axis',(2.17880113970109E-14,-4.0244430030083E-15,
-1.));
#8086=DIRECTION('ref_axis',(1.,-1.92743000720758E-14,2.1788011397011E-14));
#8087=DIRECTION('',(1.44018024565795E-14,1.,-4.02444300300799E-15));
#8088=DIRECTION('',(-1.,1.92743000720758E-14,-2.1788011397011E-14));
#8089=DIRECTION('',(-1.44941316600845E-14,-1.,4.02444300300799E-15));
#8090=DIRECTION('',(1.,-1.92743000720758E-14,2.1788011397011E-14));
#8091=DIRECTION('center_axis',(-1.69921334654913E-14,-1.,1.18404130963692E-14));
#8092=DIRECTION('ref_axis',(-2.17880113970106E-14,1.18404130963696E-14,
1.));
#8093=DIRECTION('',(-2.17880113970106E-14,1.18404130963696E-14,1.));
#8094=DIRECTION('',(-1.,1.92743000720758E-14,-2.1788011397011E-14));
#8095=DIRECTION('',(8.99824215332891E-15,-1.32614985678897E-14,-1.));
#8096=DIRECTION('center_axis',(-2.17880113970108E-14,1.10391527752467E-28,
1.));
#8097=DIRECTION('ref_axis',(1.,0.,2.17880113970108E-14));
#8098=DIRECTION('',(-1.44018024565795E-14,-1.,4.02444300300799E-15));
#8099=DIRECTION('center_axis',(2.17880113970108E-14,-1.10391527752467E-28,
-1.));
#8100=DIRECTION('ref_axis',(-1.18423789293353E-14,-1.,0.));
#8101=DIRECTION('',(1.,-8.74300631892314E-15,2.17880113970108E-14));
#8102=DIRECTION('center_axis',(2.17880113970108E-14,-1.10391527752467E-28,
-1.));
#8103=DIRECTION('ref_axis',(-1.,0.,-2.17880113970108E-14));
#8104=DIRECTION('',(-1.,8.74300631892314E-15,-3.36895476086475E-14));
#8105=DIRECTION('center_axis',(2.17880113970108E-14,-1.10391527752467E-28,
-1.));
#8106=DIRECTION('ref_axis',(-1.18423789293348E-14,-1.,0.));
#8107=DIRECTION('center_axis',(-8.99824215332894E-15,4.02444300300811E-15,
1.));
#8108=DIRECTION('ref_axis',(-1.,1.44018024565796E-14,-8.998242153329E-15));
#8109=DIRECTION('',(-1.,1.44018024565796E-14,-8.998242153329E-15));
#8110=DIRECTION('',(-1.44941316600845E-14,-1.,4.02444300300799E-15));
#8111=DIRECTION('center_axis',(1.,-1.44941316600845E-14,8.9982421533291E-15));
#8112=DIRECTION('ref_axis',(-8.99824215332891E-15,1.32614985678897E-14,
1.));
#8113=DIRECTION('',(-8.99824215332891E-15,1.32614985678897E-14,1.));
#8114=DIRECTION('center_axis',(-2.17880113970108E-14,1.10391527752467E-28,
1.));
#8115=DIRECTION('ref_axis',(-1.,8.78945499349627E-15,-2.17880113970108E-14));
#8116=DIRECTION('',(2.17880113970108E-14,5.79984638237824E-29,-1.));
#8117=DIRECTION('center_axis',(-1.44941316600845E-14,-1.,4.02444300300799E-15));
#8118=DIRECTION('ref_axis',(-2.17880113970106E-14,4.0244430030083E-15,1.));
#8119=DIRECTION('center_axis',(2.17880113970108E-14,-1.06929121492057E-28,
-1.));
#8120=DIRECTION('ref_axis',(-1.,8.78945499349627E-15,-2.17880113970108E-14));
#8121=DIRECTION('',(-2.17880113970108E-14,-4.02444300300808E-15,1.));
#8122=DIRECTION('center_axis',(-2.17880113970108E-14,1.06929121492057E-28,
1.));
#8123=DIRECTION('ref_axis',(0.,1.,0.));
#8124=DIRECTION('',(3.36895476086475E-14,-7.20313508509575E-29,-1.));
#8125=DIRECTION('center_axis',(2.17880113970108E-14,-1.06929121492057E-28,
-1.));
#8126=DIRECTION('ref_axis',(-1.,2.48689957516032E-14,-2.13162820728027E-14));
#8127=DIRECTION('center_axis',(-2.17880113970106E-14,-4.02444300300808E-15,
1.));
#8128=DIRECTION('ref_axis',(1.,1.16912984112899E-14,2.17880113970106E-14));
#8129=DIRECTION('',(-3.39915213533807E-15,-1.,-4.02444300300815E-15));
#8130=DIRECTION('',(-1.,-1.16912984112899E-14,-2.17880113970106E-14));
#8131=DIRECTION('',(3.49148133884308E-15,1.,4.02444300300815E-15));
#8132=DIRECTION('',(1.,1.16912984112899E-14,2.17880113970106E-14));
#8133=DIRECTION('center_axis',(-1.86534475497304E-15,1.,-9.47586897643355E-15));
#8134=DIRECTION('ref_axis',(-2.17880113970109E-14,9.47586897643351E-15,
1.));
#8135=DIRECTION('',(2.17880113970107E-14,-9.47586897643351E-15,-1.));
#8136=DIRECTION('',(-1.,-2.53481985768032E-15,-2.17880113970106E-14));
#8137=DIRECTION('',(-1.61036695109302E-14,1.23180399194739E-14,1.));
#8138=DIRECTION('center_axis',(2.17880113970108E-14,-1.06929121492057E-28,
-1.));
#8139=DIRECTION('ref_axis',(-1.,0.,-2.17880113970108E-14));
#8140=DIRECTION('',(3.39915213533807E-15,1.,4.02444300300815E-15));
#8141=DIRECTION('center_axis',(-2.17880113970108E-14,1.06929121492057E-28,
1.));
#8142=DIRECTION('ref_axis',(0.,1.,0.));
#8143=DIRECTION('',(1.,-8.88178419700128E-15,3.36895476086475E-14));
#8144=DIRECTION('center_axis',(-2.17880113970108E-14,1.06929121492057E-28,
1.));
#8145=DIRECTION('ref_axis',(1.,0.,2.17880113970108E-14));
#8146=DIRECTION('',(-1.,8.88178419700128E-15,-2.17880113970108E-14));
#8147=DIRECTION('center_axis',(-2.17880113970108E-14,1.06929121492057E-28,
1.));
#8148=DIRECTION('ref_axis',(0.,1.,0.));
#8149=DIRECTION('center_axis',(2.17880113970108E-14,4.02444300300808E-15,
-1.));
#8150=DIRECTION('ref_axis',(-1.,3.39915213533816E-15,-2.17880113970108E-14));
#8151=DIRECTION('',(-1.,3.39915213533816E-15,-2.17880113970108E-14));
#8152=DIRECTION('',(3.49148133884308E-15,1.,4.02444300300815E-15));
#8153=DIRECTION('center_axis',(1.,-3.49148133884314E-15,1.61036695109302E-14));
#8154=DIRECTION('ref_axis',(1.61036695109302E-14,-1.23180399194739E-14,
-1.));
#8155=DIRECTION('',(1.61036695109302E-14,-1.23180399194739E-14,-1.));
#8156=DIRECTION('center_axis',(2.17880113970108E-14,-1.06929121492057E-28,
-1.));
#8157=DIRECTION('ref_axis',(-1.,8.78945499349627E-15,-2.17880113970108E-14));
#8158=DIRECTION('',(-2.17880113970108E-14,-3.36755253935963E-29,1.));
#8159=DIRECTION('center_axis',(3.49148133884308E-15,1.,4.02444300300815E-15));
#8160=DIRECTION('ref_axis',(-2.17880113970108E-14,-4.02444300300808E-15,
1.));
#8161=DIRECTION('center_axis',(-8.88178419700128E-15,-1.,-2.2719194070365E-28));
#8162=DIRECTION('ref_axis',(-2.55795384873634E-14,0.,1.));
#8163=DIRECTION('center_axis',(-7.92778613163348E-15,-1.,7.11768628558863E-15));
#8164=DIRECTION('ref_axis',(-1.15542151083933E-14,5.95536412878738E-15,
1.));
#8165=DIRECTION('',(1.77635683940026E-14,-8.88178419700128E-15,-1.));
#8166=DIRECTION('center_axis',(7.92778613163348E-15,1.,-7.11768628558863E-15));
#8167=DIRECTION('ref_axis',(-1.15542151083933E-14,5.95536412878738E-15,
1.));
#8168=DIRECTION('center_axis',(1.,-8.88178419700052E-15,1.77635683940026E-14));
#8169=DIRECTION('ref_axis',(-1.77635683940026E-14,6.10622663543838E-15,
1.));
#8170=DIRECTION('',(1.77635683940026E-14,-6.10622663543838E-15,-1.));
#8171=DIRECTION('',(8.88178419700124E-15,1.,-5.95536412878728E-15));
#8172=DIRECTION('',(1.77635683940026E-14,-4.44089209850064E-15,-1.));
#8173=DIRECTION('',(-8.88178419700124E-15,-1.,5.95536412878728E-15));
#8174=DIRECTION('center_axis',(-9.30472630162041E-15,-1.,5.95536412878727E-15));
#8175=DIRECTION('ref_axis',(-1.15542151083933E-14,5.95536412878738E-15,
1.));
#8176=DIRECTION('center_axis',(-9.15664606579285E-15,-1.,6.09525621141572E-15));
#8177=DIRECTION('ref_axis',(-1.15542151083933E-14,5.95536412878738E-15,
1.));
#8178=DIRECTION('',(-8.78945499349641E-15,-1.,5.95536412878729E-15));
#8179=DIRECTION('',(8.88178419700124E-15,1.,-5.95536412878728E-15));
#8180=DIRECTION('center_axis',(1.,0.,1.77635683940026E-14));
#8181=DIRECTION('ref_axis',(1.77635683940026E-14,-8.88178419700128E-15,
-1.));
#8182=DIRECTION('',(-8.88178419700124E-15,-1.,5.95536412878728E-15));
#8183=DIRECTION('',(-1.77635683940026E-14,4.44089209850064E-15,1.));
#8184=DIRECTION('',(8.88178419700124E-15,1.,-5.95536412878728E-15));
#8185=DIRECTION('center_axis',(-9.30472630162041E-15,-1.,5.95536412878727E-15));
#8186=DIRECTION('ref_axis',(-1.15542151083933E-14,5.95536412878738E-15,
1.));
#8187=DIRECTION('center_axis',(9.15664606579285E-15,1.,-6.09525621141572E-15));
#8188=DIRECTION('ref_axis',(-1.15542151083933E-14,5.95536412878738E-15,
1.));
#8189=DIRECTION('',(-8.88178419700124E-15,-1.,5.95536412878728E-15));
#8190=DIRECTION('',(9.17803305211507E-15,1.,-5.95536412878728E-15));
#8191=DIRECTION('center_axis',(8.74300631892314E-15,1.,2.48491185144617E-28));
#8192=DIRECTION('ref_axis',(2.84217094304037E-14,0.,-1.));
#8193=DIRECTION('center_axis',(-1.,8.78945499349627E-15,-2.17880113970108E-14));
#8194=DIRECTION('ref_axis',(-2.17880113970106E-14,1.52600904304079E-14,
1.));
#8195=DIRECTION('',(8.07434927000033E-15,1.,-8.07434927000033E-15));
#8196=DIRECTION('center_axis',(3.36895476086475E-14,-5.49012781370663E-15,
-1.));
#8197=DIRECTION('ref_axis',(-9.12252190088394E-15,-1.,5.49012781370632E-15));
#8198=DIRECTION('',(0.,-1.,0.));
#8199=DIRECTION('center_axis',(-1.,9.17803305211487E-15,-3.36895476086475E-14));
#8200=DIRECTION('ref_axis',(-3.36895476086474E-14,1.52600904304079E-14,
1.));
#8201=DIRECTION('center_axis',(9.13554945976475E-15,1.,-4.44089209850048E-15));
#8202=DIRECTION('ref_axis',(1.,-9.13554945976469E-15,1.15542151083933E-14));
#8203=DIRECTION('',(-1.,9.13554945976469E-15,-1.15542151083933E-14));
#8204=DIRECTION('',(1.77635683940026E-14,-4.44089209850064E-15,-1.));
#8205=DIRECTION('',(1.,-9.13554945976469E-15,1.15542151083933E-14));
#8206=DIRECTION('center_axis',(1.15542151083933E-14,-5.95536412878738E-15,
-1.));
#8207=DIRECTION('ref_axis',(-1.,-8.7860019162727E-30,-1.15542151083933E-14));
#8208=DIRECTION('',(-1.,-5.07530525542484E-15,-1.15542151083932E-14));
#8209=DIRECTION('',(-6.00235562765462E-29,-1.,5.95536412878742E-15));
#8210=DIRECTION('center_axis',(-1.15542151083933E-14,5.95536412878742E-15,
1.));
#8211=DIRECTION('ref_axis',(-1.,-8.7860019162727E-30,-1.15542151083933E-14));
#8212=DIRECTION('center_axis',(-1.15542151083933E-14,5.95536412878742E-15,
1.));
#8213=DIRECTION('ref_axis',(-1.,-8.7860019162727E-30,-1.15542151083933E-14));
#8214=DIRECTION('center_axis',(1.77635683940026E-14,-4.44089209850064E-15,
-1.));
#8215=DIRECTION('ref_axis',(-1.,-3.6361069859134E-29,-1.77635683940026E-14));
#8216=DIRECTION('center_axis',(-1.15542151083933E-14,5.95536412878742E-15,
1.));
#8217=DIRECTION('ref_axis',(-1.,-8.7860019162727E-30,-1.15542151083933E-14));
#8218=DIRECTION('',(-1.77635683940026E-14,4.44089209850064E-15,1.));
#8219=DIRECTION('center_axis',(1.77635683940026E-14,-4.44089209850064E-15,
-1.));
#8220=DIRECTION('ref_axis',(-1.,-3.6361069859134E-29,-1.77635683940026E-14));
#8221=DIRECTION('center_axis',(-1.15542151083933E-14,5.95536412878742E-15,
1.));
#8222=DIRECTION('ref_axis',(-1.,-8.7860019162727E-30,-1.15542151083933E-14));
#8223=DIRECTION('',(-1.77635683940026E-14,4.44089209850064E-15,1.));
#8224=DIRECTION('center_axis',(5.07530525542479E-15,-1.,4.44089209850073E-15));
#8225=DIRECTION('ref_axis',(-1.,-5.07530525542484E-15,-1.15542151083932E-14));
#8226=DIRECTION('',(-1.,-5.07530525542484E-15,-1.15542151083932E-14));
#8227=DIRECTION('',(1.77635683940026E-14,-4.44089209850064E-15,-1.));
#8228=DIRECTION('center_axis',(1.,4.57649617363586E-29,1.77635683940026E-14));
#8229=DIRECTION('ref_axis',(-6.00235562765462E-29,-1.,5.95536412878742E-15));
#8230=DIRECTION('',(-6.00235562765462E-29,-1.,5.95536412878742E-15));
#8231=DIRECTION('center_axis',(1.15542151083933E-14,-5.95536412878738E-15,
-1.));
#8232=DIRECTION('ref_axis',(-1.,-8.7860019162727E-30,-1.15542151083933E-14));
#8233=DIRECTION('axis',(0.,0.,1.));
#8234=DIRECTION('refdir',(1.,0.,0.));
#8235=DIRECTION('center_axis',(-1.,5.3828995133341E-15,0.));
#8236=DIRECTION('ref_axis',(0.,0.,-1.));
#8237=DIRECTION('center_axis',(-1.,8.85116802702257E-15,0.));
#8238=DIRECTION('ref_axis',(0.,0.,-1.));
#8239=DIRECTION('',(-1.,5.3828995133341E-15,0.));
#8240=DIRECTION('center_axis',(1.,-8.82055185704388E-15,0.));
#8241=DIRECTION('ref_axis',(0.,0.,-1.));
#8242=DIRECTION('center_axis',(-1.,5.3828995133341E-15,0.));
#8243=DIRECTION('ref_axis',(0.,0.,-1.));
#8244=DIRECTION('center_axis',(-1.,-8.82055185704388E-15,3.5527136788005E-16));
#8245=DIRECTION('ref_axis',(0.,0.,-1.));
#8246=DIRECTION('',(-1.,5.3828995133341E-15,0.));
#8247=DIRECTION('center_axis',(1.,1.52043342486385E-14,5.32907051820076E-16));
#8248=DIRECTION('ref_axis',(0.,0.,-1.));
#8249=DIRECTION('center_axis',(-3.80628474832429E-15,-0.707106781186544,
-0.707106781186551));
#8250=DIRECTION('ref_axis',(-3.83749838533992E-15,-0.707106781186551,0.707106781186544));
#8251=DIRECTION('',(-1.03742656605551E-14,0.707106781186551,-0.707106781186544));
#8252=DIRECTION('',(-1.,5.02762814545405E-15,3.5527136788005E-16));
#8253=DIRECTION('',(6.48828682531276E-15,-0.707106781186551,0.707106781186544));
#8254=DIRECTION('',(-1.,5.3828995133341E-15,0.));
#8255=DIRECTION('center_axis',(-3.80628474832429E-15,-0.707106781186544,
-0.707106781186551));
#8256=DIRECTION('ref_axis',(-3.83749838533992E-15,-0.707106781186551,0.707106781186544));
#8257=DIRECTION('',(-6.25872093332924E-15,-0.707106781186551,0.707106781186544));
#8258=DIRECTION('',(-1.,5.3828995133341E-15,0.));
#8259=DIRECTION('',(6.23707203192336E-15,0.707106781186551,-0.707106781186544));
#8260=DIRECTION('',(-1.,5.3828995133341E-15,0.));
#8261=DIRECTION('center_axis',(-1.,5.3828995133341E-15,0.));
#8262=DIRECTION('ref_axis',(0.,0.,-1.));
#8263=DIRECTION('center_axis',(-1.,-1.52043342486385E-14,-5.32907051820076E-16));
#8264=DIRECTION('ref_axis',(0.,0.,-1.));
#8265=DIRECTION('center_axis',(1.,8.82055185704388E-15,-3.5527136788005E-16));
#8266=DIRECTION('ref_axis',(0.,0.,-1.));
#8267=DIRECTION('',(-1.,5.3828995133341E-15,0.));
#8268=DIRECTION('center_axis',(-1.,5.3828995133341E-15,0.));
#8269=DIRECTION('ref_axis',(0.,0.,-1.));
#8270=DIRECTION('center_axis',(1.,-8.85116802702257E-15,0.));
#8271=DIRECTION('ref_axis',(0.,0.,-1.));
#8272=DIRECTION('',(-1.,5.3828995133341E-15,0.));
#8273=DIRECTION('center_axis',(-1.,8.82055185704388E-15,0.));
#8274=DIRECTION('ref_axis',(0.,0.,-1.));
#8275=DIRECTION('center_axis',(-3.80628477669336E-15,-0.707106786456766,
0.70710677591633));
#8276=DIRECTION('ref_axis',(3.83749835673821E-15,0.70710677591633,0.707106786456766));
#8277=DIRECTION('',(1.11279099634017E-14,-0.70710677591633,-0.707106786456766));
#8278=DIRECTION('',(-5.98585719017533E-15,0.70710677591633,0.707106786456766));
#8279=DIRECTION('',(1.,-5.73817087591832E-15,-3.5527136788005E-16));
#8280=DIRECTION('center_axis',(-3.80628477669336E-15,-0.707106786456766,
0.70710677591633));
#8281=DIRECTION('ref_axis',(3.83749835673821E-15,0.70710677591633,0.707106786456766));
#8282=DIRECTION('',(6.25872088668163E-15,0.70710677591633,0.707106786456766));
#8283=DIRECTION('',(1.,-5.3828995133341E-15,0.));
#8284=DIRECTION('',(-6.23707198543709E-15,-0.70710677591633,-0.707106786456766));
#8285=DIRECTION('center_axis',(3.5527136788005E-16,0.,1.));
#8286=DIRECTION('ref_axis',(8.82055185704388E-15,-1.,-3.15544362088405E-30));
#8287=DIRECTION('',(3.35534069664492E-14,-1.,-1.19407656552009E-29));
#8288=DIRECTION('',(1.,8.82055185704388E-15,-3.5527136788005E-16));
#8289=DIRECTION('',(8.82055185704388E-15,-1.,-3.15544362088405E-30));
#8290=DIRECTION('center_axis',(-1.,-1.52043342486385E-14,-5.32907051820076E-16));
#8291=DIRECTION('ref_axis',(-5.32907051820071E-16,-3.55271367880058E-16,
1.));
#8292=DIRECTION('',(8.88178419700125E-15,-1.,-3.2098832406454E-30));
#8293=DIRECTION('',(-5.32907051820076E-16,-7.8393052456338E-30,1.));
#8294=DIRECTION('center_axis',(-1.,8.85116802702257E-15,0.));
#8295=DIRECTION('ref_axis',(0.,0.,-1.));
#8296=DIRECTION('',(-8.88178419700125E-15,-1.,0.));
#8297=DIRECTION('',(0.,0.,-1.));
#8298=DIRECTION('',(-8.88178419700125E-15,-1.,0.));
#8299=DIRECTION('center_axis',(3.5527136788005E-16,0.,1.));
#8300=DIRECTION('ref_axis',(0.,-1.,0.));
#8301=DIRECTION('',(-3.5527136788005E-16,0.,-1.));
#8302=DIRECTION('center_axis',(-3.5527136788005E-16,0.,-1.));
#8303=DIRECTION('ref_axis',(1.,2.30371277609725E-14,0.));
#8304=DIRECTION('',(7.105427357601E-16,0.,1.));
#8305=DIRECTION('center_axis',(3.5527136788005E-16,0.,1.));
#8306=DIRECTION('ref_axis',(0.,-1.,0.));
#8307=DIRECTION('center_axis',(-3.5527136788005E-16,0.,-1.));
#8308=DIRECTION('ref_axis',(-8.88178419700125E-15,1.,3.15544362088405E-30));
#8309=DIRECTION('',(-8.88178419700125E-15,1.,3.2098832406454E-30));
#8310=DIRECTION('',(-1.,-8.82055185704388E-15,3.5527136788005E-16));
#8311=DIRECTION('center_axis',(3.5527136788005E-16,0.,1.));
#8312=DIRECTION('ref_axis',(1.,0.,-3.5527136788005E-16));
#8313=DIRECTION('center_axis',(-3.5527136788005E-16,0.,-1.));
#8314=DIRECTION('ref_axis',(1.,8.88178419700176E-15,0.));
#8315=DIRECTION('',(0.,1.,0.));
#8316=DIRECTION('center_axis',(-3.5527136788005E-16,0.,-1.));
#8317=DIRECTION('ref_axis',(-1.,0.,3.5527136788005E-16));
#8318=DIRECTION('',(0.,-1.,0.));
#8319=DIRECTION('center_axis',(-3.5527136788005E-16,0.,-1.));
#8320=DIRECTION('ref_axis',(1.,8.88178419700113E-15,0.));
#8321=DIRECTION('center_axis',(3.5527136788005E-16,0.,1.));
#8322=DIRECTION('ref_axis',(0.,-1.,0.));
#8323=DIRECTION('',(-7.105427357601E-16,0.,-1.));
#8324=DIRECTION('center_axis',(1.,8.82055185704388E-15,-3.5527136788005E-16));
#8325=DIRECTION('ref_axis',(-3.55271367880053E-16,3.5527136788005E-16,-1.));
#8326=DIRECTION('center_axis',(0.,0.,-1.));
#8327=DIRECTION('ref_axis',(0.,-1.,0.));
#8328=DIRECTION('',(0.,0.,1.));
#8329=DIRECTION('center_axis',(0.,0.,1.));
#8330=DIRECTION('ref_axis',(-1.,8.88178419700128E-15,0.));
#8331=DIRECTION('',(0.,0.,-1.));
#8332=DIRECTION('center_axis',(0.,0.,-1.));
#8333=DIRECTION('ref_axis',(0.,-1.,0.));
#8334=DIRECTION('center_axis',(0.,0.,1.));
#8335=DIRECTION('ref_axis',(8.88178419700125E-15,1.,0.));
#8336=DIRECTION('',(8.88178419700125E-15,1.,0.));
#8337=DIRECTION('',(1.,-8.82055185704388E-15,0.));
#8338=DIRECTION('center_axis',(0.,0.,-1.));
#8339=DIRECTION('ref_axis',(-1.,0.,0.));
#8340=DIRECTION('',(-1.,8.82055185704388E-15,0.));
#8341=DIRECTION('center_axis',(0.,0.,1.));
#8342=DIRECTION('ref_axis',(-1.,8.88178419700128E-15,0.));
#8343=DIRECTION('',(0.,1.,0.));
#8344=DIRECTION('center_axis',(0.,0.,1.));
#8345=DIRECTION('ref_axis',(1.,0.,0.));
#8346=DIRECTION('',(0.,-1.,0.));
#8347=DIRECTION('center_axis',(0.,0.,1.));
#8348=DIRECTION('ref_axis',(-1.,8.88178419700128E-15,0.));
#8349=DIRECTION('center_axis',(0.,0.,-1.));
#8350=DIRECTION('ref_axis',(-8.82055185704388E-15,-1.,0.));
#8351=DIRECTION('',(-8.82055185704388E-15,-1.,0.));
#8352=DIRECTION('center_axis',(0.,0.,-1.));
#8353=DIRECTION('ref_axis',(0.,-1.,0.));
#8354=DIRECTION('',(0.,0.,1.));
#8355=DIRECTION('center_axis',(-1.,8.82055185704388E-15,0.));
#8356=DIRECTION('ref_axis',(0.,0.,-1.));
#8357=DIRECTION('center_axis',(8.7076315656875E-17,0.,-1.));
#8358=DIRECTION('ref_axis',(-1.,0.,-8.7076315656875E-17));
#8359=DIRECTION('',(-1.,0.,-8.7076315656875E-17));
#8360=DIRECTION('',(-1.,0.,-8.7076315656875E-17));
#8361=DIRECTION('center_axis',(0.,1.,0.));
#8362=DIRECTION('ref_axis',(-1.,0.,0.));
#8363=DIRECTION('',(1.,0.,0.));
#8364=DIRECTION('center_axis',(0.,-1.,0.));
#8365=DIRECTION('ref_axis',(-1.,0.,0.));
#8366=DIRECTION('center_axis',(0.,-1.,0.));
#8367=DIRECTION('ref_axis',(-1.,0.,0.));
#8368=DIRECTION('center_axis',(0.,-1.,0.));
#8369=DIRECTION('ref_axis',(-1.,0.,0.));
#8370=DIRECTION('center_axis',(0.,-1.,0.));
#8371=DIRECTION('ref_axis',(-1.,0.,0.));
#8372=DIRECTION('center_axis',(0.,0.,1.));
#8373=DIRECTION('ref_axis',(1.,0.,0.));
#8374=DIRECTION('',(1.,0.,0.));
#8375=DIRECTION('center_axis',(0.,1.,0.));
#8376=DIRECTION('ref_axis',(-1.,0.,0.));
#8377=DIRECTION('center_axis',(0.,-1.,0.));
#8378=DIRECTION('ref_axis',(-1.,0.,0.));
#8379=DIRECTION('',(0.,-1.,0.));
#8380=DIRECTION('center_axis',(0.,1.,0.));
#8381=DIRECTION('ref_axis',(-1.,0.,0.));
#8382=DIRECTION('center_axis',(0.,-1.,0.));
#8383=DIRECTION('ref_axis',(-1.,0.,0.));
#8384=DIRECTION('',(0.,-1.,0.));
#8385=DIRECTION('center_axis',(0.,1.,0.));
#8386=DIRECTION('ref_axis',(-1.,0.,0.));
#8387=DIRECTION('center_axis',(0.,-1.,0.));
#8388=DIRECTION('ref_axis',(-1.,0.,0.));
#8389=DIRECTION('',(0.,-1.,0.));
#8390=DIRECTION('center_axis',(0.,1.,0.));
#8391=DIRECTION('ref_axis',(-1.,0.,0.));
#8392=DIRECTION('center_axis',(0.,-1.,0.));
#8393=DIRECTION('ref_axis',(-1.,0.,0.));
#8394=DIRECTION('',(0.,-1.,0.));
#8395=DIRECTION('center_axis',(0.,1.,0.));
#8396=DIRECTION('ref_axis',(-1.,0.,0.));
#8397=DIRECTION('axis',(0.,0.,1.));
#8398=DIRECTION('refdir',(1.,0.,0.));
#8399=DIRECTION('center_axis',(0.,8.87337341651168E-15,-1.));
#8400=DIRECTION('ref_axis',(1.,0.,0.));
#8401=DIRECTION('center_axis',(0.,8.88178419700128E-15,-1.));
#8402=DIRECTION('ref_axis',(1.,0.,0.));
#8403=DIRECTION('',(0.,8.87337341651168E-15,-1.));
#8404=DIRECTION('center_axis',(5.53410776282668E-17,-1.73504621522815E-14,
1.));
#8405=DIRECTION('ref_axis',(1.,0.,0.));
#8406=DIRECTION('center_axis',(0.,8.87337341651168E-15,-1.));
#8407=DIRECTION('ref_axis',(1.,0.,0.));
#8408=DIRECTION('center_axis',(3.77305754769559E-16,7.43591235097779E-15,
-1.));
#8409=DIRECTION('ref_axis',(1.,0.,0.));
#8410=DIRECTION('',(0.,8.87337341651168E-15,-1.));
#8411=DIRECTION('center_axis',(0.,-1.11022302462516E-14,1.));
#8412=DIRECTION('ref_axis',(1.,0.,0.));
#8413=DIRECTION('center_axis',(-4.279943133548E-15,-0.707106781186547,-0.707106781186548));
#8414=DIRECTION('ref_axis',(-7.70077029144448E-15,0.707106781186548,-0.707106781186547));
#8415=DIRECTION('',(5.6006948309902E-15,-0.707106781186548,0.707106781186547));
#8416=DIRECTION('',(1.,2.53027573054113E-15,-8.58302935619032E-15));
#8417=DIRECTION('',(-1.58732256233886E-14,0.707106781186548,-0.707106781186547));
#8418=DIRECTION('',(-1.,6.62450767491073E-16,5.39030285815812E-15));
#8419=DIRECTION('center_axis',(-4.279943133548E-15,-0.707106781186547,-0.707106781186548));
#8420=DIRECTION('ref_axis',(-7.70077029144448E-15,0.707106781186548,-0.707106781186547));
#8421=DIRECTION('',(-7.55156804384463E-15,0.707106781186548,-0.707106781186547));
#8422=DIRECTION('',(-1.,-2.76779823139467E-15,8.82055185704385E-15));
#8423=DIRECTION('',(8.32880727452217E-15,-0.707106781186548,0.707106781186547));
#8424=DIRECTION('',(1.,1.85897808774447E-15,-7.91173171339365E-15));
#8425=DIRECTION('center_axis',(-1.,-1.85897808774447E-15,8.82055185704386E-15));
#8426=DIRECTION('ref_axis',(8.82055185704387E-15,-4.13106241720985E-15,
1.));
#8427=DIRECTION('',(-8.44324610227432E-15,7.5360593186677E-15,-1.));
#8428=DIRECTION('',(1.85897808774441E-15,-1.,-7.43591235097777E-15));
#8429=DIRECTION('',(8.50447844223171E-15,-1.07407622847457E-14,1.));
#8430=DIRECTION('',(-3.30484993376788E-15,1.,1.07407622847457E-14));
#8431=DIRECTION('center_axis',(-1.85897808774441E-15,1.,7.53605931866772E-15));
#8432=DIRECTION('ref_axis',(-8.44324610227432E-15,7.5360593186677E-15,-1.));
#8433=DIRECTION('',(-8.50447844223171E-15,1.07407622847457E-14,-1.));
#8434=DIRECTION('',(-1.,-1.85897808774447E-15,8.44324610227431E-15));
#8435=DIRECTION('center_axis',(-8.88178419700128E-15,1.,4.97968446420764E-30));
#8436=DIRECTION('ref_axis',(-5.60662627435702E-16,0.,-1.));
#8437=DIRECTION('',(5.60662627435702E-16,0.,1.));
#8438=DIRECTION('',(-1.,-8.88178419700128E-15,3.55271952880111E-14));
#8439=DIRECTION('',(-5.60662627435702E-16,0.,-1.));
#8440=DIRECTION('',(1.,8.88178419700128E-15,0.));
#8441=DIRECTION('',(5.60662627435702E-16,0.,1.));
#8442=DIRECTION('',(5.60662627435702E-16,0.,1.));
#8443=DIRECTION('center_axis',(1.,2.53027573054112E-15,-5.3903028581581E-15));
#8444=DIRECTION('ref_axis',(-5.39030285815813E-15,1.07407622847457E-14,
-1.));
#8445=DIRECTION('',(1.73504621522815E-14,-1.,-4.13106241720995E-15));
#8446=DIRECTION('',(-5.01299710338856E-15,7.48598583482273E-15,-1.));
#8447=DIRECTION('',(-2.53027573054108E-15,1.,7.43591235097778E-15));
#8448=DIRECTION('',(5.18234050245699E-15,-4.13106241720987E-15,1.));
#8449=DIRECTION('center_axis',(-1.,-1.73504621522815E-14,5.09766880292267E-15));
#8450=DIRECTION('ref_axis',(5.09766880292286E-15,-1.07407622847457E-14,
1.));
#8451=DIRECTION('',(-5.18234050245699E-15,4.13106241720987E-15,-1.));
#8452=DIRECTION('',(1.73504621522815E-14,-1.,-7.43591235097785E-15));
#8453=DIRECTION('center_axis',(-9.12146926275042E-15,-0.707106781186548,
0.707106781186548));
#8454=DIRECTION('ref_axis',(-5.47931658789227E-15,-0.707106781186548,-0.707106781186548));
#8455=DIRECTION('',(6.23707203192327E-15,0.707106781186548,0.707106781186548));
#8456=DIRECTION('',(1.,-2.17202573971952E-14,-8.82055185704419E-15));
#8457=DIRECTION('',(3.29705450285819E-15,-0.707106781186548,-0.707106781186548));
#8458=DIRECTION('',(-1.,2.97931666658753E-28,-1.28997055401507E-14));
#8459=DIRECTION('center_axis',(-9.12146926275042E-15,-0.707106781186548,
0.707106781186548));
#8460=DIRECTION('ref_axis',(-5.47931658789227E-15,-0.707106781186548,-0.707106781186548));
#8461=DIRECTION('',(6.82129248166608E-15,-0.707106781186548,-0.707106781186548));
#8462=DIRECTION('',(-1.,-8.26212483441796E-16,-1.37259180235928E-14));
#8463=DIRECTION('',(5.47931658984108E-15,0.707106781186548,0.707106781186548));
#8464=DIRECTION('',(1.,-4.07915368310716E-15,8.8205518570438E-15));
#8465=DIRECTION('center_axis',(8.82055185704388E-15,2.10684183277704E-14,
-1.));
#8466=DIRECTION('ref_axis',(-1.03276560430247E-14,-1.,-2.10684183277705E-14));
#8467=DIRECTION('',(8.8205518570439E-15,1.,2.10684183277705E-14));
#8468=DIRECTION('',(-1.,-8.262124834419E-16,-8.8205518570439E-15));
#8469=DIRECTION('',(-1.03276560430247E-14,-1.,-2.10684183277705E-14));
#8470=DIRECTION('center_axis',(-1.,1.03276560430247E-14,-2.57873220913555E-15));
#8471=DIRECTION('ref_axis',(-2.57873220913574E-15,-1.77635683940026E-14,
1.));
#8472=DIRECTION('',(3.60774636114411E-15,-2.06553120860495E-14,1.));
#8473=DIRECTION('',(-1.03276560430247E-14,-1.,-1.73504621522816E-14));
#8474=DIRECTION('',(-7.47939721852731E-16,7.48524049760439E-16,-1.));
#8475=DIRECTION('center_axis',(1.,7.88860905221012E-29,-8.82055185704389E-15));
#8476=DIRECTION('ref_axis',(-8.82055185704389E-15,1.69373559105605E-14,
-1.));
#8477=DIRECTION('',(8.33760298333874E-15,-1.72252784426691E-14,1.));
#8478=DIRECTION('',(-7.57306469012171E-29,-1.,-1.73504621522815E-14));
#8479=DIRECTION('',(1.58666951380511E-14,1.40456122185136E-14,-1.));
#8480=DIRECTION('',(-1.239318725163E-15,1.,1.40456122185136E-14));
#8481=DIRECTION('center_axis',(7.57306469012171E-29,1.,1.72252784426691E-14));
#8482=DIRECTION('ref_axis',(8.33760298333874E-15,-1.72252784426691E-14,
1.));
#8483=DIRECTION('',(-1.58666951380511E-14,-1.40456122185136E-14,1.));
#8484=DIRECTION('',(1.,7.88860905221012E-29,-8.87589293467215E-15));
#8485=DIRECTION('center_axis',(4.13106241720988E-16,-1.,-1.73504621522815E-14));
#8486=DIRECTION('ref_axis',(5.53410776282668E-17,-1.73504621522815E-14,
1.));
#8487=DIRECTION('',(-8.26212483442051E-16,1.,1.73504621522815E-14));
#8488=DIRECTION('center_axis',(-4.13106241720988E-16,1.,1.73504621522815E-14));
#8489=DIRECTION('ref_axis',(-1.,0.,-8.88178419700018E-15));
#8490=DIRECTION('',(0.,-1.,-8.88178419700128E-15));
#8491=DIRECTION('center_axis',(4.13106241720988E-16,-1.,-1.73504621522815E-14));
#8492=DIRECTION('ref_axis',(9.76996261670263E-14,-1.77635683940048E-14,
1.));
#8493=DIRECTION('center_axis',(-8.26212483442079E-16,1.,2.06553120860495E-14));
#8494=DIRECTION('ref_axis',(-3.60774636114411E-15,2.06553120860495E-14,
-1.));
#8495=DIRECTION('',(-3.60774636114411E-15,2.06553120860495E-14,-1.));
#8496=DIRECTION('',(1.,8.262124834419E-16,8.76521077941563E-15));
#8497=DIRECTION('center_axis',(4.13106241720988E-16,-1.,-1.73504621522815E-14));
#8498=DIRECTION('ref_axis',(0.,1.73504621522815E-14,-1.));
#8499=DIRECTION('',(-1.,-8.262124834419E-16,-8.76521077941563E-15));
#8500=DIRECTION('center_axis',(-4.13106241720988E-16,1.,1.73504621522815E-14));
#8501=DIRECTION('ref_axis',(-1.,0.,-1.77635683939985E-14));
#8502=DIRECTION('',(0.,0.,-1.));
#8503=DIRECTION('center_axis',(-4.13106241720988E-16,1.,1.73504621522815E-14));
#8504=DIRECTION('ref_axis',(0.,-1.73504621522815E-14,1.));
#8505=DIRECTION('',(0.,-8.88178419700128E-15,1.));
#8506=DIRECTION('center_axis',(-4.13106241720988E-16,1.,1.73504621522815E-14));
#8507=DIRECTION('ref_axis',(-1.,0.,0.));
#8508=DIRECTION('center_axis',(8.26212483442051E-16,-1.,-1.74693866764133E-14));
#8509=DIRECTION('ref_axis',(-8.76521077941562E-15,-1.74693866764133E-14,
1.));
#8510=DIRECTION('',(-8.76521077941562E-15,-1.74693866764133E-14,1.));
#8511=DIRECTION('',(7.47939721852738E-16,-2.92163953851376E-19,1.));
#8512=DIRECTION('center_axis',(4.13106241720988E-16,-1.,-1.73504621522815E-14));
#8513=DIRECTION('ref_axis',(5.53410776282668E-17,-1.73504621522815E-14,
1.));
#8514=DIRECTION('',(0.,1.,1.73504621522815E-14));
#8515=DIRECTION('',(8.82055185704388E-15,1.,6.45947941600095E-16));
#8516=DIRECTION('center_axis',(-1.,-8.262124834419E-16,-8.8205518570439E-15));
#8517=DIRECTION('ref_axis',(-8.82055185704389E-15,-1.77635683940025E-14,
1.));
#8518=DIRECTION('center_axis',(3.3048499337679E-15,-1.,-7.43591235097778E-15));
#8519=DIRECTION('ref_axis',(3.77305754769559E-16,7.43591235097779E-15,-1.));
#8520=DIRECTION('center_axis',(-3.3048499337679E-15,1.,7.43591235097778E-15));
#8521=DIRECTION('ref_axis',(1.,2.22044604924999E-15,-8.88178419699994E-15));
#8522=DIRECTION('',(3.30484993376791E-15,-1.,-1.11022302462516E-14));
#8523=DIRECTION('center_axis',(3.3048499337679E-15,-1.,-7.43591235097778E-15));
#8524=DIRECTION('ref_axis',(-9.76996261670289E-14,4.44089209850131E-15,
-1.));
#8525=DIRECTION('center_axis',(-2.5302757305411E-15,1.,4.13106241720988E-15));
#8526=DIRECTION('ref_axis',(5.18234050245699E-15,-4.13106241720987E-15,
1.));
#8527=DIRECTION('',(-1.,-2.53027573054112E-15,5.01299710338854E-15));
#8528=DIRECTION('center_axis',(3.3048499337679E-15,-1.,-7.43591235097778E-15));
#8529=DIRECTION('ref_axis',(0.,7.43591235097778E-15,-1.));
#8530=DIRECTION('',(1.,2.53027573054112E-15,-5.01299710338854E-15));
#8531=DIRECTION('center_axis',(-3.3048499337679E-15,1.,7.43591235097778E-15));
#8532=DIRECTION('ref_axis',(1.,4.4408920984993E-15,0.));
#8533=DIRECTION('',(-2.20147229364004E-29,-1.95530018277883E-43,1.));
#8534=DIRECTION('center_axis',(-3.3048499337679E-15,1.,7.43591235097778E-15));
#8535=DIRECTION('ref_axis',(0.,-7.43591235097778E-15,1.));
#8536=DIRECTION('',(-1.46764819576003E-29,1.11022302462516E-14,-1.));
#8537=DIRECTION('center_axis',(-3.3048499337679E-15,1.,7.43591235097778E-15));
#8538=DIRECTION('ref_axis',(1.,0.,0.));
#8539=DIRECTION('center_axis',(2.53027573054108E-15,-1.,-7.48598583482274E-15));
#8540=DIRECTION('ref_axis',(-5.01299710338856E-15,7.48598583482273E-15,
-1.));
#8541=DIRECTION('',(1.,2.53027573054112E-15,-5.3903028581581E-15));
#8542=DIRECTION('',(-5.60662627435702E-16,2.91930433677316E-33,-1.));
#8543=DIRECTION('center_axis',(5.39030285815811E-15,-4.13106241720985E-15,
1.));
#8544=DIRECTION('ref_axis',(1.73504621522815E-14,-1.,-4.13106241720995E-15));
#8545=DIRECTION('',(-1.04303752427502E-14,1.,4.13106241720991E-15));
#8546=DIRECTION('center_axis',(3.3048499337679E-15,-1.,-7.43591235097778E-15));
#8547=DIRECTION('ref_axis',(3.77305754769559E-16,7.43591235097779E-15,-1.));
#8548=DIRECTION('',(-3.30484993376791E-15,1.,7.43591235097778E-15));
#8549=DIRECTION('',(-1.04303752427502E-14,1.,4.92799168368083E-29));
#8550=DIRECTION('center_axis',(1.,3.30484993376797E-15,-8.47386227225299E-15));
#8551=DIRECTION('ref_axis',(-8.473862272253E-15,4.13106241720986E-15,-1.));
#8552=DIRECTION('',(-7.47939721852731E-16,7.48524049760439E-16,-1.));
#8553=DIRECTION('',(-3.3048499337679E-15,1.,7.43591235097779E-15));
#8554=DIRECTION('center_axis',(-3.3048499337679E-15,1.,7.43591235097778E-15));
#8555=DIRECTION('ref_axis',(3.77305754769559E-16,7.43591235097779E-15,-1.));
#8556=DIRECTION('center_axis',(3.3048499337679E-15,-1.,-7.43591235097778E-15));
#8557=DIRECTION('ref_axis',(-1.,0.,-8.88178419700128E-15));
#8558=DIRECTION('',(-3.3048499337679E-15,1.,1.11022302462516E-14));
#8559=DIRECTION('center_axis',(-3.3048499337679E-15,1.,7.43591235097778E-15));
#8560=DIRECTION('ref_axis',(9.76996261670141E-14,6.66133814775096E-15,-1.));
#8561=DIRECTION('center_axis',(1.85897808774438E-15,-1.,-1.07407622847457E-14));
#8562=DIRECTION('ref_axis',(8.50447844223171E-15,-1.07407622847457E-14,
1.));
#8563=DIRECTION('',(1.,1.85897808774447E-15,-8.44324610227431E-15));
#8564=DIRECTION('',(7.47939721852738E-16,-2.92163953851376E-19,1.));
#8565=DIRECTION('',(-1.,-1.85897808774447E-15,8.82055185704386E-15));
#8566=DIRECTION('center_axis',(-3.3048499337679E-15,1.,7.43591235097778E-15));
#8567=DIRECTION('ref_axis',(0.,-7.43591235097778E-15,1.));
#8568=DIRECTION('center_axis',(3.3048499337679E-15,-1.,-7.43591235097778E-15));
#8569=DIRECTION('ref_axis',(-1.,0.,0.));
#8570=DIRECTION('',(7.33824097880012E-30,-1.11022302462516E-14,1.));
#8571=DIRECTION('center_axis',(3.3048499337679E-15,-1.,-7.43591235097778E-15));
#8572=DIRECTION('ref_axis',(0.,7.43591235097778E-15,-1.));
#8573=DIRECTION('',(2.93529639152005E-29,1.95530018277883E-43,-1.));
#8574=DIRECTION('center_axis',(3.3048499337679E-15,-1.,-7.43591235097778E-15));
#8575=DIRECTION('ref_axis',(-1.,-4.44089209850064E-15,0.));
#8576=DIRECTION('center_axis',(8.82055185704388E-15,-1.07407622847457E-14,
1.));
#8577=DIRECTION('ref_axis',(-3.30484993376788E-15,1.,1.07407622847457E-14));
#8578=DIRECTION('',(-8.82055185704389E-15,-1.,-1.07407622847456E-14));
#8579=DIRECTION('center_axis',(-3.3048499337679E-15,1.,7.43591235097778E-15));
#8580=DIRECTION('ref_axis',(3.77305754769559E-16,7.43591235097779E-15,-1.));
#8581=DIRECTION('',(-8.82055185704388E-15,-1.,-6.45947941600095E-16));
#8582=DIRECTION('',(3.3048499337679E-15,-1.,-7.43591235097778E-15));
#8583=DIRECTION('center_axis',(-4.13106241720988E-16,1.,1.73504621522815E-14));
#8584=DIRECTION('ref_axis',(5.53410776282668E-17,-1.73504621522815E-14,
1.));
#8585=DIRECTION('center_axis',(4.13106241720988E-16,-1.,-1.73504621522815E-14));
#8586=DIRECTION('ref_axis',(1.,0.,-8.88178419700128E-15));
#8587=DIRECTION('',(0.,1.,8.88178419700128E-15));
#8588=DIRECTION('center_axis',(-4.13106241720988E-16,1.,1.73504621522815E-14));
#8589=DIRECTION('ref_axis',(-1.06581410364014E-13,-1.77635683940024E-14,
1.));
#8590=DIRECTION('center_axis',(-4.73316543132607E-29,-1.,-1.40456122185136E-14));
#8591=DIRECTION('ref_axis',(1.58666951380511E-14,1.40456122185136E-14,-1.));
#8592=DIRECTION('',(-1.,-7.88860905221012E-29,8.87589293467215E-15));
#8593=DIRECTION('',(-5.60662627435702E-16,2.91930433677316E-33,-1.));
#8594=DIRECTION('',(1.,7.88860905221012E-29,-8.82055185704389E-15));
#8595=DIRECTION('center_axis',(1.,1.03276560430249E-15,3.62997358952285E-15));
#8596=DIRECTION('ref_axis',(3.62997358952283E-15,1.69373559105607E-14,-1.));
#8597=DIRECTION('',(-1.03276560430255E-15,1.,1.73504621522815E-14));
#8598=DIRECTION('center_axis',(-4.13106241720988E-16,1.,1.73504621522815E-14));
#8599=DIRECTION('ref_axis',(0.,-1.73504621522815E-14,1.));
#8600=DIRECTION('center_axis',(4.13106241720988E-16,-1.,-1.73504621522815E-14));
#8601=DIRECTION('ref_axis',(1.,0.,0.));
#8602=DIRECTION('',(0.,8.88178419700128E-15,-1.));
#8603=DIRECTION('center_axis',(4.13106241720988E-16,-1.,-1.73504621522815E-14));
#8604=DIRECTION('ref_axis',(0.,1.73504621522815E-14,-1.));
#8605=DIRECTION('',(0.,0.,1.));
#8606=DIRECTION('center_axis',(4.13106241720988E-16,-1.,-1.73504621522815E-14));
#8607=DIRECTION('ref_axis',(1.,0.,0.));
#8608=DIRECTION('center_axis',(-8.82055185704389E-15,1.40456122185136E-14,
-1.));
#8609=DIRECTION('ref_axis',(-1.239318725163E-15,1.,1.40456122185136E-14));
#8610=DIRECTION('',(1.04303752427501E-14,-1.,-1.40456122185137E-14));
#8611=DIRECTION('center_axis',(-4.13106241720988E-16,1.,1.73504621522815E-14));
#8612=DIRECTION('ref_axis',(5.53410776282668E-17,-1.73504621522815E-14,
1.));
#8613=DIRECTION('',(1.04303752427502E-14,-1.,0.));
#8614=DIRECTION('',(0.,-1.,-1.73504621522815E-14));
#8615=DIRECTION('center_axis',(1.20627227982302E-15,1.,8.88178419700128E-15));
#8616=DIRECTION('ref_axis',(-1.,1.20627227982302E-15,5.53410776282749E-17));
#8617=DIRECTION('',(-1.,1.20627227982302E-15,5.53410776282749E-17));
#8618=DIRECTION('',(1.,-1.20627227982302E-15,-5.53410776282749E-17));
#8619=DIRECTION('center_axis',(-8.88178419700128E-15,1.,0.));
#8620=DIRECTION('ref_axis',(-1.,-8.88178419700128E-15,0.));
#8621=DIRECTION('',(1.,2.74025086343848E-16,-5.53410776282749E-17));
#8622=DIRECTION('',(1.19365982507502E-15,5.39059502211197E-15,-1.));
#8623=DIRECTION('',(1.,2.74025086343848E-16,-5.53410776282749E-17));
#8624=DIRECTION('center_axis',(0.,-8.88178419700128E-15,1.));
#8625=DIRECTION('ref_axis',(1.,0.,0.));
#8626=DIRECTION('',(1.,2.74025086343855E-16,-5.53410776282749E-17));
#8627=DIRECTION('',(1.,1.75432245251072E-15,1.19365982507503E-15));
#8628=DIRECTION('center_axis',(-1.75432245251072E-15,1.,1.11022302462516E-14));
#8629=DIRECTION('ref_axis',(1.,1.75432245251071E-15,3.77305754769578E-16));
#8630=DIRECTION('',(1.,1.75432245251071E-15,3.77305754769578E-16));
#8631=DIRECTION('',(-1.,-1.75432245251072E-15,-3.77305754769578E-16));
#8632=DIRECTION('center_axis',(0.,1.11022302462516E-14,-1.));
#8633=DIRECTION('ref_axis',(-1.,0.,0.));
#8634=DIRECTION('',(-1.,-3.23461981867758E-15,-3.77305754769578E-16));
#8635=DIRECTION('',(-1.,-1.75432245251075E-15,2.31498507994643E-15));
#8636=DIRECTION('',(-1.,-3.2346198186776E-15,-3.77305754769578E-16));
#8637=DIRECTION('center_axis',(-3.77305754769559E-16,-7.43591235097779E-15,
1.));
#8638=DIRECTION('ref_axis',(1.,0.,3.77305754769559E-16));
#8639=DIRECTION('',(-1.,-6.66133814775096E-15,-1.00004949806763E-29));
#8640=DIRECTION('',(1.,1.75432245251072E-15,3.77305754769578E-16));
#8641=DIRECTION('',(1.,3.23461981867758E-15,3.77305754769578E-16));
#8642=DIRECTION('center_axis',(-1.,8.82055185704388E-15,7.47939721852738E-16));
#8643=DIRECTION('ref_axis',(-7.47939721852744E-16,-7.47355393945035E-16,
-1.));
#8644=DIRECTION('',(-7.47939721852731E-16,7.48524049760439E-16,-1.));
#8645=DIRECTION('',(7.47939721852738E-16,-2.92163953851376E-19,1.));
#8646=DIRECTION('center_axis',(1.,-8.82055185704388E-15,-7.47939721852738E-16));
#8647=DIRECTION('ref_axis',(-5.04646829375074E-16,-1.96443178877349E-30,
-1.));
#8648=DIRECTION('center_axis',(-8.26212483441978E-16,0.,-1.));
#8649=DIRECTION('ref_axis',(1.,7.2293592301173E-16,-8.26212483441977E-16));
#8650=DIRECTION('center_axis',(1.24336572993027E-16,4.95820390884147E-17,
1.));
#8651=DIRECTION('ref_axis',(1.,1.04303752427502E-14,-5.60662627435702E-16));
#8652=DIRECTION('',(1.75432245251073E-15,-1.,-1.44944311024691E-30));
#8653=DIRECTION('center_axis',(-1.24336572993027E-16,-4.95820390884147E-17,
-1.));
#8654=DIRECTION('ref_axis',(1.,1.04303752427502E-14,-5.60662627435702E-16));
#8655=DIRECTION('',(-1.04303752427502E-14,1.,0.));
#8656=DIRECTION('center_axis',(-1.,-1.04303752427502E-14,5.60662627435702E-16));
#8657=DIRECTION('ref_axis',(5.60662627435702E-16,0.,1.));
#8658=DIRECTION('',(-5.60662627435702E-16,2.91930433677316E-33,-1.));
#8659=DIRECTION('center_axis',(1.,1.04303752427502E-14,-5.60662627435702E-16));
#8660=DIRECTION('ref_axis',(5.60662627435702E-16,0.,1.));
#8661=DIRECTION('center_axis',(5.53410776282668E-17,-1.73504621522815E-14,
1.));
#8662=DIRECTION('ref_axis',(1.,0.,-5.53410776282668E-17));
#8663=DIRECTION('',(-1.,-1.75432245251073E-15,5.5341077628275E-17));
#8664=DIRECTION('',(-1.,-2.74025086343855E-16,5.53410776282749E-17));
#8665=DIRECTION('center_axis',(-1.,-1.75432245251073E-15,5.60662627435701E-16));
#8666=DIRECTION('ref_axis',(1.75432245251073E-15,-1.,-2.92163953852658E-19));
#8667=DIRECTION('center_axis',(1.,1.75432245251073E-15,-5.60662627435701E-16));
#8668=DIRECTION('ref_axis',(0.,8.88178419700128E-15,1.));
#8669=DIRECTION('',(-1.,-6.12323399573987E-17,8.26212483441977E-16));
#8670=DIRECTION('center_axis',(-1.,-1.75432245251073E-15,5.60662627435701E-16));
#8671=DIRECTION('ref_axis',(0.,-1.,1.77635683940025E-14));
#8672=DIRECTION('center_axis',(-1.,-1.75432245251073E-15,5.60662627435701E-16));
#8673=DIRECTION('ref_axis',(5.60662627435701E-16,0.,1.));
#8674=DIRECTION('',(-1.19365982507502E-15,-5.39059502211197E-15,1.));
#8675=DIRECTION('center_axis',(1.,1.75432245251073E-15,-5.60662627435701E-16));
#8676=DIRECTION('ref_axis',(0.,8.88178419700128E-15,1.));
#8677=DIRECTION('',(-1.75432245251073E-15,1.,1.44944311024691E-30));
#8678=DIRECTION('center_axis',(1.,1.75432245251073E-15,-5.60662627435701E-16));
#8679=DIRECTION('ref_axis',(-5.60662627435701E-16,0.,-1.));
#8680=DIRECTION('center_axis',(1.,1.75432245251073E-15,-5.60662627435701E-16));
#8681=DIRECTION('ref_axis',(0.,-4.44089209850048E-15,1.));
#8682=DIRECTION('center_axis',(-1.,-1.75432245251073E-15,5.60662627435701E-16));
#8683=DIRECTION('ref_axis',(1.75432245251073E-15,-1.,-2.92163953852658E-19));
#8684=DIRECTION('',(1.,1.75432245251073E-15,-8.26212483441977E-16));
#8685=DIRECTION('center_axis',(1.,1.75432245251073E-15,-5.60662627435701E-16));
#8686=DIRECTION('ref_axis',(1.75432245251073E-15,-1.,-2.92163953852658E-19));
#8687=DIRECTION('center_axis',(-1.,-1.75432245251073E-15,5.60662627435701E-16));
#8688=DIRECTION('ref_axis',(0.,8.88178419700144E-15,-1.));
#8689=DIRECTION('',(1.,6.12323399573987E-17,-8.26212483441977E-16));
#8690=DIRECTION('center_axis',(1.,1.75432245251073E-15,-5.60662627435701E-16));
#8691=DIRECTION('ref_axis',(0.,-1.,-3.55271367880047E-14));
#8692=DIRECTION('center_axis',(1.,1.75432245251073E-15,-5.60662627435701E-16));
#8693=DIRECTION('ref_axis',(-5.60662627435701E-16,0.,-1.));
#8694=DIRECTION('',(-2.31498507994645E-15,8.82084402099773E-15,-1.));
#8695=DIRECTION('center_axis',(-1.,-1.75432245251073E-15,5.60662627435701E-16));
#8696=DIRECTION('ref_axis',(0.,8.8817841970016E-15,-1.));
#8697=DIRECTION('',(-1.75432245251073E-15,1.,1.44944311024691E-30));
#8698=DIRECTION('center_axis',(-1.,-1.75432245251073E-15,5.60662627435701E-16));
#8699=DIRECTION('ref_axis',(5.60662627435701E-16,0.,1.));
#8700=DIRECTION('',(2.31498507994645E-15,-8.82084402099773E-15,1.));
#8701=DIRECTION('',(1.75432245251073E-15,-1.,-1.44944311024691E-30));
#8702=DIRECTION('center_axis',(-1.,-1.75432245251073E-15,5.60662627435701E-16));
#8703=DIRECTION('ref_axis',(0.,8.88178419700097E-15,-1.));
#8704=DIRECTION('center_axis',(1.,1.75432245251073E-15,-5.60662627435701E-16));
#8705=DIRECTION('ref_axis',(1.75432245251073E-15,-1.,-2.92163953852658E-19));
#8706=DIRECTION('',(-1.,-1.75432245251073E-15,8.26212483441977E-16));
#8707=DIRECTION('center_axis',(8.26212483441977E-16,0.,1.));
#8708=DIRECTION('ref_axis',(-1.,-7.2293592301173E-16,8.26212483441977E-16));
#8709=DIRECTION('center_axis',(-1.6592887128469E-16,6.62950940649331E-17,
-1.));
#8710=DIRECTION('ref_axis',(1.75432245251073E-15,-1.,-2.92163953852658E-19));
#8711=DIRECTION('center_axis',(1.6592887128469E-16,-6.62950940649331E-17,
1.));
#8712=DIRECTION('ref_axis',(1.75432245251073E-15,-1.,-2.92163953852658E-19));
#8713=DIRECTION('',(-1.,8.82055185704389E-15,0.));
#8714=DIRECTION('',(7.21072847133741E-15,1.,6.45947941600095E-16));
#8715=DIRECTION('center_axis',(-5.60662627435702E-16,0.,-1.));
#8716=DIRECTION('ref_axis',(1.,1.04303752427502E-14,-5.60662627435702E-16));
#8717=DIRECTION('',(5.60662627435701E-16,5.60662627435702E-16,1.));
#8718=DIRECTION('center_axis',(1.24336572993027E-16,4.95820390884145E-17,
1.));
#8719=DIRECTION('ref_axis',(1.,1.04303752427502E-14,-5.60662627435702E-16));
#8720=DIRECTION('center_axis',(-6.66133814775096E-15,1.,0.));
#8721=DIRECTION('ref_axis',(-1.,-6.66133814775096E-15,0.));
#8722=DIRECTION('center_axis',(-7.47647557898886E-16,2.92163953851347E-19,
-1.));
#8723=DIRECTION('ref_axis',(1.75432245251073E-15,-1.,-2.92163953852658E-19));
#8724=DIRECTION('center_axis',(1.6592887128469E-16,-6.62950940649332E-17,
1.));
#8725=DIRECTION('ref_axis',(1.75432245251073E-15,-1.,-2.92163953852658E-19));
#8726=DIRECTION('',(7.47939721852737E-16,-2.92163953851346E-19,1.));
#8727=DIRECTION('',(-7.47939721852736E-16,2.92163953851376E-19,-1.));
#8728=DIRECTION('center_axis',(-6.66133814775096E-15,1.,0.));
#8729=DIRECTION('ref_axis',(1.,6.66133814775096E-15,0.));
#8730=DIRECTION('center_axis',(-7.47647557898886E-16,2.92163953851347E-19,
-1.));
#8731=DIRECTION('ref_axis',(1.75432245251073E-15,-1.,-2.92163953852658E-19));
#8732=DIRECTION('center_axis',(-1.6592887128469E-16,6.62950940649332E-17,
-1.));
#8733=DIRECTION('ref_axis',(1.75432245251073E-15,-1.,-2.92163953852658E-19));
#8734=DIRECTION('',(-7.47939721852737E-16,-5.60662627435702E-16,-1.));
#8735=DIRECTION('center_axis',(-8.88178419700128E-15,1.,0.));
#8736=DIRECTION('ref_axis',(1.,8.88178419700128E-15,0.));
#8737=DIRECTION('center_axis',(-5.60662627435702E-16,0.,-1.));
#8738=DIRECTION('ref_axis',(1.,1.04303752427502E-14,-5.60662627435702E-16));
#8739=DIRECTION('',(5.60662627435702E-16,-2.91930433677316E-33,1.));
#8740=DIRECTION('center_axis',(-1.24336572993027E-16,-4.95820390884145E-17,
-1.));
#8741=DIRECTION('ref_axis',(1.,1.04303752427502E-14,-5.60662627435702E-16));
#8742=DIRECTION('',(-5.60662627435702E-16,2.92163953851672E-19,-1.));
#8743=DIRECTION('center_axis',(-8.26212483441978E-16,0.,-1.));
#8744=DIRECTION('ref_axis',(1.,7.2293592301173E-16,-8.26212483441977E-16));
#8745=DIRECTION('',(-7.21072847133741E-15,-1.,-6.45947941600095E-16));
#8746=DIRECTION('',(1.,-8.82055185704389E-15,0.));
#8747=DIRECTION('center_axis',(6.12323399573991E-17,-1.,5.60662627435702E-16));
#8748=DIRECTION('ref_axis',(-5.60662627435707E-16,-5.60662627435702E-16,
-1.));
#8749=DIRECTION('center_axis',(1.75432245251073E-15,-1.,-2.92163953852658E-19));
#8750=DIRECTION('ref_axis',(-5.60662627435702E-16,2.92163953851672E-19,
-1.));
#8751=DIRECTION('center_axis',(8.26212483441977E-16,0.,1.));
#8752=DIRECTION('ref_axis',(-1.,-7.2293592301173E-16,8.26212483441977E-16));
#8753=DIRECTION('',(1.04303752427502E-14,-1.,-4.92799168368083E-29));
#8754=DIRECTION('center_axis',(-1.,8.07434927000118E-15,5.04646829375074E-16));
#8755=DIRECTION('ref_axis',(-5.04646829375074E-16,-1.96443178877349E-30,
-1.));
#8756=DIRECTION('center_axis',(-1.,7.21072847133741E-15,7.47939721852736E-16));
#8757=DIRECTION('ref_axis',(-5.04646829375074E-16,-1.96443178877349E-30,
-1.));
#8758=DIRECTION('',(-1.,8.07434927000118E-15,5.04646829375074E-16));
#8759=DIRECTION('center_axis',(-1.,7.21072847133741E-15,7.47939721852736E-16));
#8760=DIRECTION('ref_axis',(-7.47939721852742E-16,-7.47355393945035E-16,
-1.));
#8761=DIRECTION('',(7.47939721852731E-16,-7.48524049760439E-16,1.));
#8762=DIRECTION('center_axis',(8.82055185704389E-15,1.,7.48524049760432E-16));
#8763=DIRECTION('ref_axis',(-7.47939721852731E-16,7.48524049760439E-16,
-1.));
#8764=DIRECTION('center_axis',(-1.,-8.88178419700128E-15,1.11022302462516E-15));
#8765=DIRECTION('ref_axis',(1.11022302462516E-15,4.88107685105508E-30,1.));
#8766=DIRECTION('center_axis',(1.,1.04303752427502E-14,-5.60662627435702E-16));
#8767=DIRECTION('ref_axis',(5.60662627435702E-16,0.,1.));
#8768=DIRECTION('',(1.,8.88178419700128E-15,-1.11022302462516E-15));
#8769=DIRECTION('center_axis',(-1.,-1.04303752427502E-14,5.60662627435702E-16));
#8770=DIRECTION('ref_axis',(5.60662627435702E-16,0.,1.));
#8771=DIRECTION('axis',(0.,0.,1.));
#8772=DIRECTION('refdir',(1.,0.,0.));
#8773=DIRECTION('center_axis',(0.,1.,0.));
#8774=DIRECTION('ref_axis',(0.707106781186547,0.,-0.707106781186547));
#8775=DIRECTION('center_axis',(0.,-1.,0.));
#8776=DIRECTION('ref_axis',(0.707106781186547,0.,-0.707106781186547));
#8777=DIRECTION('',(0.,-1.,0.));
#8778=DIRECTION('center_axis',(0.,1.,0.));
#8779=DIRECTION('ref_axis',(0.707106781186547,0.,-0.707106781186547));
#8780=DIRECTION('',(0.,1.,0.));
#8781=DIRECTION('center_axis',(0.,0.,-1.));
#8782=DIRECTION('ref_axis',(-1.,0.,0.));
#8783=DIRECTION('',(-1.,0.,0.));
#8784=DIRECTION('',(0.,-1.,0.));
#8785=DIRECTION('',(-1.,0.,0.));
#8786=DIRECTION('center_axis',(0.,1.,0.));
#8787=DIRECTION('ref_axis',(1.,0.,0.));
#8788=DIRECTION('',(0.,0.,-1.));
#8789=DIRECTION('center_axis',(0.,1.,0.));
#8790=DIRECTION('ref_axis',(0.707106781186547,0.,0.707106781186547));
#8791=DIRECTION('',(1.,0.,0.));
#8792=DIRECTION('center_axis',(0.,1.,0.));
#8793=DIRECTION('ref_axis',(-0.707106781186547,0.,0.707106781186547));
#8794=DIRECTION('',(0.,0.,1.));
#8795=DIRECTION('center_axis',(0.,1.,0.));
#8796=DIRECTION('ref_axis',(-0.707106781186547,0.,-0.707106781186547));
#8797=DIRECTION('center_axis',(0.,-1.,0.));
#8798=DIRECTION('ref_axis',(1.,0.,0.));
#8799=DIRECTION('center_axis',(0.,-1.,0.));
#8800=DIRECTION('ref_axis',(1.,0.,0.));
#8801=DIRECTION('center_axis',(0.,-1.,0.));
#8802=DIRECTION('ref_axis',(1.,0.,0.));
#8803=DIRECTION('center_axis',(0.,-1.,0.));
#8804=DIRECTION('ref_axis',(1.,0.,0.));
#8805=DIRECTION('center_axis',(0.,1.,0.));
#8806=DIRECTION('ref_axis',(0.707106781186547,0.,0.707106781186547));
#8807=DIRECTION('center_axis',(0.,-1.,0.));
#8808=DIRECTION('ref_axis',(0.707106781186547,0.,0.707106781186547));
#8809=DIRECTION('',(0.,-1.,0.));
#8810=DIRECTION('',(0.,1.,0.));
#8811=DIRECTION('center_axis',(0.,0.,1.));
#8812=DIRECTION('ref_axis',(1.,0.,0.));
#8813=DIRECTION('',(1.,0.,0.));
#8814=DIRECTION('',(0.,1.,0.));
#8815=DIRECTION('center_axis',(0.,1.,0.));
#8816=DIRECTION('ref_axis',(-0.707106781186547,0.,0.707106781186547));
#8817=DIRECTION('center_axis',(0.,-1.,0.));
#8818=DIRECTION('ref_axis',(-0.707106781186547,0.,0.707106781186547));
#8819=DIRECTION('',(0.,-1.,0.));
#8820=DIRECTION('center_axis',(0.,1.,0.));
#8821=DIRECTION('ref_axis',(-0.707106781186547,0.,-0.707106781186547));
#8822=DIRECTION('center_axis',(0.,-1.,0.));
#8823=DIRECTION('ref_axis',(-0.707106781186547,0.,-0.707106781186547));
#8824=DIRECTION('',(0.,1.,0.));
#8825=DIRECTION('center_axis',(0.,1.,0.));
#8826=DIRECTION('ref_axis',(1.,0.,0.));
#8827=DIRECTION('center_axis',(0.,-1.,0.));
#8828=DIRECTION('ref_axis',(1.,0.,0.));
#8829=DIRECTION('',(0.,-1.,0.));
#8830=DIRECTION('center_axis',(0.,1.,0.));
#8831=DIRECTION('ref_axis',(1.,0.,0.));
#8832=DIRECTION('center_axis',(0.,-1.,0.));
#8833=DIRECTION('ref_axis',(1.,0.,0.));
#8834=DIRECTION('',(0.,-1.,0.));
#8835=DIRECTION('center_axis',(0.,1.,0.));
#8836=DIRECTION('ref_axis',(1.,0.,0.));
#8837=DIRECTION('center_axis',(0.,-1.,0.));
#8838=DIRECTION('ref_axis',(1.,0.,0.));
#8839=DIRECTION('',(0.,-1.,0.));
#8840=DIRECTION('center_axis',(0.,1.,0.));
#8841=DIRECTION('ref_axis',(1.,0.,0.));
#8842=DIRECTION('center_axis',(0.,-1.,0.));
#8843=DIRECTION('ref_axis',(1.,0.,0.));
#8844=DIRECTION('',(0.,-1.,0.));
#8845=DIRECTION('center_axis',(-1.,0.,0.));
#8846=DIRECTION('ref_axis',(0.,0.,1.));
#8847=DIRECTION('',(0.,0.,1.));
#8848=DIRECTION('center_axis',(1.,0.,0.));
#8849=DIRECTION('ref_axis',(0.,0.,-1.));
#8850=DIRECTION('',(0.,0.,-1.));
#8851=DIRECTION('center_axis',(0.,1.,0.));
#8852=DIRECTION('ref_axis',(1.,0.,0.));
#8853=DIRECTION('axis',(0.,0.,1.));
#8854=DIRECTION('refdir',(1.,0.,0.));
#8855=DIRECTION('center_axis',(0.,0.,1.));
#8856=DIRECTION('ref_axis',(1.,0.,0.));
#8857=DIRECTION('center_axis',(0.,0.,1.));
#8858=DIRECTION('ref_axis',(1.,0.,0.));
#8859=DIRECTION('',(0.,0.,-1.));
#8860=DIRECTION('center_axis',(0.,0.,1.));
#8861=DIRECTION('ref_axis',(1.,0.,0.));
#8862=DIRECTION('center_axis',(0.,0.,1.));
#8863=DIRECTION('ref_axis',(1.,0.,0.));
#8864=DIRECTION('center_axis',(0.,0.,1.));
#8865=DIRECTION('ref_axis',(1.,0.,0.));
#8866=DIRECTION('',(0.,0.,1.));
#8867=DIRECTION('',(1.,0.,0.));
#8868=DIRECTION('',(0.,0.,1.));
#8869=DIRECTION('',(1.,0.,0.));
#8870=DIRECTION('',(0.,0.,1.));
#8871=DIRECTION('',(1.,0.,0.));
#8872=DIRECTION('',(-1.22464679914735E-16,0.,-1.));
#8873=DIRECTION('',(-1.,0.,1.22464679914735E-16));
#8874=DIRECTION('',(0.,0.,1.));
#8875=DIRECTION('',(1.,0.,0.));
#8876=DIRECTION('',(0.,0.,1.));
#8877=DIRECTION('',(1.,0.,0.));
#8878=DIRECTION('',(8.07434927000158E-15,-1.22464679914721E-16,-1.));
#8879=DIRECTION('',(-1.,-9.88822598880755E-31,-8.07434927000158E-15));
#8880=DIRECTION('',(0.,0.,1.));
#8881=DIRECTION('',(1.,0.,0.));
#8882=DIRECTION('',(-3.22973970800048E-14,-1.22464679915053E-16,-0.999999999999999));
#8883=DIRECTION('',(-1.,2.77555756156329E-17,3.22973970800047E-14));
#8884=DIRECTION('',(0.,0.,1.));
#8885=DIRECTION('',(1.,0.,0.));
#8886=DIRECTION('',(0.,0.,1.));
#8887=DIRECTION('',(1.,0.,0.));
#8888=DIRECTION('',(0.,0.,1.));
#8889=DIRECTION('',(1.,0.,0.));
#8890=DIRECTION('',(-1.27390769484078E-42,8.8817841970013E-15,1.));
#8891=DIRECTION('',(1.,0.,0.));
#8892=DIRECTION('',(-1.27390769484078E-42,-8.88178419700128E-15,1.));
#8893=DIRECTION('',(1.,0.,0.));
#8894=DIRECTION('',(-1.27390769484078E-42,5.49824736004839E-15,1.));
#8895=DIRECTION('',(1.,0.,0.));
#8896=DIRECTION('',(-1.27390769484078E-42,-1.11022302462516E-14,1.));
#8897=DIRECTION('',(1.,0.,0.));
#8898=DIRECTION('center_axis',(0.,0.,1.));
#8899=DIRECTION('ref_axis',(1.,0.,0.));
#8900=CARTESIAN_POINT('',(0.,0.,0.));
#8901=CARTESIAN_POINT('',(0.,0.,0.));
#8902=CARTESIAN_POINT('Origin',(-90.,0.,-80.));
#8903=CARTESIAN_POINT('',(-92.,0.,-80.));
#8904=CARTESIAN_POINT('Origin',(-90.,0.,-80.));
#8905=CARTESIAN_POINT('',(-92.,2.,-80.));
#8906=CARTESIAN_POINT('',(-92.,0.,-80.));
#8907=CARTESIAN_POINT('Origin',(-90.,2.,-80.));
#8908=CARTESIAN_POINT('Origin',(90.,0.,80.));
#8909=CARTESIAN_POINT('',(88.,0.,80.));
#8910=CARTESIAN_POINT('Origin',(90.,0.,80.));
#8911=CARTESIAN_POINT('',(88.,2.,80.));
#8912=CARTESIAN_POINT('',(88.,0.,80.));
#8913=CARTESIAN_POINT('Origin',(90.,2.,80.));
#8914=CARTESIAN_POINT('Origin',(-90.,0.,80.));
#8915=CARTESIAN_POINT('',(-92.,0.,80.));
#8916=CARTESIAN_POINT('Origin',(-90.,0.,80.));
#8917=CARTESIAN_POINT('',(-92.,2.,80.));
#8918=CARTESIAN_POINT('',(-92.,0.,80.));
#8919=CARTESIAN_POINT('Origin',(-90.,2.,80.));
#8920=CARTESIAN_POINT('Origin',(90.,0.,-80.));
#8921=CARTESIAN_POINT('',(88.,0.,-80.));
#8922=CARTESIAN_POINT('Origin',(90.,0.,-80.));
#8923=CARTESIAN_POINT('',(88.,2.,-80.));
#8924=CARTESIAN_POINT('',(88.,0.,-80.));
#8925=CARTESIAN_POINT('Origin',(90.,2.,-80.));
#8926=CARTESIAN_POINT('Origin',(172.204445042361,0.,-98.704445042171));
#8927=CARTESIAN_POINT('',(178.000000000117,0.,-100.257359312707));
#8928=CARTESIAN_POINT('',(173.757359313062,0.,-104.499999999882));
#8929=CARTESIAN_POINT('Origin',(172.204445042361,0.,-98.704445042171));
#8930=CARTESIAN_POINT('',(173.757359313062,2.,-104.499999999882));
#8931=CARTESIAN_POINT('',(173.757359313062,0.,-104.499999999882));
#8932=CARTESIAN_POINT('',(178.000000000117,2.,-100.257359312707));
#8933=CARTESIAN_POINT('Origin',(172.204445042361,2.,-98.704445042171));
#8934=CARTESIAN_POINT('',(178.000000000117,0.,-100.257359312707));
#8935=CARTESIAN_POINT('Origin',(5.11946041115152E-11,0.,9.1926466438963E-11));
#8936=CARTESIAN_POINT('',(176.000000000335,0.,-98.2573593125962));
#8937=CARTESIAN_POINT('',(178.000000000117,0.,-100.257359312707));
#8938=CARTESIAN_POINT('',(176.000000000199,0.,98.257359312835));
#8939=CARTESIAN_POINT('',(175.999999999958,0.,102.499999999986));
#8940=CARTESIAN_POINT('',(177.999999999965,0.,100.257359312751));
#8941=CARTESIAN_POINT('',(177.999999999965,0.,100.257359312751));
#8942=CARTESIAN_POINT('',(173.757359312895,0.,104.500000000205));
#8943=CARTESIAN_POINT('Origin',(172.20444504213,0.,98.7044450425105));
#8944=CARTESIAN_POINT('',(171.757359312915,0.,102.500000000105));
#8945=CARTESIAN_POINT('',(173.757359312895,0.,104.500000000205));
#8946=CARTESIAN_POINT('',(-171.757359313304,0.,102.499999999969));
#8947=CARTESIAN_POINT('',(-176.000000000245,0.,102.499999999979));
#8948=CARTESIAN_POINT('',(-173.757359312966,0.,104.500000000066));
#8949=CARTESIAN_POINT('',(-173.757359312966,0.,104.500000000066));
#8950=CARTESIAN_POINT('',(-178.000000000032,0.,100.257359312609));
#8951=CARTESIAN_POINT('Origin',(-172.204445042196,0.,98.7044450423734));
#8952=CARTESIAN_POINT('',(-176.000000000245,0.,98.2573593126949));
#8953=CARTESIAN_POINT('',(-178.000000000032,0.,100.257359312609));
#8954=CARTESIAN_POINT('',(-176.000000000245,0.,-98.2573593127364));
#8955=CARTESIAN_POINT('',(-176.000000000245,0.,-102.50000000001));
#8956=CARTESIAN_POINT('',(-178.000000000032,0.,-100.257359312848));
#8957=CARTESIAN_POINT('',(-178.000000000032,0.,-100.257359312848));
#8958=CARTESIAN_POINT('',(-173.757359312966,0.,-104.500000000012));
#8959=CARTESIAN_POINT('Origin',(-172.204445042281,0.,-98.7044450422963));
#8960=CARTESIAN_POINT('',(-171.757359313304,0.,-102.50000000001));
#8961=CARTESIAN_POINT('',(-173.757359312966,0.,-104.500000000021));
#8962=CARTESIAN_POINT('',(171.757359313194,0.,-102.499999999873));
#8963=CARTESIAN_POINT('',(176.000000000121,0.,-102.500000000012));
#8964=CARTESIAN_POINT('',(173.757359313062,0.,-104.499999999882));
#8965=CARTESIAN_POINT('',(-1.99999999995343,0.,-97.0000000000208));
#8966=CARTESIAN_POINT('Origin',(4.65680283722402E-11,0.,-97.0000000000208));
#8967=CARTESIAN_POINT('',(163.500000000121,0.,-91.9999999998891));
#8968=CARTESIAN_POINT('Origin',(165.500000000121,0.,-91.9999999998891));
#8969=CARTESIAN_POINT('',(-154.749999999952,0.,-20.0000000001317));
#8970=CARTESIAN_POINT('Origin',(-152.749999999952,0.,-20.0000000001317));
#8971=CARTESIAN_POINT('',(98.0000000000448,0.,-96.9999999999413));
#8972=CARTESIAN_POINT('Origin',(100.000000000045,0.,-96.9999999999413));
#8973=CARTESIAN_POINT('',(168.500000000002,0.,65.000000000115));
#8974=CARTESIAN_POINT('Origin',(170.500000000002,0.,65.000000000115));
#8975=CARTESIAN_POINT('',(163.499999999975,0.,92.0000000001111));
#8976=CARTESIAN_POINT('Origin',(165.499999999975,0.,92.0000000001111));
#8977=CARTESIAN_POINT('',(168.500000000105,0.,-64.999999999885));
#8978=CARTESIAN_POINT('Origin',(170.500000000105,0.,-64.999999999885));
#8979=CARTESIAN_POINT('',(98.0000000000448,0.,96.9999999998998));
#8980=CARTESIAN_POINT('Origin',(100.000000000045,0.,96.9999999998998));
#8981=CARTESIAN_POINT('',(-101.999999999955,0.,96.9999999999794));
#8982=CARTESIAN_POINT('Origin',(-99.9999999999551,0.,96.9999999999794));
#8983=CARTESIAN_POINT('',(-101.999999999955,0.,-97.0000000000209));
#8984=CARTESIAN_POINT('Origin',(-99.9999999999551,0.,-97.0000000000209));
#8985=CARTESIAN_POINT('',(-172.500000000032,0.,64.9999999999793));
#8986=CARTESIAN_POINT('Origin',(-170.500000000032,0.,64.9999999999793));
#8987=CARTESIAN_POINT('',(168.500000000045,0.,1.14988343962815E-10));
#8988=CARTESIAN_POINT('Origin',(170.500000000044,0.,1.14988099033456E-10));
#8989=CARTESIAN_POINT('',(-172.500000000032,0.,-65.0000000000208));
#8990=CARTESIAN_POINT('Origin',(-170.500000000032,0.,-65.0000000000208));
#8991=CARTESIAN_POINT('',(-117.249999999952,0.,-20.000000000131));
#8992=CARTESIAN_POINT('Origin',(-115.249999999952,0.,-20.000000000131));
#8993=CARTESIAN_POINT('',(-167.500000000035,0.,-92.0000000000209));
#8994=CARTESIAN_POINT('Origin',(-165.500000000035,0.,-92.0000000000209));
#8995=CARTESIAN_POINT('',(-117.249999999952,0.,19.9999999998678));
#8996=CARTESIAN_POINT('Origin',(-115.249999999952,0.,19.9999999998678));
#8997=CARTESIAN_POINT('',(-1.99999999995505,0.,96.9999999999794));
#8998=CARTESIAN_POINT('Origin',(4.49439264898435E-11,0.,96.9999999999794));
#8999=CARTESIAN_POINT('',(-167.500000000035,0.,91.9999999999794));
#9000=CARTESIAN_POINT('Origin',(-165.500000000035,0.,91.9999999999794));
#9001=CARTESIAN_POINT('',(-172.500000000032,0.,-2.07785080338652E-11));
#9002=CARTESIAN_POINT('Origin',(-170.500000000032,0.,-2.07787529632251E-11));
#9003=CARTESIAN_POINT('',(-154.749999999952,0.,19.9999999998683));
#9004=CARTESIAN_POINT('Origin',(-152.749999999952,0.,19.9999999998683));
#9005=CARTESIAN_POINT('Origin',(172.20444504213,0.,98.7044450425105));
#9006=CARTESIAN_POINT('',(177.999999999965,2.,100.257359312751));
#9007=CARTESIAN_POINT('',(177.999999999965,0.,100.257359312751));
#9008=CARTESIAN_POINT('',(173.757359312895,2.,104.500000000205));
#9009=CARTESIAN_POINT('Origin',(172.20444504213,2.,98.7044450425105));
#9010=CARTESIAN_POINT('',(173.757359312895,0.,104.500000000205));
#9011=CARTESIAN_POINT('Origin',(-172.204445042196,0.,98.7044450423734));
#9012=CARTESIAN_POINT('',(-173.757359312966,2.,104.500000000066));
#9013=CARTESIAN_POINT('',(-173.757359312966,0.,104.500000000066));
#9014=CARTESIAN_POINT('',(-178.000000000032,2.,100.257359312609));
#9015=CARTESIAN_POINT('Origin',(-172.204445042196,2.,98.7044450423734));
#9016=CARTESIAN_POINT('',(-178.000000000032,0.,100.257359312609));
#9017=CARTESIAN_POINT('Origin',(-172.204445042281,0.,-98.7044450422963));
#9018=CARTESIAN_POINT('',(-178.000000000032,2.,-100.257359312848));
#9019=CARTESIAN_POINT('',(-178.000000000032,0.,-100.257359312848));
#9020=CARTESIAN_POINT('',(-173.757359312966,2.,-104.500000000012));
#9021=CARTESIAN_POINT('Origin',(-172.204445042281,2.,-98.7044450422963));
#9022=CARTESIAN_POINT('',(-173.757359312966,0.,-104.500000000012));
#9023=CARTESIAN_POINT('Origin',(-152.749999999952,0.,19.9999999998683));
#9024=CARTESIAN_POINT('',(-154.749999999952,2.,19.9999999998683));
#9025=CARTESIAN_POINT('Origin',(-152.749999999952,2.,19.9999999998683));
#9026=CARTESIAN_POINT('',(-154.749999999952,0.,19.9999999998683));
#9027=CARTESIAN_POINT('Origin',(-170.500000000032,0.,-2.07787529632251E-11));
#9028=CARTESIAN_POINT('',(-172.500000000032,2.,-2.07833750209829E-11));
#9029=CARTESIAN_POINT('Origin',(-170.500000000032,2.,-2.07787529632251E-11));
#9030=CARTESIAN_POINT('',(-172.500000000032,0.,-2.07785080338652E-11));
#9031=CARTESIAN_POINT('Origin',(-165.500000000035,0.,91.9999999999794));
#9032=CARTESIAN_POINT('',(-167.500000000035,2.,91.9999999999794));
#9033=CARTESIAN_POINT('Origin',(-165.500000000035,2.,91.9999999999794));
#9034=CARTESIAN_POINT('',(-167.500000000035,0.,91.9999999999794));
#9035=CARTESIAN_POINT('Origin',(4.49439264898435E-11,0.,96.9999999999794));
#9036=CARTESIAN_POINT('',(-1.99999999995505,2.,96.9999999999794));
#9037=CARTESIAN_POINT('Origin',(4.49439264898435E-11,2.,96.9999999999794));
#9038=CARTESIAN_POINT('',(-1.99999999995505,0.,96.9999999999794));
#9039=CARTESIAN_POINT('Origin',(-115.249999999952,0.,19.9999999998678));
#9040=CARTESIAN_POINT('',(-117.249999999952,2.,19.9999999998678));
#9041=CARTESIAN_POINT('Origin',(-115.249999999952,2.,19.9999999998678));
#9042=CARTESIAN_POINT('',(-117.249999999952,0.,19.9999999998678));
#9043=CARTESIAN_POINT('Origin',(-165.500000000035,0.,-92.0000000000209));
#9044=CARTESIAN_POINT('',(-167.500000000035,2.,-92.0000000000209));
#9045=CARTESIAN_POINT('Origin',(-165.500000000035,2.,-92.0000000000209));
#9046=CARTESIAN_POINT('',(-167.500000000035,0.,-92.0000000000209));
#9047=CARTESIAN_POINT('Origin',(-115.249999999952,0.,-20.000000000131));
#9048=CARTESIAN_POINT('',(-117.249999999952,2.,-20.000000000131));
#9049=CARTESIAN_POINT('Origin',(-115.249999999952,2.,-20.000000000131));
#9050=CARTESIAN_POINT('',(-117.249999999952,0.,-20.000000000131));
#9051=CARTESIAN_POINT('Origin',(-170.500000000032,0.,-65.0000000000208));
#9052=CARTESIAN_POINT('',(-172.500000000032,2.,-65.0000000000208));
#9053=CARTESIAN_POINT('Origin',(-170.500000000032,2.,-65.0000000000208));
#9054=CARTESIAN_POINT('',(-172.500000000032,0.,-65.0000000000208));
#9055=CARTESIAN_POINT('Origin',(170.500000000044,0.,1.14988099033456E-10));
#9056=CARTESIAN_POINT('',(168.500000000045,2.,1.14983578214378E-10));
#9057=CARTESIAN_POINT('Origin',(170.500000000044,2.,1.14988099033456E-10));
#9058=CARTESIAN_POINT('',(168.500000000045,0.,1.14988343962815E-10));
#9059=CARTESIAN_POINT('Origin',(-170.500000000032,0.,64.9999999999793));
#9060=CARTESIAN_POINT('',(-172.500000000032,2.,64.9999999999793));
#9061=CARTESIAN_POINT('Origin',(-170.500000000032,2.,64.9999999999793));
#9062=CARTESIAN_POINT('',(-172.500000000032,0.,64.9999999999793));
#9063=CARTESIAN_POINT('Origin',(-99.9999999999551,0.,-97.0000000000209));
#9064=CARTESIAN_POINT('',(-101.999999999955,2.,-97.0000000000209));
#9065=CARTESIAN_POINT('Origin',(-99.9999999999551,2.,-97.0000000000209));
#9066=CARTESIAN_POINT('',(-101.999999999955,0.,-97.0000000000209));
#9067=CARTESIAN_POINT('Origin',(-99.9999999999551,0.,96.9999999999794));
#9068=CARTESIAN_POINT('',(-101.999999999955,2.,96.9999999999794));
#9069=CARTESIAN_POINT('Origin',(-99.9999999999551,2.,96.9999999999794));
#9070=CARTESIAN_POINT('',(-101.999999999955,0.,96.9999999999794));
#9071=CARTESIAN_POINT('Origin',(100.000000000045,0.,96.9999999998998));
#9072=CARTESIAN_POINT('',(98.0000000000448,2.,96.9999999998998));
#9073=CARTESIAN_POINT('Origin',(100.000000000045,2.,96.9999999998998));
#9074=CARTESIAN_POINT('',(98.0000000000448,0.,96.9999999998998));
#9075=CARTESIAN_POINT('Origin',(170.500000000105,0.,-64.999999999885));
#9076=CARTESIAN_POINT('',(168.500000000105,2.,-64.999999999885));
#9077=CARTESIAN_POINT('Origin',(170.500000000105,2.,-64.999999999885));
#9078=CARTESIAN_POINT('',(168.500000000105,0.,-64.999999999885));
#9079=CARTESIAN_POINT('Origin',(165.499999999975,0.,92.0000000001111));
#9080=CARTESIAN_POINT('',(163.499999999975,2.,92.0000000001112));
#9081=CARTESIAN_POINT('Origin',(165.499999999975,2.,92.0000000001111));
#9082=CARTESIAN_POINT('',(163.499999999975,0.,92.0000000001111));
#9083=CARTESIAN_POINT('Origin',(170.500000000002,0.,65.000000000115));
#9084=CARTESIAN_POINT('',(168.500000000002,2.,65.000000000115));
#9085=CARTESIAN_POINT('Origin',(170.500000000002,2.,65.000000000115));
#9086=CARTESIAN_POINT('',(168.500000000002,0.,65.000000000115));
#9087=CARTESIAN_POINT('Origin',(100.000000000045,0.,-96.9999999999413));
#9088=CARTESIAN_POINT('',(98.0000000000448,2.,-96.9999999999413));
#9089=CARTESIAN_POINT('Origin',(100.000000000045,2.,-96.9999999999413));
#9090=CARTESIAN_POINT('',(98.0000000000448,0.,-96.9999999999413));
#9091=CARTESIAN_POINT('Origin',(-152.749999999952,0.,-20.0000000001317));
#9092=CARTESIAN_POINT('',(-154.749999999952,2.,-20.0000000001317));
#9093=CARTESIAN_POINT('Origin',(-152.749999999952,2.,-20.0000000001317));
#9094=CARTESIAN_POINT('',(-154.749999999952,0.,-20.0000000001317));
#9095=CARTESIAN_POINT('Origin',(165.500000000121,0.,-91.9999999998891));
#9096=CARTESIAN_POINT('',(163.500000000121,2.,-91.9999999998891));
#9097=CARTESIAN_POINT('Origin',(165.500000000121,2.,-91.9999999998891));
#9098=CARTESIAN_POINT('',(163.500000000121,0.,-91.9999999998891));
#9099=CARTESIAN_POINT('Origin',(4.65680283722402E-11,0.,-97.0000000000208));
#9100=CARTESIAN_POINT('',(-1.99999999995343,2.,-97.0000000000208));
#9101=CARTESIAN_POINT('Origin',(4.65680283722402E-11,2.,-97.0000000000208));
#9102=CARTESIAN_POINT('',(-1.99999999995343,0.,-97.0000000000208));
#9103=CARTESIAN_POINT('Origin',(-178.000000000032,0.,-100.257359312848));
#9104=CARTESIAN_POINT('',(-176.000000000245,2.,-98.2573593127364));
#9105=CARTESIAN_POINT('',(-176.000000000245,0.,-98.2573593127364));
#9106=CARTESIAN_POINT('',(-178.000000000032,2.,-100.257359312848));
#9107=CARTESIAN_POINT('Origin',(-171.757359313304,0.,-102.50000000001));
#9108=CARTESIAN_POINT('',(-171.757359313304,2.,-102.50000000001));
#9109=CARTESIAN_POINT('',(-173.757359312966,2.,-104.500000000021));
#9110=CARTESIAN_POINT('',(-171.757359313304,0.,-102.50000000001));
#9111=CARTESIAN_POINT('Origin',(171.757359313194,0.,-102.500000000012));
#9112=CARTESIAN_POINT('',(171.757359313194,2.,-102.499999999873));
#9113=CARTESIAN_POINT('',(176.000000000121,2.,-102.500000000012));
#9114=CARTESIAN_POINT('',(171.757359313194,0.,-102.499999999873));
#9115=CARTESIAN_POINT('Origin',(173.757359313062,0.,-104.499999999882));
#9116=CARTESIAN_POINT('',(173.757359313062,2.,-104.499999999882));
#9117=CARTESIAN_POINT('Origin',(176.000000000335,0.,-98.2573593125962));
#9118=CARTESIAN_POINT('',(176.000000000335,2.,-98.2573593125962));
#9119=CARTESIAN_POINT('',(178.000000000117,2.,-100.257359312707));
#9120=CARTESIAN_POINT('',(176.000000000335,0.,-98.2573593125962));
#9121=CARTESIAN_POINT('Origin',(175.999999999961,0.,98.257359312835));
#9122=CARTESIAN_POINT('',(176.000000000199,2.,98.257359312835));
#9123=CARTESIAN_POINT('',(175.999999999958,2.,102.499999999986));
#9124=CARTESIAN_POINT('',(176.000000000199,0.,98.257359312835));
#9125=CARTESIAN_POINT('Origin',(177.999999999965,0.,100.257359312751));
#9126=CARTESIAN_POINT('',(177.999999999965,2.,100.257359312751));
#9127=CARTESIAN_POINT('Origin',(171.757359312915,0.,102.500000000105));
#9128=CARTESIAN_POINT('',(171.757359312915,2.,102.500000000105));
#9129=CARTESIAN_POINT('',(173.757359312895,2.,104.500000000205));
#9130=CARTESIAN_POINT('',(171.757359312915,0.,102.500000000105));
#9131=CARTESIAN_POINT('Origin',(-171.757359313304,0.,102.499999999979));
#9132=CARTESIAN_POINT('',(-171.757359313304,2.,102.499999999969));
#9133=CARTESIAN_POINT('',(-176.000000000245,2.,102.499999999979));
#9134=CARTESIAN_POINT('',(-171.757359313304,0.,102.499999999969));
#9135=CARTESIAN_POINT('Origin',(-173.757359312966,0.,104.500000000066));
#9136=CARTESIAN_POINT('',(-173.757359312966,2.,104.500000000066));
#9137=CARTESIAN_POINT('Origin',(-176.000000000245,0.,98.2573593126949));
#9138=CARTESIAN_POINT('',(-176.000000000245,2.,98.2573593126949));
#9139=CARTESIAN_POINT('',(-178.000000000032,2.,100.257359312609));
#9140=CARTESIAN_POINT('',(-176.000000000245,0.,98.2573593126949));
#9141=CARTESIAN_POINT('Origin',(-176.000000000245,0.,-98.2573593127364));
#9142=CARTESIAN_POINT('',(-176.000000000245,2.,-102.50000000001));
#9143=CARTESIAN_POINT('Origin',(5.11946041115152E-11,2.,9.1926466438963E-11));
#9144=CARTESIAN_POINT('',(0.,0.,0.));
#9145=CARTESIAN_POINT('Origin',(134.000000000045,27.7999999999997,104.499999999981));
#9146=CARTESIAN_POINT('',(119.000000000045,27.7999999999998,104.49999999998));
#9147=CARTESIAN_POINT('Origin',(134.000000000045,27.7999999999997,104.499999999979));
#9148=CARTESIAN_POINT('',(119.000000000045,27.7999999999998,103.499999999981));
#9149=CARTESIAN_POINT('',(119.000000000045,27.7999999999998,104.49999999998));
#9150=CARTESIAN_POINT('Origin',(134.000000000045,27.7999999999997,103.499999999979));
#9151=CARTESIAN_POINT('Origin',(-133.999999999955,35.3000000000005,104.499999999977));
#9152=CARTESIAN_POINT('',(-118.999999999955,35.3000000000005,103.499999999979));
#9153=CARTESIAN_POINT('',(-148.999999999955,35.3000000000006,103.499999999979));
#9154=CARTESIAN_POINT('Origin',(-133.999999999955,35.3000000000005,103.499999999974));
#9155=CARTESIAN_POINT('',(-118.999999999955,35.3000000000005,104.499999999978));
#9156=CARTESIAN_POINT('',(-118.999999999955,35.3000000000005,104.499999999978));
#9157=CARTESIAN_POINT('',(-148.999999999955,35.3000000000006,104.499999999977));
#9158=CARTESIAN_POINT('Origin',(-133.999999999955,35.3000000000005,104.499999999974));
#9159=CARTESIAN_POINT('',(-148.999999999955,35.3000000000006,104.499999999977));
#9160=CARTESIAN_POINT('Origin',(-148.999999999955,20.3000000000006,104.499999999977));
#9161=CARTESIAN_POINT('',(-148.999999999955,20.3000000000006,103.499999999979));
#9162=CARTESIAN_POINT('',(-148.999999999955,31.6500000000008,103.499999999979));
#9163=CARTESIAN_POINT('',(-148.999999999955,20.3000000000006,104.499999999977));
#9164=CARTESIAN_POINT('',(-148.999999999955,31.6500000000008,104.499999999979));
#9165=CARTESIAN_POINT('',(-148.999999999955,20.3000000000006,104.499999999977));
#9166=CARTESIAN_POINT('Origin',(-133.999999999955,20.3000000000005,104.499999999978));
#9167=CARTESIAN_POINT('',(-118.999999999955,20.3000000000005,103.499999999979));
#9168=CARTESIAN_POINT('Origin',(-133.999999999955,20.3000000000005,103.499999999974));
#9169=CARTESIAN_POINT('',(-118.999999999955,20.3000000000005,104.499999999978));
#9170=CARTESIAN_POINT('Origin',(-133.999999999955,20.3000000000005,104.499999999974));
#9171=CARTESIAN_POINT('',(-118.999999999955,20.3000000000005,104.499999999978));
#9172=CARTESIAN_POINT('Origin',(-118.999999999955,35.3000000000005,104.499999999978));
#9173=CARTESIAN_POINT('',(-118.999999999955,39.1500000000008,103.499999999979));
#9174=CARTESIAN_POINT('',(-118.999999999955,39.1500000000008,104.499999999979));
#9175=CARTESIAN_POINT('Origin',(-164.499999999955,20.5,104.499999999979));
#9176=CARTESIAN_POINT('',(-166.499999999955,20.5,104.499999999979));
#9177=CARTESIAN_POINT('Origin',(-164.499999999955,20.5,104.499999999979));
#9178=CARTESIAN_POINT('',(-166.499999999955,20.5,103.499999999979));
#9179=CARTESIAN_POINT('',(-166.499999999955,20.5,104.499999999979));
#9180=CARTESIAN_POINT('Origin',(-164.499999999955,20.5,103.499999999979));
#9181=CARTESIAN_POINT('Origin',(164.500000000045,65.5000000000002,104.499999999979));
#9182=CARTESIAN_POINT('',(162.500000000045,65.5000000000002,104.499999999979));
#9183=CARTESIAN_POINT('Origin',(164.500000000045,65.5000000000002,104.499999999979));
#9184=CARTESIAN_POINT('',(162.500000000045,65.5000000000002,103.499999999979));
#9185=CARTESIAN_POINT('',(162.500000000045,65.5000000000002,104.499999999979));
#9186=CARTESIAN_POINT('Origin',(164.500000000045,65.5000000000002,103.499999999979));
#9187=CARTESIAN_POINT('Origin',(-164.499999999955,65.5,104.499999999979));
#9188=CARTESIAN_POINT('',(-166.499999999955,65.5,104.499999999979));
#9189=CARTESIAN_POINT('Origin',(-164.499999999955,65.5,104.499999999979));
#9190=CARTESIAN_POINT('',(-166.499999999955,65.5,103.499999999979));
#9191=CARTESIAN_POINT('',(-166.499999999955,65.5,104.499999999979));
#9192=CARTESIAN_POINT('Origin',(-164.499999999955,65.5,103.499999999979));
#9193=CARTESIAN_POINT('Origin',(164.500000000045,20.5000000000002,104.499999999979));
#9194=CARTESIAN_POINT('',(162.500000000045,20.5000000000002,104.499999999979));
#9195=CARTESIAN_POINT('Origin',(164.500000000045,20.5000000000002,104.499999999979));
#9196=CARTESIAN_POINT('',(162.500000000045,20.5000000000002,103.499999999979));
#9197=CARTESIAN_POINT('',(162.500000000045,20.5000000000002,104.499999999979));
#9198=CARTESIAN_POINT('Origin',(164.500000000045,20.5000000000002,103.499999999979));
#9199=CARTESIAN_POINT('Origin',(157.000000000045,85.,104.499999999979));
#9200=CARTESIAN_POINT('',(157.000000000045,85.,104.499999999979));
#9201=CARTESIAN_POINT('',(172.000000000045,85.,104.499999999979));
#9202=CARTESIAN_POINT('',(157.000000000045,85.,104.499999999979));
#9203=CARTESIAN_POINT('',(172.000000000045,85.,103.499999999979));
#9204=CARTESIAN_POINT('',(172.000000000045,85.,104.499999999979));
#9205=CARTESIAN_POINT('',(157.000000000045,85.,103.499999999979));
#9206=CARTESIAN_POINT('',(157.000000000045,85.,103.499999999979));
#9207=CARTESIAN_POINT('',(157.000000000045,85.,103.499999999979));
#9208=CARTESIAN_POINT('Origin',(172.000000000045,1.00000000000001,104.499999999979));
#9209=CARTESIAN_POINT('',(157.000000000045,1.00000000000001,104.499999999979));
#9210=CARTESIAN_POINT('',(172.000000000045,1.00000000000001,104.499999999979));
#9211=CARTESIAN_POINT('',(157.000000000045,1.00000000000001,104.499999999979));
#9212=CARTESIAN_POINT('',(157.000000000045,1.00000000000001,103.499999999979));
#9213=CARTESIAN_POINT('',(157.000000000045,1.00000000000001,103.719999999979));
#9214=CARTESIAN_POINT('',(172.000000000045,1.00000000000001,103.499999999979));
#9215=CARTESIAN_POINT('',(157.000000000045,1.00000000000001,103.499999999979));
#9216=CARTESIAN_POINT('',(172.000000000045,1.00000000000001,104.499999999979));
#9217=CARTESIAN_POINT('Origin',(172.000000000045,85.,104.499999999979));
#9218=CARTESIAN_POINT('',(172.000000000045,1.00000000000001,104.499999999979));
#9219=CARTESIAN_POINT('',(172.000000000045,1.00000000000001,103.499999999979));
#9220=CARTESIAN_POINT('Origin',(164.500000000045,43.,104.499999999979));
#9221=CARTESIAN_POINT('',(-156.999999999955,85.,104.499999999979));
#9222=CARTESIAN_POINT('',(-78.4999999999551,85.,104.499999999979));
#9223=CARTESIAN_POINT('',(-171.999999999955,85.,104.499999999979));
#9224=CARTESIAN_POINT('',(-156.999999999955,85.,104.499999999979));
#9225=CARTESIAN_POINT('',(-171.999999999955,1.00000000000001,104.499999999979));
#9226=CARTESIAN_POINT('',(-171.999999999955,85.,104.499999999979));
#9227=CARTESIAN_POINT('',(-156.999999999955,1.00000000000001,104.499999999979));
#9228=CARTESIAN_POINT('',(-156.999999999955,1.00000000000001,104.499999999979));
#9229=CARTESIAN_POINT('',(4.50128823104023E-11,1.00000000000001,104.499999999979));
#9230=CARTESIAN_POINT('Origin',(164.500000000045,43.,103.499999999979));
#9231=CARTESIAN_POINT('',(-156.999999999955,1.00000000000001,103.499999999979));
#9232=CARTESIAN_POINT('',(4.50162549903105E-11,1.00000000000001,103.499999999979));
#9233=CARTESIAN_POINT('',(-171.999999999955,1.00000000000001,103.499999999979));
#9234=CARTESIAN_POINT('',(-156.999999999955,1.00000000000001,103.499999999979));
#9235=CARTESIAN_POINT('',(-171.999999999955,85.,103.499999999979));
#9236=CARTESIAN_POINT('',(-171.999999999955,85.,103.499999999979));
#9237=CARTESIAN_POINT('',(-156.999999999955,85.,103.499999999979));
#9238=CARTESIAN_POINT('',(-156.999999999955,85.,103.499999999979));
#9239=CARTESIAN_POINT('',(-78.4999999999551,85.,103.499999999979));
#9240=CARTESIAN_POINT('Origin',(-156.999999999955,1.00000000000001,104.499999999979));
#9241=CARTESIAN_POINT('',(-171.999999999955,1.00000000000001,104.499999999979));
#9242=CARTESIAN_POINT('',(-156.999999999955,1.00000000000001,103.719999999979));
#9243=CARTESIAN_POINT('Origin',(-171.999999999955,85.,104.499999999979));
#9244=CARTESIAN_POINT('',(-156.999999999955,85.,103.499999999979));
#9245=CARTESIAN_POINT('',(-171.999999999955,85.,104.499999999979));
#9246=CARTESIAN_POINT('Origin',(-171.999999999955,1.00000000000001,104.499999999979));
#9247=CARTESIAN_POINT('Origin',(4.50484094471904E-11,85.,102.499999999979));
#9248=CARTESIAN_POINT('',(-156.999999999955,87.,102.499999999979));
#9249=CARTESIAN_POINT('',(157.000000000045,87.,102.499999999979));
#9250=CARTESIAN_POINT('',(4.50217640945993E-11,86.9999999999999,102.499999999979));
#9251=CARTESIAN_POINT('Origin',(-156.999999999955,85.,102.499999999979));
#9252=CARTESIAN_POINT('Origin',(157.000000000045,85.,102.499999999979));
#9253=CARTESIAN_POINT('Origin',(157.000000000045,86.0000000000001,104.761946710563));
#9254=CARTESIAN_POINT('',(157.000000000045,86.,102.499999999979));
#9255=CARTESIAN_POINT('',(157.000000000045,86.22,102.499999999979));
#9256=CARTESIAN_POINT('',(157.000000000045,85.9999999999999,89.4999999999786));
#9257=CARTESIAN_POINT('',(157.000000000045,86.0000000000001,107.023893421148));
#9258=CARTESIAN_POINT('',(157.000000000045,86.9999999999999,89.4999999999786));
#9259=CARTESIAN_POINT('',(157.000000000045,85.9999999999999,89.4999999999786));
#9260=CARTESIAN_POINT('',(157.000000000045,87.,107.023893421148));
#9261=CARTESIAN_POINT('Origin',(4.49936075572589E-11,85.9999999999999,97.1309733552709));
#9262=CARTESIAN_POINT('',(-156.999999999955,86.,102.499999999979));
#9263=CARTESIAN_POINT('',(4.50210085022246E-11,86.,102.499999999979));
#9264=CARTESIAN_POINT('',(-156.999999999955,85.9999999999999,89.4999999999786));
#9265=CARTESIAN_POINT('',(-156.999999999955,86.0000000000001,107.023893421148));
#9266=CARTESIAN_POINT('',(-156.999999999955,85.9999999999999,89.4999999999786));
#9267=CARTESIAN_POINT('Origin',(-156.999999999955,86.,102.499999999979));
#9268=CARTESIAN_POINT('',(-156.999999999955,86.22,102.499999999979));
#9269=CARTESIAN_POINT('Origin',(-156.999999999955,85.,102.499999999979));
#9270=CARTESIAN_POINT('Origin',(157.000000000045,87.,102.499999999979));
#9271=CARTESIAN_POINT('Origin',(157.000000000045,85.,102.499999999979));
#9272=CARTESIAN_POINT('Origin',(-156.999999999955,85.9999999999999,89.4999999999786));
#9273=CARTESIAN_POINT('',(-156.999999999955,86.9999999999999,89.4999999999786));
#9274=CARTESIAN_POINT('',(-156.999999999955,87.,102.499999999979));
#9275=CARTESIAN_POINT('',(-156.999999999955,85.9999999999999,89.4999999999786));
#9276=CARTESIAN_POINT('Origin',(157.000000000045,85.9999999999999,89.4999999999786));
#9277=CARTESIAN_POINT('',(-156.999999999955,86.9999999999999,89.4999999999786));
#9278=CARTESIAN_POINT('Origin',(4.50484094471904E-11,85.,102.499999999979));
#9279=CARTESIAN_POINT('Origin',(4.49951187420083E-11,86.9999999999999,97.1309733552709));
#9280=CARTESIAN_POINT('Origin',(4.50484094471904E-11,1.,102.499999999979));
#9281=CARTESIAN_POINT('',(-156.999999999955,-1.,102.499999999979));
#9282=CARTESIAN_POINT('Origin',(-156.999999999955,1.,102.499999999979));
#9283=CARTESIAN_POINT('',(157.000000000045,-1.,102.499999999979));
#9284=CARTESIAN_POINT('',(-78.4999999999551,-1.,102.499999999979));
#9285=CARTESIAN_POINT('Origin',(157.000000000045,1.,102.499999999979));
#9286=CARTESIAN_POINT('Origin',(-156.999999999955,1.00000000000001,103.499999999979));
#9287=CARTESIAN_POINT('',(-156.999999999955,0.,102.499999999979));
#9288=CARTESIAN_POINT('Origin',(-156.999999999955,1.,102.499999999979));
#9289=CARTESIAN_POINT('',(-156.999999999955,0.,102.499999999979));
#9290=CARTESIAN_POINT('Origin',(157.000000000045,1.00000000000002,104.499999999979));
#9291=CARTESIAN_POINT('',(157.000000000045,0.,102.499999999979));
#9292=CARTESIAN_POINT('',(157.000000000045,0.,102.499999999979));
#9293=CARTESIAN_POINT('Origin',(157.000000000045,1.,102.499999999979));
#9294=CARTESIAN_POINT('Origin',(4.50484094471904E-11,1.,102.499999999979));
#9295=CARTESIAN_POINT('',(-78.4999999999551,0.,102.499999999979));
#9296=CARTESIAN_POINT('Origin',(157.000000000045,0.,89.4999999999794));
#9297=CARTESIAN_POINT('',(157.000000000045,-1.,89.4999999999794));
#9298=CARTESIAN_POINT('',(157.000000000045,-1.,89.4999999999794));
#9299=CARTESIAN_POINT('',(157.000000000045,0.,89.4999999999794));
#9300=CARTESIAN_POINT('',(157.000000000045,0.,89.4999999999794));
#9301=CARTESIAN_POINT('',(157.000000000045,0.,89.4999999999794));
#9302=CARTESIAN_POINT('Origin',(4.49418280368263E-11,-1.,96.9999999999794));
#9303=CARTESIAN_POINT('',(-156.999999999955,-1.,89.4999999999794));
#9304=CARTESIAN_POINT('',(-156.999999999955,-1.,104.499999999979));
#9305=CARTESIAN_POINT('',(-156.999999999955,-1.,89.4999999999794));
#9306=CARTESIAN_POINT('',(-101.999999999955,-1.,96.9999999999794));
#9307=CARTESIAN_POINT('Origin',(-99.9999999999551,-1.,96.9999999999794));
#9308=CARTESIAN_POINT('',(-1.99999999995505,-1.,96.9999999999794));
#9309=CARTESIAN_POINT('Origin',(4.49439264898435E-11,-1.,96.9999999999794));
#9310=CARTESIAN_POINT('',(98.0000000000448,-1.,96.9999999998998));
#9311=CARTESIAN_POINT('Origin',(100.000000000045,-1.,96.9999999998998));
#9312=CARTESIAN_POINT('Origin',(-99.9999999999551,0.,96.9999999999794));
#9313=CARTESIAN_POINT('',(-101.999999999955,0.,96.9999999999794));
#9314=CARTESIAN_POINT('',(-101.999999999955,0.,96.9999999999794));
#9315=CARTESIAN_POINT('Origin',(-99.9999999999551,0.,96.9999999999794));
#9316=CARTESIAN_POINT('Origin',(4.49439264898435E-11,0.,96.9999999999794));
#9317=CARTESIAN_POINT('',(-1.99999999995505,0.,96.9999999999794));
#9318=CARTESIAN_POINT('',(-1.99999999995505,0.,96.9999999999794));
#9319=CARTESIAN_POINT('Origin',(4.49439264898435E-11,0.,96.9999999999794));
#9320=CARTESIAN_POINT('Origin',(100.000000000045,0.,96.9999999998998));
#9321=CARTESIAN_POINT('',(98.0000000000448,0.,96.9999999998998));
#9322=CARTESIAN_POINT('',(98.0000000000448,0.,96.9999999998998));
#9323=CARTESIAN_POINT('Origin',(100.000000000045,0.,96.9999999998998));
#9324=CARTESIAN_POINT('Origin',(-156.999999999955,0.,89.4999999999794));
#9325=CARTESIAN_POINT('',(-156.999999999955,0.,89.4999999999794));
#9326=CARTESIAN_POINT('',(-156.999999999955,0.,89.4999999999794));
#9327=CARTESIAN_POINT('',(-156.999999999955,0.,89.4999999999794));
#9328=CARTESIAN_POINT('Origin',(-156.999999999955,0.,104.499999999979));
#9329=CARTESIAN_POINT('',(-156.999999999955,0.,104.499999999979));
#9330=CARTESIAN_POINT('Origin',(4.49418280368263E-11,0.,96.9999999999794));
#9331=CARTESIAN_POINT('',(0.,0.,0.));
#9332=CARTESIAN_POINT('Origin',(178.000000000044,20.5,91.0000000001149));
#9333=CARTESIAN_POINT('',(178.000000000044,20.5,93.0000000001149));
#9334=CARTESIAN_POINT('Origin',(178.000000000044,20.5,91.0000000001149));
#9335=CARTESIAN_POINT('',(177.000000000044,20.5,93.0000000001149));
#9336=CARTESIAN_POINT('',(178.000000000044,20.5,93.0000000001149));
#9337=CARTESIAN_POINT('Origin',(177.000000000044,20.5,91.0000000001149));
#9338=CARTESIAN_POINT('Origin',(178.000000000044,65.5,-90.9999999998851));
#9339=CARTESIAN_POINT('',(178.000000000044,65.5,-88.9999999998851));
#9340=CARTESIAN_POINT('Origin',(178.000000000044,65.5,-90.9999999998851));
#9341=CARTESIAN_POINT('',(177.000000000044,65.5,-88.9999999998851));
#9342=CARTESIAN_POINT('',(178.000000000044,65.5,-88.9999999998851));
#9343=CARTESIAN_POINT('Origin',(177.000000000044,65.5,-90.9999999998851));
#9344=CARTESIAN_POINT('Origin',(178.000000000044,65.5,91.0000000001149));
#9345=CARTESIAN_POINT('',(178.000000000044,65.5,93.0000000001149));
#9346=CARTESIAN_POINT('Origin',(178.000000000044,65.5,91.0000000001149));
#9347=CARTESIAN_POINT('',(177.000000000044,65.5,93.0000000001149));
#9348=CARTESIAN_POINT('',(178.000000000044,65.5,93.0000000001149));
#9349=CARTESIAN_POINT('Origin',(177.000000000044,65.5,91.0000000001149));
#9350=CARTESIAN_POINT('Origin',(178.000000000044,20.5,-90.9999999998851));
#9351=CARTESIAN_POINT('',(178.000000000044,20.5,-88.9999999998851));
#9352=CARTESIAN_POINT('Origin',(178.000000000044,20.5,-90.9999999998851));
#9353=CARTESIAN_POINT('',(177.000000000044,20.5,-88.9999999998851));
#9354=CARTESIAN_POINT('',(178.000000000044,20.5,-88.9999999998851));
#9355=CARTESIAN_POINT('Origin',(177.000000000044,20.5,-90.9999999998851));
#9356=CARTESIAN_POINT('Origin',(178.000000000044,85.0000000000001,-83.4999999998851));
#9357=CARTESIAN_POINT('',(178.000000000044,85.0000000000001,-83.4999999998851));
#9358=CARTESIAN_POINT('',(178.000000000044,85.0000000000001,-98.4999999998851));
#9359=CARTESIAN_POINT('',(178.000000000044,85.0000000000001,-83.4999999998851));
#9360=CARTESIAN_POINT('',(177.000000000044,85.0000000000001,-98.4999999998851));
#9361=CARTESIAN_POINT('',(178.000000000044,85.0000000000001,-98.4999999998851));
#9362=CARTESIAN_POINT('',(177.000000000044,85.0000000000001,-83.4999999998851));
#9363=CARTESIAN_POINT('',(177.000000000044,85.0000000000001,-83.4999999998851));
#9364=CARTESIAN_POINT('',(177.000000000043,85.0000000000001,-83.4999999998851));
#9365=CARTESIAN_POINT('Origin',(178.000000000044,0.999999999999996,-98.4999999998851));
#9366=CARTESIAN_POINT('',(178.000000000044,1.00000000000001,-83.4999999998851));
#9367=CARTESIAN_POINT('',(178.000000000044,0.999999999999996,-98.4999999998851));
#9368=CARTESIAN_POINT('',(178.000000000044,0.999999999999996,-83.4999999998851));
#9369=CARTESIAN_POINT('',(177.000000000044,1.00000000000001,-83.4999999998851));
#9370=CARTESIAN_POINT('',(177.220000000044,1.00000000000001,-83.4999999998851));
#9371=CARTESIAN_POINT('',(177.000000000044,0.999999999999988,-98.4999999998851));
#9372=CARTESIAN_POINT('',(177.000000000044,0.999999999999988,-83.4999999998851));
#9373=CARTESIAN_POINT('',(178.000000000044,0.999999999999996,-98.4999999998851));
#9374=CARTESIAN_POINT('Origin',(178.000000000044,85.0000000000001,-98.4999999998851));
#9375=CARTESIAN_POINT('',(178.000000000044,0.999999999999996,-98.4999999998851));
#9376=CARTESIAN_POINT('',(177.000000000044,0.999999999999988,-98.4999999998851));
#9377=CARTESIAN_POINT('Origin',(178.000000000044,43.,-90.9999999998851));
#9378=CARTESIAN_POINT('',(178.000000000044,85.,83.5000000001149));
#9379=CARTESIAN_POINT('',(178.000000000044,85.0000000000001,41.7500000001149));
#9380=CARTESIAN_POINT('',(178.000000000044,85.,98.5000000001149));
#9381=CARTESIAN_POINT('',(178.000000000044,85.,83.5000000001149));
#9382=CARTESIAN_POINT('',(178.000000000044,1.00000000000005,98.5000000001149));
#9383=CARTESIAN_POINT('',(178.000000000044,85.,98.5000000001149));
#9384=CARTESIAN_POINT('',(178.000000000044,1.00000000000005,83.5000000001149));
#9385=CARTESIAN_POINT('',(178.000000000044,1.00000000000005,83.5000000001149));
#9386=CARTESIAN_POINT('',(178.000000000044,1.00000000000001,1.14890491694025E-10));
#9387=CARTESIAN_POINT('Origin',(177.000000000044,43.,-90.9999999998851));
#9388=CARTESIAN_POINT('',(177.000000000044,1.00000000000005,83.5000000001149));
#9389=CARTESIAN_POINT('',(177.000000000045,1.00000000000001,1.14890826232555E-10));
#9390=CARTESIAN_POINT('',(177.000000000044,1.00000000000005,98.5000000001149));
#9391=CARTESIAN_POINT('',(177.000000000044,1.00000000000005,83.5000000001149));
#9392=CARTESIAN_POINT('',(177.000000000044,85.,98.5000000001149));
#9393=CARTESIAN_POINT('',(177.000000000044,85.,98.5000000001149));
#9394=CARTESIAN_POINT('',(177.000000000044,85.,83.5000000001149));
#9395=CARTESIAN_POINT('',(177.000000000044,85.,83.5000000001149));
#9396=CARTESIAN_POINT('',(177.000000000043,85.,41.7500000001149));
#9397=CARTESIAN_POINT('Origin',(178.000000000044,1.00000000000005,83.5000000001149));
#9398=CARTESIAN_POINT('',(178.000000000044,1.00000000000005,98.5000000001149));
#9399=CARTESIAN_POINT('',(177.220000000044,1.00000000000005,83.5000000001149));
#9400=CARTESIAN_POINT('Origin',(178.000000000044,85.,98.5000000001149));
#9401=CARTESIAN_POINT('',(177.000000000044,85.,83.5000000001149));
#9402=CARTESIAN_POINT('',(178.000000000044,85.,98.5000000001149));
#9403=CARTESIAN_POINT('Origin',(178.000000000044,1.00000000000005,98.5000000001149));
#9404=CARTESIAN_POINT('Origin',(176.000000000044,85.,1.1489445403063E-10));
#9405=CARTESIAN_POINT('',(176.000000000044,87.0000000000001,83.5000000001149));
#9406=CARTESIAN_POINT('',(176.000000000044,87.0000000000001,-83.4999999998851));
#9407=CARTESIAN_POINT('',(176.000000000044,87.0000000000001,1.14885066891702E-10));
#9408=CARTESIAN_POINT('Origin',(176.000000000044,85.,83.5000000001149));
#9409=CARTESIAN_POINT('Origin',(176.000000000044,85.,-83.4999999998851));
#9410=CARTESIAN_POINT('Origin',(178.261946710628,86.,-83.4999999998851));
#9411=CARTESIAN_POINT('',(176.000000000044,86.0000000000001,-83.4999999998851));
#9412=CARTESIAN_POINT('',(176.000000000044,86.22,-83.4999999998851));
#9413=CARTESIAN_POINT('',(163.000000000043,86.0000000000001,-83.4999999998851));
#9414=CARTESIAN_POINT('',(180.523893421213,86.,-83.4999999998851));
#9415=CARTESIAN_POINT('',(163.000000000043,87.0000000000001,-83.4999999998851));
#9416=CARTESIAN_POINT('',(163.000000000043,86.0000000000001,-83.4999999998851));
#9417=CARTESIAN_POINT('',(180.523893421213,87.,-83.4999999998851));
#9418=CARTESIAN_POINT('Origin',(170.630973355336,86.,1.14882709476885E-10));
#9419=CARTESIAN_POINT('',(176.000000000044,86.,83.5000000001149));
#9420=CARTESIAN_POINT('',(176.000000000044,86.,1.14889235817562E-10));
#9421=CARTESIAN_POINT('',(163.000000000043,86.,83.5000000001149));
#9422=CARTESIAN_POINT('',(180.523893421213,85.9999999999999,83.5000000001149));
#9423=CARTESIAN_POINT('',(163.000000000043,86.,83.5000000001149));
#9424=CARTESIAN_POINT('Origin',(176.000000000044,86.,83.5000000001149));
#9425=CARTESIAN_POINT('',(176.000000000044,86.2200000000001,83.5000000001149));
#9426=CARTESIAN_POINT('Origin',(176.000000000044,85.,83.5000000001149));
#9427=CARTESIAN_POINT('Origin',(176.000000000044,87.0000000000001,-83.4999999998851));
#9428=CARTESIAN_POINT('Origin',(176.000000000044,85.,-83.4999999998851));
#9429=CARTESIAN_POINT('Origin',(163.000000000043,86.,83.5000000001149));
#9430=CARTESIAN_POINT('',(163.000000000043,87.,83.5000000001149));
#9431=CARTESIAN_POINT('',(176.000000000044,87.0000000000001,83.5000000001149));
#9432=CARTESIAN_POINT('',(163.000000000043,86.,83.5000000001149));
#9433=CARTESIAN_POINT('Origin',(163.000000000043,86.0000000000001,-83.4999999998851));
#9434=CARTESIAN_POINT('',(163.000000000043,87.,83.5000000001149));
#9435=CARTESIAN_POINT('Origin',(176.000000000044,85.,1.1489445403063E-10));
#9436=CARTESIAN_POINT('Origin',(170.630973355336,87.0000000000001,1.14874231218516E-10));
#9437=CARTESIAN_POINT('Origin',(176.000000000044,1.,1.14894760372408E-10));
#9438=CARTESIAN_POINT('',(176.000000000044,-1.,83.5000000001149));
#9439=CARTESIAN_POINT('Origin',(176.000000000044,1.,83.5000000001149));
#9440=CARTESIAN_POINT('',(176.000000000044,-1.,-83.4999999998851));
#9441=CARTESIAN_POINT('',(176.000000000044,-1.,41.7500000001149));
#9442=CARTESIAN_POINT('Origin',(176.000000000044,1.,-83.4999999998851));
#9443=CARTESIAN_POINT('Origin',(177.000000000044,1.00000000000002,83.5000000001149));
#9444=CARTESIAN_POINT('',(176.000000000044,0.,83.5000000001149));
#9445=CARTESIAN_POINT('Origin',(176.000000000044,1.,83.5000000001149));
#9446=CARTESIAN_POINT('',(176.000000000044,0.,83.5000000001149));
#9447=CARTESIAN_POINT('Origin',(178.000000000044,0.999999999999989,-83.4999999998851));
#9448=CARTESIAN_POINT('',(176.000000000044,0.,-83.4999999998851));
#9449=CARTESIAN_POINT('',(176.000000000044,0.,-83.4999999998851));
#9450=CARTESIAN_POINT('Origin',(176.000000000044,1.,-83.4999999998851));
#9451=CARTESIAN_POINT('Origin',(176.000000000044,1.,1.14894760372408E-10));
#9452=CARTESIAN_POINT('',(176.000000000044,0.,41.7500000001149));
#9453=CARTESIAN_POINT('Origin',(163.000000000044,0.,-83.4999999998851));
#9454=CARTESIAN_POINT('',(163.000000000044,-1.,-83.4999999998851));
#9455=CARTESIAN_POINT('',(163.000000000044,-1.,-83.4999999998851));
#9456=CARTESIAN_POINT('',(163.000000000044,0.,-83.4999999998851));
#9457=CARTESIAN_POINT('',(163.000000000044,0.,-83.4999999998851));
#9458=CARTESIAN_POINT('',(163.000000000044,0.,-83.4999999998851));
#9459=CARTESIAN_POINT('Origin',(170.500000000044,-1.,1.14876996804014E-10));
#9460=CARTESIAN_POINT('',(163.000000000044,-1.,83.5000000001149));
#9461=CARTESIAN_POINT('',(178.000000000044,-1.,83.5000000001149));
#9462=CARTESIAN_POINT('',(163.000000000044,-1.,83.5000000001149));
#9463=CARTESIAN_POINT('',(168.500000000045,-1.,1.14983578214378E-10));
#9464=CARTESIAN_POINT('Origin',(170.500000000044,-1.,1.14988099033456E-10));
#9465=CARTESIAN_POINT('',(168.500000000105,-1.,-64.999999999885));
#9466=CARTESIAN_POINT('Origin',(170.500000000105,-1.,-64.999999999885));
#9467=CARTESIAN_POINT('',(168.500000000002,-1.,65.000000000115));
#9468=CARTESIAN_POINT('Origin',(170.500000000002,-1.,65.000000000115));
#9469=CARTESIAN_POINT('Origin',(170.500000000044,0.,1.14988099033456E-10));
#9470=CARTESIAN_POINT('',(168.500000000045,0.,1.14987854104096E-10));
#9471=CARTESIAN_POINT('',(168.500000000045,0.,1.14987854104096E-10));
#9472=CARTESIAN_POINT('Origin',(170.500000000044,0.,1.14988099033456E-10));
#9473=CARTESIAN_POINT('Origin',(170.500000000105,0.,-64.999999999885));
#9474=CARTESIAN_POINT('',(168.500000000105,0.,-64.999999999885));
#9475=CARTESIAN_POINT('',(168.500000000105,0.,-64.999999999885));
#9476=CARTESIAN_POINT('Origin',(170.500000000105,0.,-64.999999999885));
#9477=CARTESIAN_POINT('Origin',(170.500000000002,0.,65.000000000115));
#9478=CARTESIAN_POINT('',(168.500000000002,0.,65.000000000115));
#9479=CARTESIAN_POINT('',(168.500000000002,0.,65.000000000115));
#9480=CARTESIAN_POINT('Origin',(170.500000000002,0.,65.000000000115));
#9481=CARTESIAN_POINT('Origin',(163.000000000044,0.,83.5000000001149));
#9482=CARTESIAN_POINT('',(163.000000000044,0.,83.5000000001149));
#9483=CARTESIAN_POINT('',(163.000000000044,0.,83.5000000001149));
#9484=CARTESIAN_POINT('',(163.000000000044,0.,83.5000000001149));
#9485=CARTESIAN_POINT('Origin',(178.000000000044,0.,83.5000000001149));
#9486=CARTESIAN_POINT('',(178.000000000044,0.,83.5000000001149));
#9487=CARTESIAN_POINT('Origin',(170.500000000044,0.,1.14876996804014E-10));
#9488=CARTESIAN_POINT('',(0.,0.,0.));
#9489=CARTESIAN_POINT('Origin',(-133.999999999955,35.2999999999994,-104.500000000021));
#9490=CARTESIAN_POINT('',(-148.999999999955,35.2999999999994,-103.500000000021));
#9491=CARTESIAN_POINT('',(-118.999999999955,35.2999999999993,-103.500000000021));
#9492=CARTESIAN_POINT('Origin',(-133.999999999955,35.2999999999994,-103.500000000021));
#9493=CARTESIAN_POINT('',(-148.999999999955,35.2999999999994,-104.500000000021));
#9494=CARTESIAN_POINT('',(-148.999999999955,35.2999999999994,-104.500000000021));
#9495=CARTESIAN_POINT('',(-118.999999999955,35.2999999999993,-104.500000000021));
#9496=CARTESIAN_POINT('Origin',(-133.999999999955,35.2999999999994,-104.500000000021));
#9497=CARTESIAN_POINT('',(-118.999999999955,35.2999999999993,-104.500000000021));
#9498=CARTESIAN_POINT('Origin',(-118.999999999955,20.2999999999993,-104.500000000021));
#9499=CARTESIAN_POINT('',(-118.999999999955,20.2999999999993,-103.500000000021));
#9500=CARTESIAN_POINT('',(-118.999999999955,31.6499999999996,-103.500000000021));
#9501=CARTESIAN_POINT('',(-118.999999999955,20.2999999999993,-104.500000000021));
#9502=CARTESIAN_POINT('',(-118.999999999955,31.6499999999996,-104.500000000021));
#9503=CARTESIAN_POINT('',(-118.999999999955,20.2999999999993,-104.500000000021));
#9504=CARTESIAN_POINT('Origin',(-133.999999999955,20.2999999999994,-104.500000000021));
#9505=CARTESIAN_POINT('',(-148.999999999955,20.2999999999994,-103.500000000021));
#9506=CARTESIAN_POINT('Origin',(-133.999999999955,20.2999999999994,-103.500000000021));
#9507=CARTESIAN_POINT('',(-148.999999999955,20.2999999999994,-104.500000000021));
#9508=CARTESIAN_POINT('Origin',(-133.999999999955,20.2999999999994,-104.500000000021));
#9509=CARTESIAN_POINT('',(-148.999999999955,20.2999999999994,-104.500000000021));
#9510=CARTESIAN_POINT('Origin',(-148.999999999955,35.2999999999994,-104.500000000021));
#9511=CARTESIAN_POINT('',(-148.999999999955,39.1499999999997,-103.500000000021));
#9512=CARTESIAN_POINT('',(-148.999999999955,39.1499999999997,-104.500000000021));
#9513=CARTESIAN_POINT('Origin',(134.000000000045,27.7999999999986,-104.500000000021));
#9514=CARTESIAN_POINT('',(149.000000000045,27.7999999999986,-104.500000000021));
#9515=CARTESIAN_POINT('Origin',(134.000000000045,27.7999999999986,-104.500000000021));
#9516=CARTESIAN_POINT('',(149.000000000045,27.7999999999986,-103.500000000021));
#9517=CARTESIAN_POINT('',(149.000000000045,27.7999999999986,-104.500000000021));
#9518=CARTESIAN_POINT('Origin',(134.000000000045,27.7999999999986,-103.500000000021));
#9519=CARTESIAN_POINT('Origin',(164.500000000047,20.5,-104.500000000021));
#9520=CARTESIAN_POINT('',(166.500000000047,20.5,-104.500000000021));
#9521=CARTESIAN_POINT('Origin',(164.500000000047,20.5,-104.500000000021));
#9522=CARTESIAN_POINT('',(166.500000000047,20.5,-103.500000000021));
#9523=CARTESIAN_POINT('',(166.500000000047,20.5,-104.500000000021));
#9524=CARTESIAN_POINT('Origin',(164.500000000047,20.5,-103.500000000021));
#9525=CARTESIAN_POINT('Origin',(-164.499999999953,65.4999999999997,-104.500000000021));
#9526=CARTESIAN_POINT('',(-162.499999999953,65.4999999999997,-104.500000000021));
#9527=CARTESIAN_POINT('Origin',(-164.499999999953,65.4999999999997,-104.500000000021));
#9528=CARTESIAN_POINT('',(-162.499999999953,65.4999999999997,-103.500000000021));
#9529=CARTESIAN_POINT('',(-162.499999999953,65.4999999999997,-104.500000000021));
#9530=CARTESIAN_POINT('Origin',(-164.499999999953,65.4999999999997,-103.500000000021));
#9531=CARTESIAN_POINT('Origin',(164.500000000047,65.5,-104.500000000021));
#9532=CARTESIAN_POINT('',(166.500000000047,65.5,-104.500000000021));
#9533=CARTESIAN_POINT('Origin',(164.500000000047,65.5,-104.500000000021));
#9534=CARTESIAN_POINT('',(166.500000000047,65.5,-103.500000000021));
#9535=CARTESIAN_POINT('',(166.500000000047,65.5,-104.500000000021));
#9536=CARTESIAN_POINT('Origin',(164.500000000047,65.5,-103.500000000021));
#9537=CARTESIAN_POINT('Origin',(-164.499999999953,20.4999999999997,-104.500000000021));
#9538=CARTESIAN_POINT('',(-162.499999999953,20.4999999999997,-104.500000000021));
#9539=CARTESIAN_POINT('Origin',(-164.499999999953,20.4999999999997,-104.500000000021));
#9540=CARTESIAN_POINT('',(-162.499999999953,20.4999999999997,-103.500000000021));
#9541=CARTESIAN_POINT('',(-162.499999999953,20.4999999999997,-104.500000000021));
#9542=CARTESIAN_POINT('Origin',(-164.499999999953,20.4999999999997,-103.500000000021));
#9543=CARTESIAN_POINT('Origin',(-156.999999999953,85.,-104.500000000021));
#9544=CARTESIAN_POINT('',(-156.999999999953,85.,-104.500000000021));
#9545=CARTESIAN_POINT('',(-171.999999999953,85.,-104.500000000021));
#9546=CARTESIAN_POINT('',(-156.999999999953,85.,-104.500000000021));
#9547=CARTESIAN_POINT('',(-171.999999999953,85.,-103.500000000021));
#9548=CARTESIAN_POINT('',(-171.999999999953,85.,-104.500000000021));
#9549=CARTESIAN_POINT('',(-156.999999999953,85.,-103.500000000021));
#9550=CARTESIAN_POINT('',(-156.999999999953,85.,-103.500000000021));
#9551=CARTESIAN_POINT('',(-156.999999999953,85.,-103.500000000021));
#9552=CARTESIAN_POINT('Origin',(-171.999999999953,0.999999999999996,-104.500000000021));
#9553=CARTESIAN_POINT('',(-156.999999999953,0.999999999999996,-104.500000000021));
#9554=CARTESIAN_POINT('',(-171.999999999953,0.999999999999996,-104.500000000021));
#9555=CARTESIAN_POINT('',(-156.999999999953,0.999999999999996,-104.500000000021));
#9556=CARTESIAN_POINT('',(-156.999999999953,0.999999999999996,-103.500000000021));
#9557=CARTESIAN_POINT('',(-156.999999999953,0.999999999999996,-103.720000000021));
#9558=CARTESIAN_POINT('',(-171.999999999953,1.,-103.500000000021));
#9559=CARTESIAN_POINT('',(-156.999999999953,1.,-103.500000000021));
#9560=CARTESIAN_POINT('',(-171.999999999953,0.999999999999996,-104.500000000021));
#9561=CARTESIAN_POINT('Origin',(-171.999999999953,85.,-104.500000000021));
#9562=CARTESIAN_POINT('',(-171.999999999953,0.999999999999996,-104.500000000021));
#9563=CARTESIAN_POINT('',(-171.999999999953,1.,-103.500000000021));
#9564=CARTESIAN_POINT('Origin',(-164.499999999953,43.,-104.500000000021));
#9565=CARTESIAN_POINT('',(157.000000000047,85.,-104.500000000021));
#9566=CARTESIAN_POINT('',(78.5000000000466,85.,-104.500000000021));
#9567=CARTESIAN_POINT('',(172.000000000047,85.,-104.500000000021));
#9568=CARTESIAN_POINT('',(157.000000000047,85.,-104.500000000021));
#9569=CARTESIAN_POINT('',(172.000000000047,0.999999999999996,-104.500000000021));
#9570=CARTESIAN_POINT('',(172.000000000047,85.,-104.500000000021));
#9571=CARTESIAN_POINT('',(157.000000000047,0.999999999999996,-104.500000000021));
#9572=CARTESIAN_POINT('',(157.000000000047,0.999999999999996,-104.500000000021));
#9573=CARTESIAN_POINT('',(4.66027216816656E-11,0.999999999999996,-104.500000000021));
#9574=CARTESIAN_POINT('Origin',(-164.499999999953,43.,-103.500000000021));
#9575=CARTESIAN_POINT('',(157.000000000046,0.999999999999996,-103.500000000021));
#9576=CARTESIAN_POINT('',(4.66006663748162E-11,0.999999999999996,-103.500000000021));
#9577=CARTESIAN_POINT('',(172.000000000047,0.999999999999996,-103.500000000021));
#9578=CARTESIAN_POINT('',(157.000000000047,0.999999999999996,-103.500000000021));
#9579=CARTESIAN_POINT('',(172.000000000047,85.,-103.500000000021));
#9580=CARTESIAN_POINT('',(172.000000000047,85.,-103.500000000021));
#9581=CARTESIAN_POINT('',(157.000000000047,85.,-103.500000000021));
#9582=CARTESIAN_POINT('',(157.000000000047,85.,-103.500000000021));
#9583=CARTESIAN_POINT('',(78.5000000000466,85.,-103.500000000021));
#9584=CARTESIAN_POINT('Origin',(157.000000000047,0.999999999999996,-104.500000000021));
#9585=CARTESIAN_POINT('',(172.000000000047,0.999999999999996,-104.500000000021));
#9586=CARTESIAN_POINT('',(157.000000000047,0.999999999999996,-103.720000000021));
#9587=CARTESIAN_POINT('Origin',(172.000000000047,85.,-104.500000000021));
#9588=CARTESIAN_POINT('',(157.000000000047,85.,-103.500000000021));
#9589=CARTESIAN_POINT('',(172.000000000047,85.,-104.500000000021));
#9590=CARTESIAN_POINT('Origin',(172.000000000047,0.999999999999996,-104.500000000021));
#9591=CARTESIAN_POINT('Origin',(4.66116034658626E-11,85.,-102.500000000021));
#9592=CARTESIAN_POINT('',(157.000000000047,87.,-102.500000000021));
#9593=CARTESIAN_POINT('',(-156.999999999953,87.,-102.500000000021));
#9594=CARTESIAN_POINT('',(4.66027216816656E-11,87.0000000000001,-102.500000000021));
#9595=CARTESIAN_POINT('Origin',(157.000000000047,85.,-102.500000000021));
#9596=CARTESIAN_POINT('Origin',(-156.999999999953,85.,-102.500000000021));
#9597=CARTESIAN_POINT('Origin',(-156.999999999953,86.,-104.761946710606));
#9598=CARTESIAN_POINT('',(-156.999999999953,86.,-102.500000000021));
#9599=CARTESIAN_POINT('',(-156.999999999953,86.22,-102.500000000021));
#9600=CARTESIAN_POINT('',(-156.999999999953,86.0000000000001,-89.5000000000213));
#9601=CARTESIAN_POINT('',(-156.999999999953,86.,-107.023893421191));
#9602=CARTESIAN_POINT('',(-156.999999999953,87.0000000000001,-89.5000000000213));
#9603=CARTESIAN_POINT('',(-156.999999999953,86.0000000000001,-89.5000000000213));
#9604=CARTESIAN_POINT('',(-156.999999999953,87.,-107.023893421191));
#9605=CARTESIAN_POINT('Origin',(4.65930799506603E-11,86.,-97.1309733553136));
#9606=CARTESIAN_POINT('',(157.000000000046,86.,-102.500000000021));
#9607=CARTESIAN_POINT('',(4.66023417082614E-11,86.,-102.500000000021));
#9608=CARTESIAN_POINT('',(157.000000000047,86.0000000000001,-89.5000000000213));
#9609=CARTESIAN_POINT('',(157.000000000046,86.,-107.023893421191));
#9610=CARTESIAN_POINT('',(157.000000000047,86.0000000000001,-89.5000000000213));
#9611=CARTESIAN_POINT('Origin',(157.000000000047,86.,-102.500000000021));
#9612=CARTESIAN_POINT('',(157.000000000047,86.22,-102.500000000021));
#9613=CARTESIAN_POINT('Origin',(157.000000000046,85.,-102.500000000021));
#9614=CARTESIAN_POINT('Origin',(-156.999999999953,87.,-102.500000000021));
#9615=CARTESIAN_POINT('Origin',(-156.999999999953,85.,-102.500000000021));
#9616=CARTESIAN_POINT('Origin',(157.000000000047,86.0000000000001,-89.5000000000213));
#9617=CARTESIAN_POINT('',(157.000000000047,87.0000000000001,-89.5000000000213));
#9618=CARTESIAN_POINT('',(157.000000000047,87.,-102.500000000021));
#9619=CARTESIAN_POINT('',(157.000000000047,86.0000000000001,-89.5000000000213));
#9620=CARTESIAN_POINT('Origin',(-156.999999999953,86.0000000000001,-89.5000000000213));
#9621=CARTESIAN_POINT('',(157.000000000047,87.0000000000001,-89.5000000000213));
#9622=CARTESIAN_POINT('Origin',(4.66116034658626E-11,85.,-102.500000000021));
#9623=CARTESIAN_POINT('Origin',(4.65938398974686E-11,87.0000000000001,-97.1309733553136));
#9624=CARTESIAN_POINT('Origin',(4.66116034658626E-11,1.,-102.500000000021));
#9625=CARTESIAN_POINT('',(157.000000000047,-1.,-102.500000000021));
#9626=CARTESIAN_POINT('Origin',(157.000000000047,1.,-102.500000000021));
#9627=CARTESIAN_POINT('',(-156.999999999953,-1.,-102.500000000021));
#9628=CARTESIAN_POINT('',(78.5000000000466,-1.,-102.500000000021));
#9629=CARTESIAN_POINT('Origin',(-156.999999999953,1.,-102.500000000021));
#9630=CARTESIAN_POINT('Origin',(157.000000000047,0.999999999999994,-103.500000000021));
#9631=CARTESIAN_POINT('',(157.000000000047,0.,-102.500000000021));
#9632=CARTESIAN_POINT('Origin',(157.000000000046,1.,-102.500000000021));
#9633=CARTESIAN_POINT('',(157.000000000047,0.,-102.500000000021));
#9634=CARTESIAN_POINT('Origin',(-156.999999999953,0.999999999999989,-104.500000000021));
#9635=CARTESIAN_POINT('',(-156.999999999953,0.,-102.500000000021));
#9636=CARTESIAN_POINT('',(-156.999999999953,0.,-102.500000000021));
#9637=CARTESIAN_POINT('Origin',(-156.999999999953,1.,-102.500000000021));
#9638=CARTESIAN_POINT('Origin',(4.66116034658626E-11,1.,-102.500000000021));
#9639=CARTESIAN_POINT('',(78.5000000000466,0.,-102.500000000021));
#9640=CARTESIAN_POINT('Origin',(-156.999999999953,0.,-89.5000000000208));
#9641=CARTESIAN_POINT('',(-156.999999999953,-1.,-89.5000000000208));
#9642=CARTESIAN_POINT('',(-156.999999999953,-1.,-104.500000000021));
#9643=CARTESIAN_POINT('',(-156.999999999953,0.,-89.5000000000208));
#9644=CARTESIAN_POINT('',(-156.999999999953,0.,-89.5000000000208));
#9645=CARTESIAN_POINT('',(-156.999999999953,0.,-104.500000000021));
#9646=CARTESIAN_POINT('Origin',(4.65760763290746E-11,-1.,-97.0000000000208));
#9647=CARTESIAN_POINT('',(157.000000000047,-1.,-89.5000000000208));
#9648=CARTESIAN_POINT('',(157.000000000047,-1.,-89.5000000000208));
#9649=CARTESIAN_POINT('',(-156.999999999953,-1.,-89.5000000000208));
#9650=CARTESIAN_POINT('',(-101.999999999955,-1.,-97.0000000000209));
#9651=CARTESIAN_POINT('Origin',(-99.9999999999551,-1.,-97.0000000000209));
#9652=CARTESIAN_POINT('',(-1.99999999995343,-1.,-97.0000000000208));
#9653=CARTESIAN_POINT('Origin',(4.65680283722402E-11,-1.,-97.0000000000208));
#9654=CARTESIAN_POINT('',(98.0000000000448,-1.,-96.9999999999413));
#9655=CARTESIAN_POINT('Origin',(100.000000000045,-1.,-96.9999999999413));
#9656=CARTESIAN_POINT('Origin',(-99.9999999999551,0.,-97.0000000000209));
#9657=CARTESIAN_POINT('',(-101.999999999955,0.,-97.0000000000209));
#9658=CARTESIAN_POINT('',(-101.999999999955,0.,-97.0000000000209));
#9659=CARTESIAN_POINT('Origin',(-99.9999999999551,0.,-97.0000000000209));
#9660=CARTESIAN_POINT('Origin',(4.65680283722402E-11,0.,-97.0000000000208));
#9661=CARTESIAN_POINT('',(-1.99999999995343,0.,-97.0000000000208));
#9662=CARTESIAN_POINT('',(-1.99999999995343,0.,-97.0000000000208));
#9663=CARTESIAN_POINT('Origin',(4.65680283722402E-11,0.,-97.0000000000208));
#9664=CARTESIAN_POINT('Origin',(100.000000000045,0.,-96.9999999999413));
#9665=CARTESIAN_POINT('',(98.0000000000448,0.,-96.9999999999413));
#9666=CARTESIAN_POINT('',(98.0000000000448,0.,-96.9999999999413));
#9667=CARTESIAN_POINT('Origin',(100.000000000045,0.,-96.9999999999413));
#9668=CARTESIAN_POINT('Origin',(157.000000000047,0.,-104.500000000021));
#9669=CARTESIAN_POINT('',(157.000000000047,0.,-89.5000000000208));
#9670=CARTESIAN_POINT('',(157.000000000047,0.,-89.5000000000208));
#9671=CARTESIAN_POINT('',(157.000000000047,0.,-89.5000000000208));
#9672=CARTESIAN_POINT('Origin',(157.000000000047,0.,-89.5000000000208));
#9673=CARTESIAN_POINT('',(-156.999999999953,0.,-89.5000000000208));
#9674=CARTESIAN_POINT('Origin',(4.65760763290746E-11,0.,-97.0000000000208));
#9675=CARTESIAN_POINT('',(0.,0.,0.));
#9676=CARTESIAN_POINT('Origin',(-165.500000000035,86.9999999999992,-92.0000000000205));
#9677=CARTESIAN_POINT('',(-163.500000000035,86.9999999999992,-92.0000000000205));
#9678=CARTESIAN_POINT('Origin',(-165.500000000035,87.,-92.0000000000205));
#9679=CARTESIAN_POINT('',(-163.500000000035,85.0000000000001,-92.0000000000205));
#9680=CARTESIAN_POINT('',(-163.500000000035,86.9999999999992,-92.0000000000205));
#9681=CARTESIAN_POINT('Origin',(-165.500000000035,85.0000000000001,-92.0000000000205));
#9682=CARTESIAN_POINT('Origin',(-165.500000000035,86.9999999999992,-92.0000000000205));
#9683=CARTESIAN_POINT('',(-163.500000000035,3.99999999999985,-92.0000000000209));
#9684=CARTESIAN_POINT('Origin',(-165.500000000035,3.99999999999986,-92.0000000000209));
#9685=CARTESIAN_POINT('',(-163.500000000035,1.99999999999989,-92.0000000000209));
#9686=CARTESIAN_POINT('',(-163.500000000035,86.9999999999992,-92.0000000000205));
#9687=CARTESIAN_POINT('Origin',(-165.500000000035,1.9999999999999,-92.0000000000209));
#9688=CARTESIAN_POINT('Origin',(-174.999999999971,65.5,-91.0000000000207));
#9689=CARTESIAN_POINT('',(-174.999999999971,65.5,-89.0000000000207));
#9690=CARTESIAN_POINT('Origin',(-174.999999999971,65.5,-91.0000000000207));
#9691=CARTESIAN_POINT('',(-176.999999999971,65.5,-89.0000000000206));
#9692=CARTESIAN_POINT('',(-174.999999999971,65.5,-89.0000000000207));
#9693=CARTESIAN_POINT('Origin',(-176.999999999971,65.5,-91.0000000000206));
#9694=CARTESIAN_POINT('Origin',(-174.999999999971,20.5,-91.0000000000207));
#9695=CARTESIAN_POINT('',(-174.999999999971,20.5,-89.0000000000207));
#9696=CARTESIAN_POINT('Origin',(-174.999999999971,20.5,-91.0000000000207));
#9697=CARTESIAN_POINT('',(-176.999999999971,20.5,-89.0000000000206));
#9698=CARTESIAN_POINT('',(-174.999999999971,20.5,-89.0000000000207));
#9699=CARTESIAN_POINT('Origin',(-176.999999999971,20.5,-91.0000000000206));
#9700=CARTESIAN_POINT('Origin',(-171.999999999972,6.99999999999988,-92.250000000021));
#9701=CARTESIAN_POINT('',(-171.999999999972,1.99999999999999,-86.0000000000211));
#9702=CARTESIAN_POINT('',(-171.999999999972,1.99999999999978,-98.5000000000209));
#9703=CARTESIAN_POINT('',(-171.999999999972,1.99999999999996,-92.250000000021));
#9704=CARTESIAN_POINT('',(-176.999999999971,6.99999999999988,-86.0000000000211));
#9705=CARTESIAN_POINT('Origin',(-171.999999999972,6.99999999999988,-86.0000000000211));
#9706=CARTESIAN_POINT('',(-176.999999999971,6.99999999999988,-98.5000000000208));
#9707=CARTESIAN_POINT('',(-176.999999999971,6.99999999999989,-90.6486724370122));
#9708=CARTESIAN_POINT('Origin',(-171.999999999972,6.99999999999988,-98.5000000000209));
#9709=CARTESIAN_POINT('Origin',(-178.094689747936,3.99999999999991,-98.5000000000208));
#9710=CARTESIAN_POINT('',(-171.999999999972,3.99999999999981,-98.5000000000209));
#9711=CARTESIAN_POINT('',(-171.999999999972,3.55999999999984,-98.5000000000209));
#9712=CARTESIAN_POINT('',(-159.499999999972,3.99999999999967,-98.500000000021));
#9713=CARTESIAN_POINT('',(-184.1893794959,4.00000000000002,-98.5000000000208));
#9714=CARTESIAN_POINT('',(-159.499999999972,1.99999999999967,-98.500000000021));
#9715=CARTESIAN_POINT('',(-159.499999999972,3.99999999999967,-98.500000000021));
#9716=CARTESIAN_POINT('',(-184.1893794959,1.99999999999999,-98.5000000000208));
#9717=CARTESIAN_POINT('Origin',(-168.797344873954,3.99999999999988,-92.2500000000211));
#9718=CARTESIAN_POINT('',(-171.999999999972,4.00000000000002,-86.0000000000211));
#9719=CARTESIAN_POINT('',(-171.999999999972,3.99999999999991,-92.250000000021));
#9720=CARTESIAN_POINT('',(-159.499999999972,3.99999999999984,-86.0000000000213));
#9721=CARTESIAN_POINT('',(-184.1893794959,4.00000000000023,-86.0000000000211));
#9722=CARTESIAN_POINT('',(-159.499999999972,3.99999999999984,-86.0000000000213));
#9723=CARTESIAN_POINT('Origin',(-171.999999999972,4.00000000000001,-86.0000000000211));
#9724=CARTESIAN_POINT('',(-171.999999999972,3.56000000000002,-86.0000000000211));
#9725=CARTESIAN_POINT('',(-174.999999999971,6.99999999999987,-86.0000000000211));
#9726=CARTESIAN_POINT('Origin',(-171.999999999972,6.99999999999988,-86.0000000000211));
#9727=CARTESIAN_POINT('',(-174.999999999971,6.99999999999987,-86.0000000000211));
#9728=CARTESIAN_POINT('Origin',(-171.999999999972,1.99999999999977,-98.5000000000209));
#9729=CARTESIAN_POINT('',(-174.999999999971,6.99999999999987,-98.5000000000209));
#9730=CARTESIAN_POINT('',(-173.499999999972,6.99999999999986,-98.5000000000209));
#9731=CARTESIAN_POINT('Origin',(-171.999999999972,6.99999999999988,-98.5000000000209));
#9732=CARTESIAN_POINT('Origin',(-159.499999999972,3.99999999999984,-86.0000000000213));
#9733=CARTESIAN_POINT('',(-159.499999999972,1.99999999999985,-86.0000000000213));
#9734=CARTESIAN_POINT('',(-171.999999999972,1.99999999999999,-86.0000000000211));
#9735=CARTESIAN_POINT('',(-159.499999999972,3.99999999999984,-86.0000000000213));
#9736=CARTESIAN_POINT('Origin',(-159.499999999972,3.99999999999967,-98.500000000021));
#9737=CARTESIAN_POINT('',(-159.499999999972,1.99999999999982,-86.0000000000213));
#9738=CARTESIAN_POINT('Origin',(-171.999999999972,6.99999999999988,-92.250000000021));
#9739=CARTESIAN_POINT('',(-174.999999999971,6.99999999999987,-90.6486724370122));
#9740=CARTESIAN_POINT('Origin',(-168.797344873954,1.99999999999992,-92.250000000021));
#9741=CARTESIAN_POINT('Origin',(-171.999999999971,82.0000000000001,-92.2500000000213));
#9742=CARTESIAN_POINT('',(-171.999999999971,87.,-98.5000000000213));
#9743=CARTESIAN_POINT('',(-171.999999999971,87.0000000000002,-86.0000000000212));
#9744=CARTESIAN_POINT('',(-171.999999999971,87.,-92.2500000000213));
#9745=CARTESIAN_POINT('',(-176.999999999971,82.0000000000002,-98.5000000000213));
#9746=CARTESIAN_POINT('Origin',(-171.999999999971,82.0000000000001,-98.5000000000213));
#9747=CARTESIAN_POINT('',(-176.999999999971,82.0000000000002,-86.0000000000212));
#9748=CARTESIAN_POINT('',(-176.999999999971,82.0000000000002,-96.8986724370123));
#9749=CARTESIAN_POINT('Origin',(-171.999999999971,82.0000000000001,-86.0000000000212));
#9750=CARTESIAN_POINT('Origin',(-178.094689747935,85.0000000000001,-86.0000000000212));
#9751=CARTESIAN_POINT('',(-171.999999999971,85.0000000000001,-86.0000000000212));
#9752=CARTESIAN_POINT('',(-171.999999999971,85.4400000000001,-86.0000000000212));
#9753=CARTESIAN_POINT('',(-159.499999999971,85.0000000000001,-86.0000000000213));
#9754=CARTESIAN_POINT('',(-184.189379495899,85.0000000000001,-86.0000000000211));
#9755=CARTESIAN_POINT('',(-159.499999999971,87.0000000000001,-86.0000000000213));
#9756=CARTESIAN_POINT('',(-159.499999999971,85.0000000000001,-86.0000000000213));
#9757=CARTESIAN_POINT('',(-184.189379495899,87.0000000000002,-86.0000000000211));
#9758=CARTESIAN_POINT('Origin',(-168.797344873953,85.0000000000001,-92.2500000000213));
#9759=CARTESIAN_POINT('',(-171.999999999971,85.0000000000001,-98.5000000000213));
#9760=CARTESIAN_POINT('',(-171.999999999971,85.0000000000001,-92.2500000000213));
#9761=CARTESIAN_POINT('',(-159.499999999971,85.,-98.5000000000214));
#9762=CARTESIAN_POINT('',(-184.189379495899,85.0000000000001,-98.5000000000212));
#9763=CARTESIAN_POINT('',(-159.499999999971,85.,-98.5000000000214));
#9764=CARTESIAN_POINT('Origin',(-171.999999999971,85.0000000000001,-98.5000000000213));
#9765=CARTESIAN_POINT('',(-171.999999999971,85.4400000000001,-98.5000000000213));
#9766=CARTESIAN_POINT('',(-174.999999999971,82.0000000000002,-98.5000000000213));
#9767=CARTESIAN_POINT('Origin',(-171.999999999971,82.0000000000001,-98.5000000000213));
#9768=CARTESIAN_POINT('',(-173.499999999971,82.0000000000002,-98.5000000000213));
#9769=CARTESIAN_POINT('Origin',(-171.999999999971,87.0000000000002,-86.0000000000212));
#9770=CARTESIAN_POINT('',(-174.999999999971,82.0000000000002,-86.0000000000212));
#9771=CARTESIAN_POINT('',(-174.999999999971,82.0000000000002,-86.0000000000212));
#9772=CARTESIAN_POINT('Origin',(-171.999999999971,82.0000000000001,-86.0000000000212));
#9773=CARTESIAN_POINT('Origin',(-159.499999999971,85.,-98.5000000000214));
#9774=CARTESIAN_POINT('',(-159.499999999971,87.,-98.5000000000214));
#9775=CARTESIAN_POINT('',(-171.999999999971,87.,-98.5000000000213));
#9776=CARTESIAN_POINT('',(-159.499999999971,85.,-98.5000000000214));
#9777=CARTESIAN_POINT('Origin',(-159.499999999971,85.0000000000001,-86.0000000000213));
#9778=CARTESIAN_POINT('',(-159.499999999971,87.,-98.5000000000214));
#9779=CARTESIAN_POINT('Origin',(-171.999999999971,82.0000000000001,-92.2500000000213));
#9780=CARTESIAN_POINT('',(-174.999999999971,82.0000000000002,-96.8986724370123));
#9781=CARTESIAN_POINT('Origin',(-168.797344873953,87.,-92.2500000000213));
#9782=CARTESIAN_POINT('Origin',(-174.999999999971,6.99999999999987,-86.0000000000211));
#9783=CARTESIAN_POINT('',(-171.999999999971,6.99999999999981,-103.500000000021));
#9784=CARTESIAN_POINT('Origin',(-171.999999999971,6.99999999999984,-98.5000000000209));
#9785=CARTESIAN_POINT('',(-171.999999999971,6.99999999999982,-101.500000000021));
#9786=CARTESIAN_POINT('',(-171.999999999971,6.99999999999981,-103.500000000021));
#9787=CARTESIAN_POINT('Origin',(-171.999999999971,6.99999999999984,-98.5000000000209));
#9788=CARTESIAN_POINT('Origin',(-171.999999999971,6.99999999999981,-103.500000000021));
#9789=CARTESIAN_POINT('',(-171.999999999971,2.99999999999988,-103.500000000021));
#9790=CARTESIAN_POINT('',(-171.999999999971,63.,-103.500000000021));
#9791=CARTESIAN_POINT('',(-171.999999999971,2.9999999999999,-101.500000000021));
#9792=CARTESIAN_POINT('',(-171.999999999971,2.99999999999989,-102.500000000021));
#9793=CARTESIAN_POINT('',(-171.999999999971,63.,-101.500000000021));
#9794=CARTESIAN_POINT('Origin',(-171.999999999971,43.,-98.5000000000211));
#9795=CARTESIAN_POINT('',(-176.999999999971,43.,-98.500000000021));
#9796=CARTESIAN_POINT('',(-171.99999999997,82.0000000000002,-103.500000000021));
#9797=CARTESIAN_POINT('Origin',(-171.999999999971,82.0000000000002,-98.5000000000213));
#9798=CARTESIAN_POINT('',(-171.999999999971,63.,-103.500000000021));
#9799=CARTESIAN_POINT('Origin',(-171.99999999997,82.0000000000002,-101.500000000021));
#9800=CARTESIAN_POINT('',(-171.99999999997,82.0000000000002,-101.500000000021));
#9801=CARTESIAN_POINT('',(-171.99999999997,82.0000000000002,-103.500000000021));
#9802=CARTESIAN_POINT('',(-171.99999999997,83.0000000000001,-101.500000000021));
#9803=CARTESIAN_POINT('',(-171.999999999971,63.,-101.500000000021));
#9804=CARTESIAN_POINT('',(-171.99999999997,83.0000000000001,-103.500000000021));
#9805=CARTESIAN_POINT('',(-171.99999999997,83.0000000000001,-102.500000000021));
#9806=CARTESIAN_POINT('',(-171.999999999971,63.,-103.500000000021));
#9807=CARTESIAN_POINT('Origin',(-171.999999999971,43.,-98.5000000000211));
#9808=CARTESIAN_POINT('',(-171.999999999971,63.,-101.500000000021));
#9809=CARTESIAN_POINT('Origin',(-171.999999999971,82.0000000000002,-98.5000000000213));
#9810=CARTESIAN_POINT('',(-174.999999999971,43.,-98.500000000021));
#9811=CARTESIAN_POINT('Origin',(-176.999999999971,43.0000000000001,-95.2973448740033));
#9812=CARTESIAN_POINT('',(-176.999999999971,3.00000000000013,-86.0000000000211));
#9813=CARTESIAN_POINT('Origin',(-174.999999999971,82.0000000000002,-98.5000000000213));
#9814=CARTESIAN_POINT('Origin',(-174.999999999971,3.00000000000012,-86.0000000000211));
#9815=CARTESIAN_POINT('',(-174.999999999971,3.00000000000012,-86.0000000000211));
#9816=CARTESIAN_POINT('Origin',(-174.999999999971,43.0000000000001,-95.2973448740033));
#9817=CARTESIAN_POINT('Origin',(-176.999999999971,2.99999999999993,-103.500000000021));
#9818=CARTESIAN_POINT('',(-159.499999999953,2.99999999999978,-103.500000000021));
#9819=CARTESIAN_POINT('',(-159.499999999953,2.99999999999978,-103.500000000021));
#9820=CARTESIAN_POINT('',(-159.499999999953,2.99999999999979,-101.500000000021));
#9821=CARTESIAN_POINT('',(-159.499999999953,2.99999999999978,-103.500000000021));
#9822=CARTESIAN_POINT('',(-159.499999999953,2.99999999999979,-101.500000000021));
#9823=CARTESIAN_POINT('Origin',(-168.249999999962,42.9999999999999,-103.500000000021));
#9824=CARTESIAN_POINT('',(-159.499999999953,82.9999999999999,-103.500000000021));
#9825=CARTESIAN_POINT('',(-159.499999999953,82.9999999999999,-103.500000000021));
#9826=CARTESIAN_POINT('',(-159.499999999953,85.,-103.500000000021));
#9827=CARTESIAN_POINT('',(-166.499999999953,65.4999999999997,-103.500000000021));
#9828=CARTESIAN_POINT('Origin',(-164.499999999953,65.4999999999997,-103.500000000021));
#9829=CARTESIAN_POINT('',(-166.499999999953,20.4999999999997,-103.500000000021));
#9830=CARTESIAN_POINT('Origin',(-164.499999999953,20.4999999999997,-103.500000000021));
#9831=CARTESIAN_POINT('Origin',(-164.499999999953,65.4999999999997,-103.500000000021));
#9832=CARTESIAN_POINT('',(-166.499999999953,65.4999999999997,-101.500000000021));
#9833=CARTESIAN_POINT('Origin',(-164.499999999953,65.4999999999998,-101.500000000021));
#9834=CARTESIAN_POINT('',(-166.499999999953,65.4999999999997,-103.500000000021));
#9835=CARTESIAN_POINT('Origin',(-164.499999999953,20.4999999999997,-103.500000000021));
#9836=CARTESIAN_POINT('',(-166.499999999953,20.4999999999998,-101.500000000021));
#9837=CARTESIAN_POINT('Origin',(-164.499999999953,20.4999999999998,-101.500000000021));
#9838=CARTESIAN_POINT('',(-166.499999999953,20.4999999999997,-103.500000000021));
#9839=CARTESIAN_POINT('Origin',(-159.499999999953,2.99999999999978,-103.500000000021));
#9840=CARTESIAN_POINT('',(-159.499999999953,82.9999999999999,-101.500000000021));
#9841=CARTESIAN_POINT('',(-159.499999999953,82.9999999999999,-103.500000000021));
#9842=CARTESIAN_POINT('',(-159.499999999953,85.,-101.500000000021));
#9843=CARTESIAN_POINT('Origin',(-159.499999999953,82.9999999999999,-103.500000000021));
#9844=CARTESIAN_POINT('',(-159.499999999953,83.,-101.500000000021));
#9845=CARTESIAN_POINT('Origin',(-168.249999999962,42.9999999999999,-101.500000000021));
#9846=CARTESIAN_POINT('',(0.,0.,0.));
#9847=CARTESIAN_POINT('Origin',(-176.999999999971,65.5,90.9999999999793));
#9848=CARTESIAN_POINT('',(-176.999999999971,65.5,88.9999999999793));
#9849=CARTESIAN_POINT('Origin',(-176.999999999971,65.5,90.9999999999793));
#9850=CARTESIAN_POINT('',(-174.999999999971,65.5,88.9999999999794));
#9851=CARTESIAN_POINT('',(-176.999999999971,65.5,88.9999999999793));
#9852=CARTESIAN_POINT('Origin',(-174.999999999971,65.5,90.9999999999794));
#9853=CARTESIAN_POINT('Origin',(-176.999999999972,20.5,90.9999999999793));
#9854=CARTESIAN_POINT('',(-176.999999999972,20.5,88.9999999999793));
#9855=CARTESIAN_POINT('Origin',(-176.999999999972,20.5,90.9999999999793));
#9856=CARTESIAN_POINT('',(-174.999999999972,20.5,88.9999999999794));
#9857=CARTESIAN_POINT('',(-176.999999999972,20.5,88.9999999999793));
#9858=CARTESIAN_POINT('Origin',(-174.999999999972,20.5,90.9999999999794));
#9859=CARTESIAN_POINT('Origin',(-165.500000000035,87.0000000000001,91.9999999999797));
#9860=CARTESIAN_POINT('',(-163.500000000035,87.0000000000001,91.9999999999797));
#9861=CARTESIAN_POINT('Origin',(-165.500000000035,87.,91.9999999999797));
#9862=CARTESIAN_POINT('',(-163.500000000035,85.0000000000001,91.9999999999797));
#9863=CARTESIAN_POINT('',(-163.500000000035,87.0000000000001,91.9999999999797));
#9864=CARTESIAN_POINT('Origin',(-165.500000000035,85.0000000000001,91.9999999999797));
#9865=CARTESIAN_POINT('Origin',(-165.500000000035,87.0000000000001,91.9999999999797));
#9866=CARTESIAN_POINT('',(-163.500000000035,3.99999999999991,91.9999999999794));
#9867=CARTESIAN_POINT('Origin',(-165.500000000035,3.99999999999991,91.9999999999794));
#9868=CARTESIAN_POINT('',(-163.500000000035,1.99999999999987,91.9999999999794));
#9869=CARTESIAN_POINT('',(-163.500000000035,87.0000000000001,91.9999999999797));
#9870=CARTESIAN_POINT('Origin',(-165.500000000035,1.99999999999992,91.9999999999794));
#9871=CARTESIAN_POINT('Origin',(-171.999999999971,6.9999999999999,92.2499999999771));
#9872=CARTESIAN_POINT('',(-171.999999999971,1.99999999999996,98.4999999999771));
#9873=CARTESIAN_POINT('',(-171.999999999971,1.99999999999985,85.999999999977));
#9874=CARTESIAN_POINT('',(-171.999999999971,1.99999999999996,92.249999999977));
#9875=CARTESIAN_POINT('',(-176.999999999972,6.99999999999996,98.4999999999771));
#9876=CARTESIAN_POINT('Origin',(-171.999999999971,6.9999999999999,98.4999999999771));
#9877=CARTESIAN_POINT('',(-176.999999999972,6.99999999999996,85.9999999999769));
#9878=CARTESIAN_POINT('',(-176.999999999972,6.99999999999996,96.8986724369679));
#9879=CARTESIAN_POINT('Origin',(-171.999999999971,6.9999999999999,85.999999999977));
#9880=CARTESIAN_POINT('Origin',(-178.094689747935,3.99999999999999,85.9999999999769));
#9881=CARTESIAN_POINT('',(-171.999999999971,3.99999999999984,85.999999999977));
#9882=CARTESIAN_POINT('',(-171.999999999971,3.55999999999991,85.999999999977));
#9883=CARTESIAN_POINT('',(-159.49999999997,3.99999999999963,85.9999999999771));
#9884=CARTESIAN_POINT('',(-184.189379495899,4.00000000000009,85.9999999999768));
#9885=CARTESIAN_POINT('',(-159.49999999997,1.99999999999964,85.9999999999771));
#9886=CARTESIAN_POINT('',(-159.49999999997,3.99999999999963,85.9999999999771));
#9887=CARTESIAN_POINT('',(-184.189379495899,2.0000000000001,85.9999999999768));
#9888=CARTESIAN_POINT('Origin',(-168.797344873953,3.99999999999991,92.2499999999771));
#9889=CARTESIAN_POINT('',(-171.999999999971,3.99999999999995,98.4999999999772));
#9890=CARTESIAN_POINT('',(-171.999999999971,3.99999999999995,92.2499999999771));
#9891=CARTESIAN_POINT('',(-159.49999999997,3.99999999999977,98.4999999999773));
#9892=CARTESIAN_POINT('',(-184.1893794959,4.0000000000002,98.4999999999769));
#9893=CARTESIAN_POINT('',(-159.49999999997,3.99999999999977,98.4999999999773));
#9894=CARTESIAN_POINT('Origin',(-171.999999999971,3.99999999999996,98.4999999999771));
#9895=CARTESIAN_POINT('',(-171.999999999971,3.55999999999991,98.4999999999771));
#9896=CARTESIAN_POINT('',(-174.999999999972,6.99999999999994,98.4999999999771));
#9897=CARTESIAN_POINT('Origin',(-171.999999999971,6.9999999999999,98.4999999999772));
#9898=CARTESIAN_POINT('',(-173.499999999972,6.99999999999993,98.4999999999771));
#9899=CARTESIAN_POINT('Origin',(-171.999999999971,1.99999999999987,85.999999999977));
#9900=CARTESIAN_POINT('',(-174.999999999972,6.99999999999994,85.9999999999769));
#9901=CARTESIAN_POINT('',(-174.999999999972,6.99999999999994,85.9999999999769));
#9902=CARTESIAN_POINT('Origin',(-171.999999999971,6.9999999999999,85.999999999977));
#9903=CARTESIAN_POINT('Origin',(-159.49999999997,3.99999999999977,98.4999999999773));
#9904=CARTESIAN_POINT('',(-159.49999999997,1.99999999999978,98.4999999999773));
#9905=CARTESIAN_POINT('',(-171.99999999997,1.99999999999996,98.4999999999771));
#9906=CARTESIAN_POINT('',(-159.49999999997,3.99999999999977,98.4999999999773));
#9907=CARTESIAN_POINT('Origin',(-159.49999999997,3.99999999999963,85.9999999999771));
#9908=CARTESIAN_POINT('',(-159.49999999997,1.99999999999978,98.4999999999773));
#9909=CARTESIAN_POINT('Origin',(-171.999999999971,6.9999999999999,92.2499999999771));
#9910=CARTESIAN_POINT('',(-174.999999999972,6.99999999999994,96.898672436968));
#9911=CARTESIAN_POINT('Origin',(-168.797344873953,1.99999999999992,92.2499999999771));
#9912=CARTESIAN_POINT('Origin',(-171.999999999971,82.0000000000001,92.2499999999766));
#9913=CARTESIAN_POINT('',(-171.999999999971,87.0000000000001,85.9999999999765));
#9914=CARTESIAN_POINT('',(-171.999999999971,87.0000000000002,98.4999999999766));
#9915=CARTESIAN_POINT('',(-171.999999999971,87.,92.2499999999766));
#9916=CARTESIAN_POINT('',(-176.999999999971,82.0000000000002,85.9999999999764));
#9917=CARTESIAN_POINT('Origin',(-171.999999999971,82.0000000000001,85.9999999999765));
#9918=CARTESIAN_POINT('',(-176.999999999971,82.0000000000002,98.4999999999765));
#9919=CARTESIAN_POINT('',(-176.999999999971,82.0000000000002,90.6486724369676));
#9920=CARTESIAN_POINT('Origin',(-171.999999999971,82.0000000000001,98.4999999999766));
#9921=CARTESIAN_POINT('Origin',(-178.094689747936,85.0000000000002,98.4999999999765));
#9922=CARTESIAN_POINT('',(-171.999999999971,85.0000000000002,98.4999999999766));
#9923=CARTESIAN_POINT('',(-171.999999999971,85.4400000000001,98.4999999999766));
#9924=CARTESIAN_POINT('',(-159.499999999971,85.0000000000002,98.4999999999769));
#9925=CARTESIAN_POINT('',(-184.1893794959,85.0000000000001,98.4999999999764));
#9926=CARTESIAN_POINT('',(-159.499999999971,87.0000000000002,98.4999999999769));
#9927=CARTESIAN_POINT('',(-159.499999999971,85.0000000000002,98.4999999999769));
#9928=CARTESIAN_POINT('',(-184.1893794959,87.0000000000001,98.4999999999764));
#9929=CARTESIAN_POINT('Origin',(-168.797344873953,85.0000000000001,92.2499999999767));
#9930=CARTESIAN_POINT('',(-171.999999999971,85.0000000000001,85.9999999999765));
#9931=CARTESIAN_POINT('',(-171.999999999971,85.0000000000001,92.2499999999766));
#9932=CARTESIAN_POINT('',(-159.499999999971,85.0000000000001,85.9999999999768));
#9933=CARTESIAN_POINT('',(-184.1893794959,85.0000000000001,85.9999999999763));
#9934=CARTESIAN_POINT('',(-159.499999999971,85.0000000000001,85.9999999999768));
#9935=CARTESIAN_POINT('Origin',(-171.999999999971,85.0000000000001,85.9999999999765));
#9936=CARTESIAN_POINT('',(-171.999999999971,85.4400000000001,85.9999999999765));
#9937=CARTESIAN_POINT('',(-174.999999999971,82.0000000000001,85.9999999999765));
#9938=CARTESIAN_POINT('Origin',(-171.999999999971,82.0000000000001,85.9999999999765));
#9939=CARTESIAN_POINT('',(-174.999999999971,82.0000000000001,85.9999999999765));
#9940=CARTESIAN_POINT('Origin',(-171.999999999971,87.0000000000003,98.4999999999766));
#9941=CARTESIAN_POINT('',(-174.999999999971,82.0000000000001,98.4999999999766));
#9942=CARTESIAN_POINT('',(-173.499999999971,82.0000000000001,98.4999999999766));
#9943=CARTESIAN_POINT('Origin',(-171.999999999971,82.0000000000001,98.4999999999766));
#9944=CARTESIAN_POINT('Origin',(-159.499999999971,85.0000000000001,85.9999999999768));
#9945=CARTESIAN_POINT('',(-159.499999999971,87.,85.9999999999768));
#9946=CARTESIAN_POINT('',(-171.999999999971,87.0000000000001,85.9999999999765));
#9947=CARTESIAN_POINT('',(-159.499999999971,85.0000000000001,85.9999999999768));
#9948=CARTESIAN_POINT('Origin',(-159.499999999971,85.0000000000002,98.4999999999769));
#9949=CARTESIAN_POINT('',(-159.499999999971,87.,85.9999999999768));
#9950=CARTESIAN_POINT('Origin',(-171.999999999971,82.0000000000001,92.2499999999766));
#9951=CARTESIAN_POINT('',(-174.999999999971,82.0000000000001,90.6486724369677));
#9952=CARTESIAN_POINT('Origin',(-168.797344873953,87.,92.2499999999767));
#9953=CARTESIAN_POINT('Origin',(-174.999999999971,82.0000000000001,85.9999999999765));
#9954=CARTESIAN_POINT('',(-171.999999999972,82.0000000000002,103.499999999977));
#9955=CARTESIAN_POINT('Origin',(-171.999999999971,82.0000000000001,98.4999999999767));
#9956=CARTESIAN_POINT('',(-171.999999999971,82.0000000000001,101.499999999977));
#9957=CARTESIAN_POINT('',(-171.999999999972,82.0000000000002,103.499999999977));
#9958=CARTESIAN_POINT('Origin',(-171.999999999971,82.0000000000001,98.4999999999767));
#9959=CARTESIAN_POINT('Origin',(-171.999999999972,6.99999999999993,101.499999999977));
#9960=CARTESIAN_POINT('',(-171.999999999972,6.99999999999994,103.499999999977));
#9961=CARTESIAN_POINT('',(-171.999999999972,6.99999999999993,101.499999999977));
#9962=CARTESIAN_POINT('',(-171.999999999972,6.99999999999994,103.499999999977));
#9963=CARTESIAN_POINT('',(-171.999999999972,2.99999999999964,101.499999999977));
#9964=CARTESIAN_POINT('',(-171.999999999972,22.9999999999997,101.499999999977));
#9965=CARTESIAN_POINT('',(-171.999999999972,2.99999999999965,103.499999999977));
#9966=CARTESIAN_POINT('',(-171.999999999972,2.99999999999972,102.499999999977));
#9967=CARTESIAN_POINT('',(-171.999999999972,22.9999999999997,103.499999999977));
#9968=CARTESIAN_POINT('Origin',(-171.999999999972,42.9999999999997,98.4999999999769));
#9969=CARTESIAN_POINT('Origin',(-171.999999999972,6.99999999999991,98.4999999999772));
#9970=CARTESIAN_POINT('',(-174.999999999972,42.9999999999997,98.4999999999769));
#9971=CARTESIAN_POINT('',(-171.999999999972,22.9999999999997,101.499999999977));
#9972=CARTESIAN_POINT('Origin',(-171.999999999972,82.0000000000002,103.499999999977));
#9973=CARTESIAN_POINT('',(-171.999999999972,82.9999999999998,103.499999999977));
#9974=CARTESIAN_POINT('',(-171.999999999972,22.9999999999997,103.499999999977));
#9975=CARTESIAN_POINT('',(-171.999999999971,82.9999999999997,101.499999999977));
#9976=CARTESIAN_POINT('',(-171.999999999972,82.9999999999998,102.499999999977));
#9977=CARTESIAN_POINT('',(-171.999999999972,22.9999999999997,101.499999999977));
#9978=CARTESIAN_POINT('Origin',(-171.999999999972,42.9999999999997,98.4999999999769));
#9979=CARTESIAN_POINT('Origin',(-171.999999999972,6.99999999999991,98.4999999999772));
#9980=CARTESIAN_POINT('',(-171.999999999972,22.9999999999997,103.499999999977));
#9981=CARTESIAN_POINT('',(-176.999999999972,42.9999999999997,98.4999999999769));
#9982=CARTESIAN_POINT('Origin',(-174.999999999972,6.99999999999994,98.4999999999771));
#9983=CARTESIAN_POINT('Origin',(-174.999999999972,42.9999999999996,95.2973448739589));
#9984=CARTESIAN_POINT('',(-174.999999999971,82.9999999999996,85.9999999999765));
#9985=CARTESIAN_POINT('Origin',(-174.999999999971,82.9999999999996,85.9999999999765));
#9986=CARTESIAN_POINT('',(-176.999999999972,2.99999999999956,85.9999999999769));
#9987=CARTESIAN_POINT('Origin',(-176.999999999972,42.9999999999997,95.2973448739588));
#9988=CARTESIAN_POINT('Origin',(-176.999999999972,82.9999999999998,103.499999999977));
#9989=CARTESIAN_POINT('',(-159.499999999956,82.9999999999997,103.499999999977));
#9990=CARTESIAN_POINT('',(-159.499999999956,82.9999999999997,103.499999999977));
#9991=CARTESIAN_POINT('',(-159.499999999956,82.9999999999997,101.499999999977));
#9992=CARTESIAN_POINT('',(-159.499999999956,82.9999999999997,103.499999999977));
#9993=CARTESIAN_POINT('',(-159.499999999956,82.9999999999997,101.499999999977));
#9994=CARTESIAN_POINT('Origin',(-168.249999999964,42.9999999999998,103.499999999977));
#9995=CARTESIAN_POINT('',(-159.499999999956,2.99999999999979,103.499999999977));
#9996=CARTESIAN_POINT('',(-159.499999999956,2.99999999999979,103.499999999977));
#9997=CARTESIAN_POINT('',(-159.499999999956,84.9999999999997,103.499999999977));
#9998=CARTESIAN_POINT('',(-162.499999999956,20.4999999999997,103.499999999977));
#9999=CARTESIAN_POINT('Origin',(-164.499999999956,20.4999999999997,103.499999999977));
#10000=CARTESIAN_POINT('',(-162.499999999956,65.4999999999997,103.499999999977));
#10001=CARTESIAN_POINT('Origin',(-164.499999999956,65.4999999999997,103.499999999977));
#10002=CARTESIAN_POINT('Origin',(-164.499999999956,20.4999999999997,103.499999999977));
#10003=CARTESIAN_POINT('',(-162.499999999956,20.4999999999997,101.499999999977));
#10004=CARTESIAN_POINT('Origin',(-164.499999999956,20.4999999999997,101.499999999977));
#10005=CARTESIAN_POINT('',(-162.499999999956,20.4999999999997,103.499999999977));
#10006=CARTESIAN_POINT('Origin',(-164.499999999956,65.4999999999997,103.499999999977));
#10007=CARTESIAN_POINT('',(-162.499999999956,65.4999999999997,101.499999999977));
#10008=CARTESIAN_POINT('Origin',(-164.499999999956,65.4999999999997,101.499999999977));
#10009=CARTESIAN_POINT('',(-162.499999999956,65.4999999999997,103.499999999977));
#10010=CARTESIAN_POINT('Origin',(-159.499999999956,2.99999999999979,103.499999999977));
#10011=CARTESIAN_POINT('',(-159.499999999956,2.99999999999978,101.499999999977));
#10012=CARTESIAN_POINT('',(-159.499999999956,2.99999999999978,101.499999999977));
#10013=CARTESIAN_POINT('',(-159.499999999956,2.99999999999979,103.499999999977));
#10014=CARTESIAN_POINT('Origin',(-159.499999999956,82.9999999999997,103.499999999977));
#10015=CARTESIAN_POINT('',(-159.499999999956,84.9999999999997,101.499999999977));
#10016=CARTESIAN_POINT('Origin',(-168.249999999964,42.9999999999997,101.499999999977));
#10017=CARTESIAN_POINT('',(0.,0.,0.));
#10018=CARTESIAN_POINT('Origin',(-108.499999999952,22.,-1.3192223186869E-10));
#10019=CARTESIAN_POINT('',(-158.499999999952,22.0000000000002,4.99999999986808));
#10020=CARTESIAN_POINT('Origin',(-158.499999999952,22.0000000000002,-1.3192223186869E-10));
#10021=CARTESIAN_POINT('',(-159.499999999952,22.0000000000002,4.99999999986808));
#10022=CARTESIAN_POINT('',(-108.499999999952,22.,4.99999999986808));
#10023=CARTESIAN_POINT('Origin',(-159.499999999952,22.0000000000002,-1.3192223186869E-10));
#10024=CARTESIAN_POINT('Origin',(-108.499999999952,22.,-1.3192223186869E-10));
#10025=CARTESIAN_POINT('',(-108.499999999952,22.,4.99999999986808));
#10026=CARTESIAN_POINT('Origin',(-108.499999999952,22.,-1.3192223186869E-10));
#10027=CARTESIAN_POINT('',(-109.499999999952,22.,4.99999999986808));
#10028=CARTESIAN_POINT('',(-108.499999999952,22.,4.99999999986808));
#10029=CARTESIAN_POINT('Origin',(-109.499999999952,22.,-1.3192223186869E-10));
#10030=CARTESIAN_POINT('Origin',(-108.499999999952,27.0003524490379,4.99964755083012));
#10031=CARTESIAN_POINT('',(-109.499999999952,6.99999999999972,24.9999999998681));
#10032=CARTESIAN_POINT('',(-109.499999999952,27.000352473882,4.99964757567418));
#10033=CARTESIAN_POINT('',(-109.499999999952,25.7174328856958,6.28256711417217));
#10034=CARTESIAN_POINT('',(-108.499999999952,6.99999999999972,24.9999999998681));
#10035=CARTESIAN_POINT('',(-108.999999999952,6.99999999999971,24.9999999998681));
#10036=CARTESIAN_POINT('',(-108.499999999952,27.0003524738819,4.99964757567418));
#10037=CARTESIAN_POINT('',(-108.499999999952,25.7174328856958,6.28256711417217));
#10038=CARTESIAN_POINT('',(-108.499999999952,27.0003524738819,4.99964757567418));
#10039=CARTESIAN_POINT('Origin',(-108.499999999952,27.0003524490379,4.99964755083012));
#10040=CARTESIAN_POINT('',(-158.499999999952,27.0003524738822,4.99964757567418));
#10041=CARTESIAN_POINT('',(-158.499999999952,6.99999999999999,24.9999999998681));
#10042=CARTESIAN_POINT('',(-158.499999999952,25.717432885696,6.28256711417221));
#10043=CARTESIAN_POINT('',(-159.499999999952,27.0003524738822,4.99964757567418));
#10044=CARTESIAN_POINT('',(-108.499999999952,27.0003524738819,4.99964757567418));
#10045=CARTESIAN_POINT('',(-159.499999999952,6.99999999999999,24.9999999998681));
#10046=CARTESIAN_POINT('',(-159.499999999952,25.7174328856961,6.2825671141722));
#10047=CARTESIAN_POINT('',(-133.499999999952,6.99999999999985,24.9999999998681));
#10048=CARTESIAN_POINT('Origin',(-108.499999999952,22.,-1.3192223186869E-10));
#10049=CARTESIAN_POINT('',(-109.499999999952,27.000000037266,-5.00000003739799));
#10050=CARTESIAN_POINT('Origin',(-109.499999999952,22.,-1.3192223186869E-10));
#10051=CARTESIAN_POINT('',(-108.499999999952,27.000000037266,-5.00000003739799));
#10052=CARTESIAN_POINT('Origin',(-108.499999999952,22.,-1.3192223186869E-10));
#10053=CARTESIAN_POINT('',(-108.499999999952,27.000000037266,-5.00000003739799));
#10054=CARTESIAN_POINT('Origin',(-108.499999999952,22.,-1.3192223186869E-10));
#10055=CARTESIAN_POINT('',(-158.499999999952,27.0000000372663,-5.00000003739799));
#10056=CARTESIAN_POINT('Origin',(-158.499999999952,22.0000000000002,-1.3192223186869E-10));
#10057=CARTESIAN_POINT('',(-159.499999999952,27.0000000372663,-5.00000003739799));
#10058=CARTESIAN_POINT('',(-108.499999999952,27.000000037266,-5.00000003739799));
#10059=CARTESIAN_POINT('Origin',(-159.499999999952,22.0000000000002,-1.3192223186869E-10));
#10060=CARTESIAN_POINT('Origin',(-108.499999999952,6.99999999999972,-25.0000003727929));
#10061=CARTESIAN_POINT('',(-109.499999999952,7.00000037266067,-25.0000000001319));
#10062=CARTESIAN_POINT('',(-109.499999999952,15.717256717564,-16.2827435252855));
#10063=CARTESIAN_POINT('',(-108.499999999952,6.99999999999972,-25.0000003727929));
#10064=CARTESIAN_POINT('',(-108.499999999952,15.717256717564,-16.2827435252855));
#10065=CARTESIAN_POINT('',(-108.999999999952,7.00000037266067,-25.0000000001319));
#10066=CARTESIAN_POINT('Origin',(-108.499999999952,6.99999999999972,-25.0000003727929));
#10067=CARTESIAN_POINT('',(-158.499999999952,6.99999999999999,-25.0000003727929));
#10068=CARTESIAN_POINT('',(-158.499999999952,15.7172567175642,-16.2827435252855));
#10069=CARTESIAN_POINT('',(-159.499999999952,6.99999999999999,-25.0000003727929));
#10070=CARTESIAN_POINT('',(-133.499999999952,7.0000003726608,-25.0000000001319));
#10071=CARTESIAN_POINT('',(-159.499999999952,15.7172567175642,-16.2827435252855));
#10072=CARTESIAN_POINT('Origin',(-109.499999999952,32.,24.9999999998681));
#10073=CARTESIAN_POINT('',(-109.499999999952,4.00000000000004,24.9999999998681));
#10074=CARTESIAN_POINT('',(-109.499999999952,-0.523893421169248,24.9999999998681));
#10075=CARTESIAN_POINT('',(-108.499999999952,4.00000000000006,24.9999999998681));
#10076=CARTESIAN_POINT('',(-109.279999999952,4.00000000000004,24.9999999998681));
#10077=CARTESIAN_POINT('',(-108.499999999952,4.00000000000004,24.9999999998681));
#10078=CARTESIAN_POINT('Origin',(-109.499999999952,16.8690266447077,-1.31909680547356E-10));
#10079=CARTESIAN_POINT('',(-109.499999999952,4.00000000000006,-25.0000000001319));
#10080=CARTESIAN_POINT('',(-109.499999999952,-0.523893421169248,-25.0000000001319));
#10081=CARTESIAN_POINT('',(-109.499999999952,4.00000000000004,-1.31911342755545E-10));
#10082=CARTESIAN_POINT('Origin',(-158.499999999952,16.8690266447076,-1.31912211028381E-10));
#10083=CARTESIAN_POINT('',(-158.499999999952,4.00000000000002,24.9999999998681));
#10084=CARTESIAN_POINT('',(-158.499999999952,-0.523893421169284,24.9999999998681));
#10085=CARTESIAN_POINT('',(-158.499999999952,4.00000000000002,-25.0000000001319));
#10086=CARTESIAN_POINT('',(-158.499999999952,4.,-1.31912234961122E-10));
#10087=CARTESIAN_POINT('',(-158.499999999952,-0.523893421169284,-25.0000000001319));
#10088=CARTESIAN_POINT('Origin',(-110.499999999952,4.00000000000002,-1.31912258893863E-10));
#10089=CARTESIAN_POINT('',(-108.499999999952,4.00000000000006,-25.0000000001319));
#10090=CARTESIAN_POINT('',(-108.499999999952,4.00000000000004,-1.31912502081847E-10));
#10091=CARTESIAN_POINT('',(-110.499999999952,2.,24.9999999998681));
#10092=CARTESIAN_POINT('Origin',(-110.499999999952,4.00000000000002,24.9999999998681));
#10093=CARTESIAN_POINT('',(-110.499999999952,2.,-25.0000000001319));
#10094=CARTESIAN_POINT('',(-110.499999999952,2.,12.4999999998681));
#10095=CARTESIAN_POINT('Origin',(-110.499999999952,4.00000000000002,-25.0000000001319));
#10096=CARTESIAN_POINT('Origin',(-109.499999999952,1.7380532894154,-25.0000000001319));
#10097=CARTESIAN_POINT('',(-108.499999999952,-0.523893421169248,-25.0000000001319));
#10098=CARTESIAN_POINT('',(-109.279999999952,4.00000000000006,-25.0000000001319));
#10099=CARTESIAN_POINT('Origin',(-109.499999999952,4.00000000000003,24.9999999998681));
#10100=CARTESIAN_POINT('',(-110.499999999952,3.,24.9999999998681));
#10101=CARTESIAN_POINT('Origin',(-110.499999999952,4.00000000000002,24.9999999998681));
#10102=CARTESIAN_POINT('',(-110.499999999952,2.5,24.9999999998681));
#10103=CARTESIAN_POINT('Origin',(-108.499999999952,4.00000000000004,-25.0000000001319));
#10104=CARTESIAN_POINT('',(-110.499999999952,3.,-25.0000000001319));
#10105=CARTESIAN_POINT('',(-110.499999999952,2.5,-25.0000000001319));
#10106=CARTESIAN_POINT('Origin',(-110.499999999952,4.00000000000002,-25.0000000001319));
#10107=CARTESIAN_POINT('Origin',(-110.499999999952,4.00000000000002,-1.31912258893863E-10));
#10108=CARTESIAN_POINT('',(-110.499999999952,3.,12.4999999998681));
#10109=CARTESIAN_POINT('Origin',(-108.499999999952,16.8690266447077,-1.31912034727096E-10));
#10110=CARTESIAN_POINT('Origin',(-157.499999999952,4.,-1.31912258893863E-10));
#10111=CARTESIAN_POINT('',(-159.499999999952,4.00000000000002,-25.0000000001319));
#10112=CARTESIAN_POINT('',(-159.499999999952,4.00000000000002,24.9999999998681));
#10113=CARTESIAN_POINT('',(-159.499999999952,4.,-1.31912258893863E-10));
#10114=CARTESIAN_POINT('',(-157.499999999952,2.,-25.0000000001319));
#10115=CARTESIAN_POINT('Origin',(-157.499999999952,4.,-25.0000000001319));
#10116=CARTESIAN_POINT('',(-157.499999999952,2.,24.9999999998681));
#10117=CARTESIAN_POINT('',(-157.499999999952,2.,-12.5000000001319));
#10118=CARTESIAN_POINT('Origin',(-157.499999999952,4.,24.9999999998681));
#10119=CARTESIAN_POINT('Origin',(-158.499999999952,1.73805328941537,24.9999999998681));
#10120=CARTESIAN_POINT('',(-159.499999999952,-0.523893421169284,24.9999999998681));
#10121=CARTESIAN_POINT('',(-158.719999999952,4.00000000000002,24.9999999998681));
#10122=CARTESIAN_POINT('Origin',(-158.499999999952,4.00000000000001,-25.0000000001319));
#10123=CARTESIAN_POINT('',(-158.719999999952,4.00000000000004,-25.0000000001319));
#10124=CARTESIAN_POINT('',(-157.499999999952,3.,-25.0000000001319));
#10125=CARTESIAN_POINT('Origin',(-157.499999999952,4.,-25.0000000001319));
#10126=CARTESIAN_POINT('',(-157.499999999952,2.5,-25.0000000001319));
#10127=CARTESIAN_POINT('Origin',(-159.499999999952,4.00000000000002,24.9999999998681));
#10128=CARTESIAN_POINT('',(-157.499999999952,3.,24.9999999998681));
#10129=CARTESIAN_POINT('',(-157.499999999952,2.5,24.9999999998681));
#10130=CARTESIAN_POINT('Origin',(-157.499999999952,4.,24.9999999998681));
#10131=CARTESIAN_POINT('Origin',(-158.499999999952,32.,-25.0000000001319));
#10132=CARTESIAN_POINT('',(-159.499999999952,4.00000000000002,-25.0000000001319));
#10133=CARTESIAN_POINT('Origin',(-157.499999999952,4.,-1.31912258893863E-10));
#10134=CARTESIAN_POINT('',(-157.499999999952,3.,-12.5000000001319));
#10135=CARTESIAN_POINT('Origin',(-159.499999999952,16.8690266447077,-1.31912258893863E-10));
#10136=CARTESIAN_POINT('Origin',(-108.499999999952,2.,-25.0000000001319));
#10137=CARTESIAN_POINT('',(-108.499999999952,2.,-25.0000000001319));
#10138=CARTESIAN_POINT('',(-108.499999999952,3.,-25.0000000001319));
#10139=CARTESIAN_POINT('Origin',(-133.999999999952,2.,-1.31916699785961E-10));
#10140=CARTESIAN_POINT('',(-159.499999999952,2.,24.9999999998681));
#10141=CARTESIAN_POINT('',(-150.749999999952,2.,-20.0000000001317));
#10142=CARTESIAN_POINT('Origin',(-152.749999999952,2.,-20.0000000001317));
#10143=CARTESIAN_POINT('',(-113.249999999952,2.,-20.000000000131));
#10144=CARTESIAN_POINT('Origin',(-115.249999999952,2.,-20.000000000131));
#10145=CARTESIAN_POINT('',(-113.249999999952,2.,19.9999999998678));
#10146=CARTESIAN_POINT('Origin',(-115.249999999952,2.,19.9999999998678));
#10147=CARTESIAN_POINT('',(-150.749999999952,2.,19.9999999998683));
#10148=CARTESIAN_POINT('Origin',(-152.749999999952,2.,19.9999999998683));
#10149=CARTESIAN_POINT('Origin',(-159.499999999952,2.,24.9999999998681));
#10150=CARTESIAN_POINT('',(-159.499999999952,3.,24.9999999998681));
#10151=CARTESIAN_POINT('Origin',(-152.749999999952,2.,19.9999999998683));
#10152=CARTESIAN_POINT('',(-150.749999999952,3.,19.9999999998683));
#10153=CARTESIAN_POINT('Origin',(-152.749999999952,3.,19.9999999998683));
#10154=CARTESIAN_POINT('',(-150.749999999952,2.,19.9999999998683));
#10155=CARTESIAN_POINT('Origin',(-115.249999999952,2.,19.9999999998678));
#10156=CARTESIAN_POINT('',(-113.249999999952,3.,19.9999999998678));
#10157=CARTESIAN_POINT('Origin',(-115.249999999952,3.,19.9999999998678));
#10158=CARTESIAN_POINT('',(-113.249999999952,2.,19.9999999998678));
#10159=CARTESIAN_POINT('Origin',(-115.249999999952,2.,-20.000000000131));
#10160=CARTESIAN_POINT('',(-113.249999999952,3.,-20.000000000131));
#10161=CARTESIAN_POINT('Origin',(-115.249999999952,3.,-20.000000000131));
#10162=CARTESIAN_POINT('',(-113.249999999952,2.,-20.000000000131));
#10163=CARTESIAN_POINT('Origin',(-152.749999999952,2.,-20.0000000001317));
#10164=CARTESIAN_POINT('',(-150.749999999952,3.,-20.0000000001317));
#10165=CARTESIAN_POINT('Origin',(-152.749999999952,3.,-20.0000000001317));
#10166=CARTESIAN_POINT('',(-150.749999999952,2.,-20.0000000001317));
#10167=CARTESIAN_POINT('Origin',(-133.999999999952,3.,-1.31916699785961E-10));
#10168=CARTESIAN_POINT('',(0.,0.,0.));
#10169=CARTESIAN_POINT('Origin',(-133.999999999955,27.8000000000006,95.9999999998683));
#10170=CARTESIAN_POINT('',(-148.999999999955,27.8000000000006,95.9999999998683));
#10171=CARTESIAN_POINT('Origin',(-133.999999999955,27.8000000000006,95.9999999998683));
#10172=CARTESIAN_POINT('',(-148.999999999955,27.8000000000006,94.9999999998682));
#10173=CARTESIAN_POINT('',(-148.999999999955,27.8000000000006,95.9999999998683));
#10174=CARTESIAN_POINT('Origin',(-133.999999999955,27.8000000000006,94.9999999998682));
#10175=CARTESIAN_POINT('Origin',(-133.999999999955,27.8000000000006,95.9999999998683));
#10176=CARTESIAN_POINT('',(-148.999999999955,27.8000000000023,-95.0000000001313));
#10177=CARTESIAN_POINT('Origin',(-133.999999999955,27.8000000000023,-95.0000000001313));
#10178=CARTESIAN_POINT('',(-148.999999999955,27.8000000000023,-96.0000000001313));
#10179=CARTESIAN_POINT('',(-148.999999999955,27.8000000000006,95.9999999998683));
#10180=CARTESIAN_POINT('Origin',(-133.999999999955,27.8000000000023,-96.0000000001313));
#10181=CARTESIAN_POINT('Origin',(-157.499999999952,34.4999999999998,-61.0000000001313));
#10182=CARTESIAN_POINT('',(-109.499999999953,54.4999999999999,-81.0000000001317));
#10183=CARTESIAN_POINT('',(-109.499999999952,34.4999999999993,-61.0000000001311));
#10184=CARTESIAN_POINT('',(-109.499999999952,38.5327433388228,-65.0327433389546));
#10185=CARTESIAN_POINT('',(-110.499999999953,54.4999999999999,-81.0000000001317));
#10186=CARTESIAN_POINT('',(-133.999999999953,54.4999999999999,-81.0000000001315));
#10187=CARTESIAN_POINT('',(-110.499999999952,34.5,-61.0000000001311));
#10188=CARTESIAN_POINT('',(-110.499999999952,38.5327433388229,-65.0327433389548));
#10189=CARTESIAN_POINT('',(-133.999999999953,34.4999999999993,-61.0000000001309));
#10190=CARTESIAN_POINT('Origin',(-157.499999999952,34.4999999999998,-61.0000000001313));
#10191=CARTESIAN_POINT('',(-158.499999999952,34.4999999999998,-61.0000000001313));
#10192=CARTESIAN_POINT('',(-158.499999999953,54.4999999999998,-81.0000000001313));
#10193=CARTESIAN_POINT('',(-158.499999999953,38.5327433388229,-65.0327433389544));
#10194=CARTESIAN_POINT('',(-157.499999999952,34.4999999999998,-61.0000000001313));
#10195=CARTESIAN_POINT('',(-157.499999999952,34.4999999999998,-61.0000000001313));
#10196=CARTESIAN_POINT('',(-157.499999999953,54.4999999999998,-81.0000000001313));
#10197=CARTESIAN_POINT('',(-157.499999999952,38.5327433388229,-65.0327433389544));
#10198=CARTESIAN_POINT('',(-157.499999999953,54.4999999999998,-81.0000000001313));
#10199=CARTESIAN_POINT('Origin',(-158.499999999953,32.9999999999997,-78.6309733554236));
#10200=CARTESIAN_POINT('',(-158.499999999953,54.4999999999999,-94.0000000001311));
#10201=CARTESIAN_POINT('',(-158.499999999953,54.4999999999999,-94.0000000001311));
#10202=CARTESIAN_POINT('',(-158.499999999953,11.4999999999998,-94.0000000001314));
#10203=CARTESIAN_POINT('',(-158.499999999953,32.9999999999999,-94.0000000001312));
#10204=CARTESIAN_POINT('',(-158.499999999952,11.4999999999996,-61.0000000001316));
#10205=CARTESIAN_POINT('',(-158.499999999953,11.4999999999999,-98.5238934213008));
#10206=CARTESIAN_POINT('',(-158.499999999953,54.4999999999996,-61.0000000001311));
#10207=CARTESIAN_POINT('Origin',(-157.499999999953,54.4999999999996,-61.0000000001311));
#10208=CARTESIAN_POINT('',(-157.499999999953,54.4999999999999,-94.0000000001311));
#10209=CARTESIAN_POINT('',(-157.499999999953,54.4999999999999,-98.5238934213004));
#10210=CARTESIAN_POINT('',(-157.719999999953,54.4999999999999,-94.0000000001311));
#10211=CARTESIAN_POINT('Origin',(-110.499999999953,34.5,94.9999999998681));
#10212=CARTESIAN_POINT('',(-110.499999999956,34.5,-94.0000000001319));
#10213=CARTESIAN_POINT('',(-110.499999999953,34.5,-95.0000000001319));
#10214=CARTESIAN_POINT('',(-111.49999835333,34.4999999999999,-94.0000000001319));
#10215=CARTESIAN_POINT('',(-110.499999999958,34.5,-94.0000000001319));
#10216=CARTESIAN_POINT('',(-111.499998353326,34.4999999999999,93.9999999998681));
#10217=CARTESIAN_POINT('',(-111.499999999953,34.4999999999999,-95.0000000001319));
#10218=CARTESIAN_POINT('',(-110.499999999953,34.5,93.9999999998681));
#10219=CARTESIAN_POINT('',(-110.99999917664,34.4999999999999,93.9999999998681));
#10220=CARTESIAN_POINT('',(-110.499999999952,34.5,60.9999999998683));
#10221=CARTESIAN_POINT('',(-110.499999999953,34.5,-95.0000000001319));
#10222=CARTESIAN_POINT('',(-110.499999999953,34.5,-95.0000000001319));
#10223=CARTESIAN_POINT('Origin',(-109.499999999952,32.9999999999998,-78.6309733554234));
#10224=CARTESIAN_POINT('',(-109.499999999952,11.4999999999997,-61.0000000001312));
#10225=CARTESIAN_POINT('',(-109.499999999952,11.4999999999997,-61.0000000001312));
#10226=CARTESIAN_POINT('',(-109.499999999952,11.5,-94.0000000001312));
#10227=CARTESIAN_POINT('',(-109.499999999952,11.5,-94.0000000001312));
#10228=CARTESIAN_POINT('',(-109.499999999953,54.5,-94.0000000001309));
#10229=CARTESIAN_POINT('',(-109.499999999952,33.,-94.000000000131));
#10230=CARTESIAN_POINT('',(-109.499999999953,54.5,-98.5238934213003));
#10231=CARTESIAN_POINT('Origin',(-110.499999999952,32.9999999999998,-78.6309733554234));
#10232=CARTESIAN_POINT('',(-110.499999999953,54.5,-94.0000000001309));
#10233=CARTESIAN_POINT('',(-110.499999999953,54.5,-98.5238934213003));
#10234=CARTESIAN_POINT('',(-110.499999999952,33.,-94.000000000131));
#10235=CARTESIAN_POINT('Origin',(-157.499999999952,54.5000000000001,80.9999999998684));
#10236=CARTESIAN_POINT('',(-109.499999999952,34.4999999999992,60.9999999998682));
#10237=CARTESIAN_POINT('',(-109.499999999952,54.4999999999996,80.9999999998685));
#10238=CARTESIAN_POINT('',(-109.499999999952,48.5327433388227,75.0327433386917));
#10239=CARTESIAN_POINT('',(-133.999999999952,34.4999999999999,60.9999999998685));
#10240=CARTESIAN_POINT('',(-110.499999999952,54.4999999999996,80.9999999998685));
#10241=CARTESIAN_POINT('',(-110.499999999952,48.5327433388229,75.0327433386918));
#10242=CARTESIAN_POINT('',(-133.999999999952,54.5000000000001,80.9999999998688));
#10243=CARTESIAN_POINT('Origin',(-157.499999999952,54.5000000000001,80.9999999998684));
#10244=CARTESIAN_POINT('',(-158.499999999953,54.5000000000001,80.9999999998684));
#10245=CARTESIAN_POINT('',(-158.499999999952,34.4999999999997,60.9999999998681));
#10246=CARTESIAN_POINT('',(-158.499999999952,48.5327433388231,75.0327433386914));
#10247=CARTESIAN_POINT('',(-157.499999999952,54.5000000000001,80.9999999998684));
#10248=CARTESIAN_POINT('',(-157.499999999952,54.5000000000001,80.9999999998685));
#10249=CARTESIAN_POINT('',(-157.499999999952,34.4999999999997,60.9999999998681));
#10250=CARTESIAN_POINT('',(-157.499999999952,48.532743338823,75.0327433386914));
#10251=CARTESIAN_POINT('',(-157.499999999952,34.4999999999997,60.999999999868));
#10252=CARTESIAN_POINT('Origin',(-157.499999999952,54.5000000000004,60.9999999998685));
#10253=CARTESIAN_POINT('',(-157.499999999952,11.5000000000004,60.9999999998676));
#10254=CARTESIAN_POINT('',(-157.499999999952,38.1845133223533,60.9999999998681));
#10255=CARTESIAN_POINT('',(-158.499999999952,11.5000000000004,60.9999999998676));
#10256=CARTESIAN_POINT('',(-157.499999999952,11.5000000000004,60.9999999998676));
#10257=CARTESIAN_POINT('',(-158.499999999952,11.5000000000004,60.9999999998676));
#10258=CARTESIAN_POINT('Origin',(-157.499999999952,33.0000000000001,78.6309733551603));
#10259=CARTESIAN_POINT('',(-157.499999999952,54.4999999999998,93.9999999998683));
#10260=CARTESIAN_POINT('',(-157.499999999952,54.4999999999997,98.5238934210378));
#10261=CARTESIAN_POINT('',(-157.499997667873,34.4999999999997,93.9999999998681));
#10262=CARTESIAN_POINT('',(-157.499999999952,32.9999999999998,93.999999999868));
#10263=CARTESIAN_POINT('',(-157.499999999952,34.4999999999999,-95.0000000001319));
#10264=CARTESIAN_POINT('Origin',(-109.499999999952,33.0000000000002,78.6309733551606));
#10265=CARTESIAN_POINT('',(-109.499999999952,54.4999999999999,93.9999999998685));
#10266=CARTESIAN_POINT('',(-109.499999999952,54.4999999999999,93.9999999998686));
#10267=CARTESIAN_POINT('',(-109.499999999952,11.4999999999999,93.9999999998678));
#10268=CARTESIAN_POINT('',(-109.499999999952,32.9999999999999,93.9999999998682));
#10269=CARTESIAN_POINT('',(-109.499999999952,11.5000000000004,60.999999999868));
#10270=CARTESIAN_POINT('',(-109.499999999952,11.4999999999998,98.5238934210373));
#10271=CARTESIAN_POINT('',(-109.499999999952,54.5000000000005,60.9999999998686));
#10272=CARTESIAN_POINT('Origin',(-110.499999999952,54.5000000000005,60.9999999998686));
#10273=CARTESIAN_POINT('',(-110.499999999952,54.4999999999999,93.9999999998686));
#10274=CARTESIAN_POINT('',(-110.499999999952,54.4999999999999,98.5238934210379));
#10275=CARTESIAN_POINT('',(-110.279999999952,54.4999999999999,93.9999999998686));
#10276=CARTESIAN_POINT('Origin',(-156.499999999952,32.9999999999998,93.999999999868));
#10277=CARTESIAN_POINT('',(-158.499999999953,11.4999999999998,93.9999999998675));
#10278=CARTESIAN_POINT('',(-158.499999999952,54.4999999999998,93.9999999998683));
#10279=CARTESIAN_POINT('',(-158.499999999953,32.9999999999998,93.9999999998679));
#10280=CARTESIAN_POINT('',(-156.499999999952,11.4999999999998,95.9999999998678));
#10281=CARTESIAN_POINT('Origin',(-156.499999999952,11.4999999999998,93.9999999998676));
#10282=CARTESIAN_POINT('',(-156.499999999952,54.4999999999998,95.9999999998681));
#10283=CARTESIAN_POINT('',(-156.499999999952,22.2499999999999,95.9999999998683));
#10284=CARTESIAN_POINT('Origin',(-156.499999999952,54.4999999999998,93.9999999998683));
#10285=CARTESIAN_POINT('Origin',(-157.499999999952,54.4999999999998,96.2619467104531));
#10286=CARTESIAN_POINT('',(-158.499999999952,54.4999999999997,98.5238934210378));
#10287=CARTESIAN_POINT('',(-157.719999999952,54.4999999999998,93.9999999998683));
#10288=CARTESIAN_POINT('Origin',(-157.499999999953,11.4999999999998,93.9999999998676));
#10289=CARTESIAN_POINT('',(-157.499999999952,11.4999999999999,93.9999999998682));
#10290=CARTESIAN_POINT('',(-157.719999999952,11.4999999999998,93.9999999998675));
#10291=CARTESIAN_POINT('',(-156.499999999952,11.4999999999998,94.9999999998678));
#10292=CARTESIAN_POINT('Origin',(-156.499999999952,11.4999999999998,93.9999999998676));
#10293=CARTESIAN_POINT('',(-156.499999999952,11.4999999999999,94.499999999868));
#10294=CARTESIAN_POINT('Origin',(-158.499999999952,54.4999999999998,93.9999999998683));
#10295=CARTESIAN_POINT('',(-156.499999999952,54.4999999999998,94.9999999998681));
#10296=CARTESIAN_POINT('',(-156.499999999952,54.4999999999998,94.9999999998681));
#10297=CARTESIAN_POINT('Origin',(-156.499999999952,54.4999999999998,93.9999999998683));
#10298=CARTESIAN_POINT('Origin',(-157.499999999952,11.5000000000004,60.9999999998676));
#10299=CARTESIAN_POINT('',(-158.499999999953,11.4999999999998,93.9999999998676));
#10300=CARTESIAN_POINT('',(-157.499999999952,11.4999999999999,-1.31879957635822E-10));
#10301=CARTESIAN_POINT('Origin',(-156.499999999952,32.9999999999998,93.999999999868));
#10302=CARTESIAN_POINT('',(-156.499999999952,22.2499999999999,94.999999999868));
#10303=CARTESIAN_POINT('',(-157.499999999952,28.1845133223535,93.9999999998681));
#10304=CARTESIAN_POINT('Origin',(-158.499999999952,33.0000000000001,78.6309733551603));
#10305=CARTESIAN_POINT('Origin',(-111.499999999952,32.9999999999999,-94.000000000131));
#10306=CARTESIAN_POINT('',(-111.499999999952,11.4999999999999,-96.0000000001315));
#10307=CARTESIAN_POINT('Origin',(-111.499999999952,11.5,-94.0000000001312));
#10308=CARTESIAN_POINT('',(-111.499999999953,54.4999999999999,-96.0000000001305));
#10309=CARTESIAN_POINT('',(-111.499999999952,22.2499999999999,-96.0000000001314));
#10310=CARTESIAN_POINT('Origin',(-111.499999999953,54.5,-94.0000000001309));
#10311=CARTESIAN_POINT('Origin',(-110.499999999953,54.5,-96.2619467107156));
#10312=CARTESIAN_POINT('',(-110.279999999953,54.5,-94.0000000001309));
#10313=CARTESIAN_POINT('Origin',(-110.499999999952,11.5,-94.0000000001312));
#10314=CARTESIAN_POINT('',(-110.499999999952,11.5,-94.0000000001319));
#10315=CARTESIAN_POINT('',(-110.279999999952,11.5,-94.0000000001312));
#10316=CARTESIAN_POINT('',(-111.499999999952,11.4999999999999,-95.0000000001315));
#10317=CARTESIAN_POINT('Origin',(-111.499999999952,11.4999999999999,-94.0000000001312));
#10318=CARTESIAN_POINT('',(-111.499999999952,11.4999999999999,-94.5000000001317));
#10319=CARTESIAN_POINT('Origin',(-109.499999999953,54.5,-94.0000000001309));
#10320=CARTESIAN_POINT('',(-111.499999999953,54.4999999999999,-95.0000000001305));
#10321=CARTESIAN_POINT('',(-111.499999999952,54.4999999999999,-95.0000000001308));
#10322=CARTESIAN_POINT('Origin',(-111.499999999953,54.5,-94.0000000001309));
#10323=CARTESIAN_POINT('Origin',(-110.499999999952,11.4999999999997,-61.0000000001312));
#10324=CARTESIAN_POINT('',(-110.499999999952,11.4999999999997,-61.0000000001312));
#10325=CARTESIAN_POINT('',(-110.499999999952,11.4999999999997,-61.0000000001312));
#10326=CARTESIAN_POINT('',(-110.499999999952,11.5,-47.5000000001319));
#10327=CARTESIAN_POINT('Origin',(-110.499999999953,54.4999999999997,-61.000000000131));
#10328=CARTESIAN_POINT('',(-110.499999999953,38.25,-61.0000000001311));
#10329=CARTESIAN_POINT('Origin',(-111.499999999952,32.9999999999999,-94.000000000131));
#10330=CARTESIAN_POINT('',(-111.499999999952,22.25,-95.0000000001314));
#10331=CARTESIAN_POINT('',(-110.499999999953,28.25,-94.0000000001319));
#10332=CARTESIAN_POINT('Origin',(-157.499999999953,32.9999999999997,-78.6309733554236));
#10333=CARTESIAN_POINT('',(-157.499997667873,34.4999999999998,-94.0000000001319));
#10334=CARTESIAN_POINT('',(-157.499999999952,34.4999999999999,-95.0000000001319));
#10335=CARTESIAN_POINT('',(-157.499999999953,32.9999999999999,-94.0000000001312));
#10336=CARTESIAN_POINT('Origin',(-156.499999999953,32.9999999999999,-94.0000000001313));
#10337=CARTESIAN_POINT('',(-156.499999999953,54.4999999999999,-96.0000000001311));
#10338=CARTESIAN_POINT('Origin',(-156.499999999953,54.4999999999999,-94.0000000001311));
#10339=CARTESIAN_POINT('',(-156.499999999952,11.4999999999999,-96.0000000001315));
#10340=CARTESIAN_POINT('',(-156.499999999953,43.7499999999999,-96.0000000001311));
#10341=CARTESIAN_POINT('Origin',(-156.499999999953,11.4999999999998,-94.0000000001315));
#10342=CARTESIAN_POINT('Origin',(-157.499999999953,11.4999999999999,-96.2619467107162));
#10343=CARTESIAN_POINT('',(-157.499999999953,11.4999999999999,-94.0000000001319));
#10344=CARTESIAN_POINT('',(-157.719999999953,11.4999999999998,-94.0000000001314));
#10345=CARTESIAN_POINT('',(-157.499999999952,11.4999999999996,-61.0000000001316));
#10346=CARTESIAN_POINT('',(-157.499999999952,11.4999999999999,-1.31879957635822E-10));
#10347=CARTESIAN_POINT('',(-157.499999999952,11.4999999999996,-61.0000000001316));
#10348=CARTESIAN_POINT('Origin',(-157.499999999953,54.4999999999999,-94.0000000001311));
#10349=CARTESIAN_POINT('',(-156.499999999953,54.4999999999999,-95.0000000001311));
#10350=CARTESIAN_POINT('Origin',(-156.499999999953,54.4999999999999,-94.0000000001311));
#10351=CARTESIAN_POINT('',(-156.499999999953,54.4999999999999,-95.0000000001309));
#10352=CARTESIAN_POINT('Origin',(-158.499999999953,11.4999999999998,-94.0000000001315));
#10353=CARTESIAN_POINT('',(-156.499999999952,11.4999999999998,-95.0000000001315));
#10354=CARTESIAN_POINT('',(-156.499999999952,11.4999999999999,-94.5000000001315));
#10355=CARTESIAN_POINT('Origin',(-156.499999999953,11.4999999999998,-94.0000000001315));
#10356=CARTESIAN_POINT('Origin',(-157.499999999952,11.4999999999996,-61.0000000001316));
#10357=CARTESIAN_POINT('',(-157.499999999952,16.6845133223539,-61.0000000001315));
#10358=CARTESIAN_POINT('Origin',(-156.499999999953,32.9999999999999,-94.0000000001313));
#10359=CARTESIAN_POINT('',(-157.499999999952,28.1845133223537,-94.0000000001319));
#10360=CARTESIAN_POINT('',(-156.499999999953,43.7499999999999,-95.0000000001312));
#10361=CARTESIAN_POINT('Origin',(-111.499999999952,32.9999999999999,93.9999999998682));
#10362=CARTESIAN_POINT('',(-111.499999999952,54.4999999999999,95.9999999998686));
#10363=CARTESIAN_POINT('Origin',(-111.499999999952,54.4999999999999,93.9999999998686));
#10364=CARTESIAN_POINT('',(-111.499999999952,11.4999999999999,95.9999999998678));
#10365=CARTESIAN_POINT('',(-111.499999999952,43.7499999999999,95.9999999998685));
#10366=CARTESIAN_POINT('Origin',(-111.499999999952,11.4999999999999,93.9999999998678));
#10367=CARTESIAN_POINT('Origin',(-110.499999999952,11.4999999999998,96.2619467104526));
#10368=CARTESIAN_POINT('',(-110.499999999952,11.5,93.9999999998682));
#10369=CARTESIAN_POINT('',(-110.279999999952,11.4999999999999,93.9999999998678));
#10370=CARTESIAN_POINT('',(-110.499999999952,11.5000000000004,60.999999999868));
#10371=CARTESIAN_POINT('',(-110.499999999952,11.5,-47.5000000001319));
#10372=CARTESIAN_POINT('',(-110.499999999952,11.5000000000004,60.999999999868));
#10373=CARTESIAN_POINT('Origin',(-110.499999999952,33.0000000000002,78.6309733551606));
#10374=CARTESIAN_POINT('',(-110.499999999952,32.9999999999999,93.9999999998682));
#10375=CARTESIAN_POINT('Origin',(-110.499999999952,54.4999999999999,93.9999999998686));
#10376=CARTESIAN_POINT('',(-111.499999999952,54.4999999999999,94.9999999998686));
#10377=CARTESIAN_POINT('Origin',(-111.499999999952,54.4999999999999,93.9999999998686));
#10378=CARTESIAN_POINT('',(-111.499999999952,54.4999999999998,94.9999999998683));
#10379=CARTESIAN_POINT('Origin',(-109.499999999952,11.4999999999999,93.9999999998678));
#10380=CARTESIAN_POINT('',(-111.499999999952,11.4999999999999,94.9999999998678));
#10381=CARTESIAN_POINT('',(-111.499999999952,11.4999999999999,94.4999999998684));
#10382=CARTESIAN_POINT('Origin',(-111.499999999952,11.4999999999999,93.9999999998678));
#10383=CARTESIAN_POINT('Origin',(-110.499999999952,11.5000000000004,60.999999999868));
#10384=CARTESIAN_POINT('',(-110.499999999952,16.7499999999998,60.9999999998681));
#10385=CARTESIAN_POINT('Origin',(-111.499999999952,32.9999999999999,93.9999999998682));
#10386=CARTESIAN_POINT('',(-110.499999999952,28.25,93.9999999998681));
#10387=CARTESIAN_POINT('',(-111.499999999952,43.7499999999999,94.9999999998684));
#10388=CARTESIAN_POINT('Origin',(-155.499999999952,54.4999999999998,94.9999999998681));
#10389=CARTESIAN_POINT('',(-112.499999999952,54.4999999999999,95.9999999998686));
#10390=CARTESIAN_POINT('',(-112.499999999952,54.4999999999999,94.9999999998686));
#10391=CARTESIAN_POINT('Origin',(-110.499999999952,11.5,93.9999999998682));
#10392=CARTESIAN_POINT('',(-112.499999999952,11.4999999999999,95.9999999998682));
#10393=CARTESIAN_POINT('',(-112.499999999952,11.4999999999999,95.9999999998678));
#10394=CARTESIAN_POINT('',(-112.499999999952,11.4999999999999,94.9999999998682));
#10395=CARTESIAN_POINT('',(-112.499999999952,11.4999999999999,95.2199999998682));
#10396=CARTESIAN_POINT('',(-112.499999999952,11.4999999999999,94.9999999998678));
#10397=CARTESIAN_POINT('Origin',(-110.999999999952,32.9999999999999,95.9999999998684));
#10398=CARTESIAN_POINT('',(-155.499999999952,11.4999999999998,95.9999999998682));
#10399=CARTESIAN_POINT('',(-155.499999999952,11.4999999999998,95.9999999998678));
#10400=CARTESIAN_POINT('',(-133.999999999952,11.4999999999998,95.9999999998682));
#10401=CARTESIAN_POINT('Origin',(-112.499999999953,54.4999999999999,-95.0000000001305));
#10402=CARTESIAN_POINT('',(-112.499999999953,54.5,-96.0000000001305));
#10403=CARTESIAN_POINT('',(-155.499999999953,54.4999999999999,-95.0000000001311));
#10404=CARTESIAN_POINT('Origin',(-110.999999999952,33.,-96.0000000001312));
#10405=CARTESIAN_POINT('',(-112.499999999952,11.5,-96.0000000001318));
#10406=CARTESIAN_POINT('',(-112.499999999952,11.4999999999999,-96.0000000001315));
#10407=CARTESIAN_POINT('',(-155.499999999952,11.4999999999999,-96.0000000001319));
#10408=CARTESIAN_POINT('',(-133.999999999952,11.4999999999999,-96.0000000001318));
#10409=CARTESIAN_POINT('',(-155.499999999952,11.4999999999999,-96.0000000001315));
#10410=CARTESIAN_POINT('Origin',(-156.999999999953,32.9999999999999,-95.0000000001313));
#10411=CARTESIAN_POINT('',(-155.499999999952,11.4999999999998,-95.0000000001319));
#10412=CARTESIAN_POINT('',(-157.499999999952,11.4999999999999,-95.0000000001319));
#10413=CARTESIAN_POINT('',(-112.499999999952,11.4999999999999,-95.0000000001319));
#10414=CARTESIAN_POINT('',(-133.999999999952,11.4999999999999,-95.0000000001319));
#10415=CARTESIAN_POINT('',(-112.499999999952,11.4999999999999,-95.0000000001315));
#10416=CARTESIAN_POINT('Origin',(-157.499999999952,21.8690266447075,-1.31884676364558E-10));
#10417=CARTESIAN_POINT('',(-157.499999999952,34.4999999999999,-95.0000000001319));
#10418=CARTESIAN_POINT('',(-157.499999999952,11.4999999999999,-1.31879957635822E-10));
#10419=CARTESIAN_POINT('',(-157.499999999952,22.0000000000003,4.99999999986811));
#10420=CARTESIAN_POINT('Origin',(-157.499999999952,22.0000000000003,-1.318862006694E-10));
#10421=CARTESIAN_POINT('Origin',(-155.499999999952,10.4999999999999,93.9999999998682));
#10422=CARTESIAN_POINT('',(-112.499999999952,10.4999999999999,93.9999999998682));
#10423=CARTESIAN_POINT('',(-111.499999999952,11.4999999999999,93.9999999998682));
#10424=CARTESIAN_POINT('Origin',(-112.499999999952,11.4999999999999,93.9999999998682));
#10425=CARTESIAN_POINT('',(-112.499999999952,9.4999999999999,93.9999999998682));
#10426=CARTESIAN_POINT('',(-112.499999999952,10.9999999999999,93.9999999998682));
#10427=CARTESIAN_POINT('Origin',(-112.499999999952,11.4999999999999,93.9999999998682));
#10428=CARTESIAN_POINT('',(-111.499999999952,28.2499999999999,93.9999999998681));
#10429=CARTESIAN_POINT('Origin',(-110.499999999952,22.,-1.31921359947107E-10));
#10430=CARTESIAN_POINT('',(-110.499999999952,11.5,-47.5000000001319));
#10431=CARTESIAN_POINT('',(-110.499999999952,22.,-5.00000000013192));
#10432=CARTESIAN_POINT('Origin',(-110.499999999952,22.,-1.31921110543435E-10));
#10433=CARTESIAN_POINT('Origin',(-110.999999999952,32.9999999999999,94.9999999998682));
#10434=CARTESIAN_POINT('',(-155.499999999952,11.4999999999998,94.9999999998682));
#10435=CARTESIAN_POINT('',(-133.999999999952,11.4999999999998,94.9999999998681));
#10436=CARTESIAN_POINT('',(-155.499999999952,11.4999999999998,94.9999999998678));
#10437=CARTESIAN_POINT('Origin',(-133.999999999952,11.4999999999999,93.9999999998682));
#10438=CARTESIAN_POINT('',(-155.499999999952,9.49999999999987,93.9999999998682));
#10439=CARTESIAN_POINT('Origin',(-155.499999999952,11.4999999999998,93.9999999998682));
#10440=CARTESIAN_POINT('',(-144.684513322306,9.49999999999997,93.9999999998682));
#10441=CARTESIAN_POINT('Origin',(-112.499999999952,11.4999999999999,93.9999999998682));
#10442=CARTESIAN_POINT('Origin',(-155.499999999952,11.4999999999998,94.9999999998682));
#10443=CARTESIAN_POINT('',(-155.499999999952,11.4999999999998,95.2199999998682));
#10444=CARTESIAN_POINT('',(-155.499999999952,10.4999999999999,93.9999999998682));
#10445=CARTESIAN_POINT('Origin',(-155.499999999952,11.4999999999998,93.9999999998682));
#10446=CARTESIAN_POINT('',(-155.499999999952,10.9999999999998,93.9999999998682));
#10447=CARTESIAN_POINT('Origin',(-112.499999999952,11.4999999999999,95.9999999998682));
#10448=CARTESIAN_POINT('Origin',(-112.499999999952,11.4999999999999,93.9999999998682));
#10449=CARTESIAN_POINT('Origin',(-133.999999999952,11.4999999999999,93.9999999998682));
#10450=CARTESIAN_POINT('',(-144.684513322306,10.4999999999999,93.9999999998682));
#10451=CARTESIAN_POINT('Origin',(-133.999999999952,11.4999999999999,-94.0000000001319));
#10452=CARTESIAN_POINT('',(-112.499999999952,9.4999999999999,-94.0000000001319));
#10453=CARTESIAN_POINT('Origin',(-112.499999999952,11.4999999999999,-94.0000000001319));
#10454=CARTESIAN_POINT('',(-155.499999999952,9.49999999999987,-94.0000000001319));
#10455=CARTESIAN_POINT('',(-123.184513322306,9.49999999999987,-94.0000000001319));
#10456=CARTESIAN_POINT('Origin',(-155.499999999952,11.4999999999998,-94.0000000001319));
#10457=CARTESIAN_POINT('Origin',(-112.499999999952,11.4999999999999,-95.0000000001319));
#10458=CARTESIAN_POINT('',(-112.499999999952,11.4999999999999,-95.2200000001319));
#10459=CARTESIAN_POINT('',(-112.499999999952,10.4999999999999,-94.0000000001319));
#10460=CARTESIAN_POINT('Origin',(-112.499999999952,11.4999999999999,-94.0000000001319));
#10461=CARTESIAN_POINT('',(-112.499999999952,10.9999999999999,-94.0000000001319));
#10462=CARTESIAN_POINT('Origin',(-155.499999999952,11.4999999999999,-96.0000000001319));
#10463=CARTESIAN_POINT('',(-155.499999999952,11.4999999999999,-95.2200000001319));
#10464=CARTESIAN_POINT('',(-155.499999999952,10.4999999999999,-94.0000000001319));
#10465=CARTESIAN_POINT('',(-155.499999999952,10.9999999999998,-94.0000000001319));
#10466=CARTESIAN_POINT('Origin',(-155.499999999952,11.4999999999998,-94.0000000001319));
#10467=CARTESIAN_POINT('Origin',(-133.999999999952,11.4999999999999,-94.0000000001319));
#10468=CARTESIAN_POINT('',(-123.184513322306,10.4999999999999,-94.0000000001319));
#10469=CARTESIAN_POINT('Origin',(-112.499999999952,10.4999999999999,-94.0000000001319));
#10470=CARTESIAN_POINT('',(-156.499999999953,11.4999999999999,-94.0000000001319));
#10471=CARTESIAN_POINT('Origin',(-155.499999999953,11.4999999999999,-94.0000000001319));
#10472=CARTESIAN_POINT('Origin',(-155.499999999953,11.4999999999999,-94.0000000001319));
#10473=CARTESIAN_POINT('',(-156.499999999952,34.4999999999998,-94.0000000001319));
#10474=CARTESIAN_POINT('',(-156.499999999952,34.4999999999998,-94.0000000001319));
#10475=CARTESIAN_POINT('',(-156.499999999952,28.1845133223537,-94.0000000001319));
#10476=CARTESIAN_POINT('Origin',(-112.499999999952,11.4999999999999,-1.31875924402891E-10));
#10477=CARTESIAN_POINT('',(-112.499999999952,9.49999999999992,-1.31884492216017E-10));
#10478=CARTESIAN_POINT('Origin',(-112.499999999952,11.4999999999999,-94.0000000001319));
#10479=CARTESIAN_POINT('Origin',(-156.499999999952,11.4999999999999,93.9999999998682));
#10480=CARTESIAN_POINT('Origin',(-155.499999999952,11.4999999999999,-1.31876731336358E-10));
#10481=CARTESIAN_POINT('',(-156.499999999952,11.4999999999999,93.9999999998682));
#10482=CARTESIAN_POINT('Origin',(-155.499999999952,11.4999999999999,93.9999999998682));
#10483=CARTESIAN_POINT('',(-155.499999999952,10.4999999999998,-47.5000000001319));
#10484=CARTESIAN_POINT('',(-156.499999999952,11.4999999999999,-1.31877417439733E-10));
#10485=CARTESIAN_POINT('Origin',(-157.499999999953,11.4999999999999,-94.0000000001319));
#10486=CARTESIAN_POINT('Origin',(-155.499999999952,11.4999999999999,-1.31876731336358E-10));
#10487=CARTESIAN_POINT('Origin',(-155.499999999952,11.4999999999999,93.9999999998682));
#10488=CARTESIAN_POINT('',(-155.499999999952,9.49999999999989,-47.5000000001319));
#10489=CARTESIAN_POINT('Origin',(-111.499999999952,11.4999999999999,-94.0000000001319));
#10490=CARTESIAN_POINT('Origin',(-112.499999999952,11.4999999999999,-1.31875924402891E-10));
#10491=CARTESIAN_POINT('',(-111.499999999952,11.4999999999999,-94.0000000001319));
#10492=CARTESIAN_POINT('',(-111.499999999952,11.4999999999999,-47.5000000001319));
#10493=CARTESIAN_POINT('Origin',(-112.499999999952,11.4999999999999,-94.0000000001319));
#10494=CARTESIAN_POINT('',(-112.499999999952,10.4999999999999,-1.31886802903761E-10));
#10495=CARTESIAN_POINT('Origin',(-155.499999999952,10.4999999999999,93.9999999998682));
#10496=CARTESIAN_POINT('',(-156.499999999952,34.4999999999997,93.9999999998681));
#10497=CARTESIAN_POINT('',(-156.499999999952,28.1845133223535,93.9999999998681));
#10498=CARTESIAN_POINT('',(-156.999998833913,34.4999999999997,93.9999999998681));
#10499=CARTESIAN_POINT('Origin',(-133.86902664466,9.49999999999992,-1.31881393185589E-10));
#10500=CARTESIAN_POINT('Origin',(-133.86902664466,10.4999999999999,-1.31885700718558E-10));
#10501=CARTESIAN_POINT('Origin',(-112.499999999952,10.4999999999999,-94.0000000001319));
#10502=CARTESIAN_POINT('',(-111.499999999953,28.2499999999999,-94.0000000001319));
#10503=CARTESIAN_POINT('Origin',(-156.499999999952,22.0000000000003,-1.31886705316229E-10));
#10504=CARTESIAN_POINT('',(-156.499999999952,22.0000000000003,4.99999999986811));
#10505=CARTESIAN_POINT('Origin',(-156.499999999952,22.0000000000003,-1.31886705316229E-10));
#10506=CARTESIAN_POINT('',(-156.499999999952,22.0000000000003,4.99999999986811));
#10507=CARTESIAN_POINT('Origin',(-156.499999999952,21.8690266447074,-1.31878848032657E-10));
#10508=CARTESIAN_POINT('',(-156.499999999952,34.4999999999998,-95.0000000001319));
#10509=CARTESIAN_POINT('Origin',(-156.499999999952,34.4999999999997,94.9999999998681));
#10510=CARTESIAN_POINT('Origin',(-110.499999999952,22.,-1.31921110543435E-10));
#10511=CARTESIAN_POINT('',(-111.499999999952,21.9999999999999,-5.00000000013192));
#10512=CARTESIAN_POINT('Origin',(-111.499999999952,21.9999999999999,-1.3192000032041E-10));
#10513=CARTESIAN_POINT('',(-110.499999999952,22.,-5.00000000013192));
#10514=CARTESIAN_POINT('Origin',(-111.499999999952,21.9999999999999,-1.31920249724082E-10));
#10515=CARTESIAN_POINT('',(0.,0.,0.));
#10516=CARTESIAN_POINT('Origin',(165.,86.9999999999992,-120.));
#10517=CARTESIAN_POINT('',(165.,89.9999999999992,-135.));
#10518=CARTESIAN_POINT('',(180.,89.9999999999992,-120.));
#10519=CARTESIAN_POINT('Origin',(165.,89.9999999999992,-120.));
#10520=CARTESIAN_POINT('',(180.,86.9999999999992,-120.));
#10521=CARTESIAN_POINT('',(180.,86.9999999999992,-120.));
#10522=CARTESIAN_POINT('',(165.,86.9999999999992,-135.));
#10523=CARTESIAN_POINT('Origin',(165.,86.9999999999992,-120.));
#10524=CARTESIAN_POINT('',(165.,86.9999999999992,-135.));
#10525=CARTESIAN_POINT('Origin',(180.,86.9999999999992,-135.));
#10526=CARTESIAN_POINT('',(-165.,86.9999999999992,-135.));
#10527=CARTESIAN_POINT('',(180.,86.9999999999992,-135.));
#10528=CARTESIAN_POINT('',(-165.,89.9999999999992,-135.));
#10529=CARTESIAN_POINT('',(-165.,86.9999999999992,-135.));
#10530=CARTESIAN_POINT('',(180.,89.9999999999992,-135.));
#10531=CARTESIAN_POINT('Origin',(0.,86.9999999999992,0.));
#10532=CARTESIAN_POINT('',(180.,86.9999999999992,120.));
#10533=CARTESIAN_POINT('',(180.,86.9999999999992,135.));
#10534=CARTESIAN_POINT('',(165.,86.9999999999992,135.));
#10535=CARTESIAN_POINT('Origin',(165.,86.9999999999992,120.));
#10536=CARTESIAN_POINT('',(-165.,86.9999999999992,135.));
#10537=CARTESIAN_POINT('',(-180.,86.9999999999992,135.));
#10538=CARTESIAN_POINT('',(-180.,86.9999999999992,120.));
#10539=CARTESIAN_POINT('Origin',(-165.,86.9999999999992,120.));
#10540=CARTESIAN_POINT('',(-180.,86.9999999999992,-120.));
#10541=CARTESIAN_POINT('',(-180.,86.9999999999992,-135.));
#10542=CARTESIAN_POINT('Origin',(-165.,86.9999999999992,-120.));
#10543=CARTESIAN_POINT('',(-167.500000000035,86.9999999999992,91.9999999999794));
#10544=CARTESIAN_POINT('Origin',(-165.500000000035,86.9999999999992,91.9999999999794));
#10545=CARTESIAN_POINT('',(163.499999999975,86.9999999999992,92.0000000001111));
#10546=CARTESIAN_POINT('Origin',(165.499999999975,86.9999999999992,92.0000000001111));
#10547=CARTESIAN_POINT('',(-167.500000000035,86.9999999999992,-92.0000000000209));
#10548=CARTESIAN_POINT('Origin',(-165.500000000035,86.9999999999992,-92.0000000000209));
#10549=CARTESIAN_POINT('',(163.500000000121,86.9999999999992,-91.9999999998891));
#10550=CARTESIAN_POINT('Origin',(165.500000000121,86.9999999999992,-91.9999999998891));
#10551=CARTESIAN_POINT('Origin',(165.,86.9999999999992,120.));
#10552=CARTESIAN_POINT('',(180.,89.9999999999992,120.));
#10553=CARTESIAN_POINT('',(165.,89.9999999999992,135.));
#10554=CARTESIAN_POINT('Origin',(165.,89.9999999999992,120.));
#10555=CARTESIAN_POINT('',(165.,86.9999999999992,135.));
#10556=CARTESIAN_POINT('',(180.,86.9999999999992,120.));
#10557=CARTESIAN_POINT('Origin',(-180.,86.9999999999992,135.));
#10558=CARTESIAN_POINT('',(-165.,89.9999999999992,135.));
#10559=CARTESIAN_POINT('',(-180.,89.9999999999992,135.));
#10560=CARTESIAN_POINT('',(-165.,86.9999999999992,135.));
#10561=CARTESIAN_POINT('Origin',(-165.,86.9999999999992,120.));
#10562=CARTESIAN_POINT('',(-180.,89.9999999999992,120.));
#10563=CARTESIAN_POINT('Origin',(-165.,89.9999999999992,120.));
#10564=CARTESIAN_POINT('',(-180.,86.9999999999992,120.));
#10565=CARTESIAN_POINT('Origin',(-165.,86.9999999999992,-120.));
#10566=CARTESIAN_POINT('',(-180.,89.9999999999992,-120.));
#10567=CARTESIAN_POINT('Origin',(-165.,89.9999999999992,-120.));
#10568=CARTESIAN_POINT('',(-180.,86.9999999999992,-120.));
#10569=CARTESIAN_POINT('Origin',(165.500000000121,86.9999999999992,-91.9999999998891));
#10570=CARTESIAN_POINT('',(163.500000000121,89.9999999999992,-91.9999999998891));
#10571=CARTESIAN_POINT('Origin',(165.500000000121,89.9999999999992,-91.9999999998891));
#10572=CARTESIAN_POINT('',(163.500000000121,86.9999999999992,-91.9999999998891));
#10573=CARTESIAN_POINT('Origin',(-165.500000000035,86.9999999999992,-92.0000000000209));
#10574=CARTESIAN_POINT('',(-167.500000000035,89.9999999999992,-92.0000000000209));
#10575=CARTESIAN_POINT('Origin',(-165.500000000035,89.9999999999992,-92.0000000000209));
#10576=CARTESIAN_POINT('',(-167.500000000035,86.9999999999992,-92.0000000000209));
#10577=CARTESIAN_POINT('Origin',(165.499999999975,86.9999999999992,92.0000000001111));
#10578=CARTESIAN_POINT('',(163.499999999975,89.9999999999992,92.0000000001111));
#10579=CARTESIAN_POINT('Origin',(165.499999999975,89.9999999999992,92.0000000001111));
#10580=CARTESIAN_POINT('',(163.499999999975,86.9999999999992,92.0000000001111));
#10581=CARTESIAN_POINT('Origin',(-165.500000000035,86.9999999999992,91.9999999999794));
#10582=CARTESIAN_POINT('',(-167.500000000035,89.9999999999992,91.9999999999794));
#10583=CARTESIAN_POINT('Origin',(-165.500000000035,89.9999999999992,91.9999999999794));
#10584=CARTESIAN_POINT('',(-167.500000000035,86.9999999999992,91.9999999999794));
#10585=CARTESIAN_POINT('Origin',(-180.,86.9999999999992,-135.));
#10586=CARTESIAN_POINT('',(-180.,89.9999999999992,-135.));
#10587=CARTESIAN_POINT('Origin',(180.,86.9999999999992,135.));
#10588=CARTESIAN_POINT('',(180.,89.9999999999992,135.));
#10589=CARTESIAN_POINT('Origin',(0.,89.9999999999992,0.));
#10590=CARTESIAN_POINT('',(0.,0.,0.));
#10591=CARTESIAN_POINT('Origin',(0.,1.81632486828657E-12,204.499999999979));
#10592=CARTESIAN_POINT('',(-50.8,1.8101036625469E-12,249.499999999979));
#10593=CARTESIAN_POINT('Origin',(0.,1.81632486828657E-12,249.499999999979));
#10594=CARTESIAN_POINT('',(-50.8,1.8101036625469E-12,204.499999999979));
#10595=CARTESIAN_POINT('',(-50.8,1.8101036625469E-12,204.499999999979));
#10596=CARTESIAN_POINT('Origin',(0.,1.81632486828657E-12,204.499999999979));
#10597=CARTESIAN_POINT('Origin',(0.,1.81632486828657E-12,249.499999999979));
#10598=CARTESIAN_POINT('Origin',(0.,1.81632486828657E-12,204.499999999979));
#10599=CARTESIAN_POINT('',(0.,0.,0.));
#10600=CARTESIAN_POINT('',(0.,0.,0.));
#10601=CARTESIAN_POINT('',(0.,0.,0.));
#10602=CARTESIAN_POINT('',(7.32658378410633E-11,0.,9.42046440854938E-11));
#10603=CARTESIAN_POINT('',(0.,0.,0.));
#10604=CARTESIAN_POINT('',(0.,0.,0.));
#10605=CARTESIAN_POINT('',(7.38653582743609E-11,-8.88178419700125E-15,9.27791177218751E-11));
#10606=CARTESIAN_POINT('',(0.,0.,0.));
#10607=CARTESIAN_POINT('',(7.57838236609132E-11,1.15463194561016E-13,9.99067495399686E-11));
#10608=CARTESIAN_POINT('',(0.,0.,0.));
#10609=CARTESIAN_POINT('',(0.,0.,0.));
#10610=CARTESIAN_POINT('',(0.,0.,0.));
#10611=CARTESIAN_POINT('',(134.000000000045,27.7999999999962,-92.0000000000008));
#10612=CARTESIAN_POINT('',(-133.999999999955,27.8000000000004,-92.0000000001111));
#10613=CARTESIAN_POINT('',(134.000000000045,27.7999999999954,-362.000000000001));
#10614=CARTESIAN_POINT('',(-133.999999999955,27.8000000000034,-362.000000000111));
#10615=CARTESIAN_POINT('Origin',(0.,0.,0.));
#10616=UNCERTAINTY_MEASURE_WITH_UNIT(LENGTH_MEASURE(0.01),#10640,
'DISTANCE_ACCURACY_VALUE',
'Maximum model space distance between geometric entities at asserted c
onnectivities');
#10617=UNCERTAINTY_MEASURE_WITH_UNIT(LENGTH_MEASURE(0.01),#10640,
'DISTANCE_ACCURACY_VALUE',
'Maximum model space distance between geometric entities at asserted c
onnectivities');
#10618=UNCERTAINTY_MEASURE_WITH_UNIT(LENGTH_MEASURE(0.01),#10640,
'DISTANCE_ACCURACY_VALUE',
'Maximum model space distance between geometric entities at asserted c
onnectivities');
#10619=UNCERTAINTY_MEASURE_WITH_UNIT(LENGTH_MEASURE(0.01),#10640,
'DISTANCE_ACCURACY_VALUE',
'Maximum model space distance between geometric entities at asserted c
onnectivities');
#10620=UNCERTAINTY_MEASURE_WITH_UNIT(LENGTH_MEASURE(0.01),#10640,
'DISTANCE_ACCURACY_VALUE',
'Maximum model space distance between geometric entities at asserted c
onnectivities');
#10621=UNCERTAINTY_MEASURE_WITH_UNIT(LENGTH_MEASURE(0.01),#10640,
'DISTANCE_ACCURACY_VALUE',
'Maximum model space distance between geometric entities at asserted c
onnectivities');
#10622=UNCERTAINTY_MEASURE_WITH_UNIT(LENGTH_MEASURE(0.01),#10640,
'DISTANCE_ACCURACY_VALUE',
'Maximum model space distance between geometric entities at asserted c
onnectivities');
#10623=UNCERTAINTY_MEASURE_WITH_UNIT(LENGTH_MEASURE(0.01),#10640,
'DISTANCE_ACCURACY_VALUE',
'Maximum model space distance between geometric entities at asserted c
onnectivities');
#10624=UNCERTAINTY_MEASURE_WITH_UNIT(LENGTH_MEASURE(0.01),#10640,
'DISTANCE_ACCURACY_VALUE',
'Maximum model space distance between geometric entities at asserted c
onnectivities');
#10625=UNCERTAINTY_MEASURE_WITH_UNIT(LENGTH_MEASURE(0.01),#10640,
'DISTANCE_ACCURACY_VALUE',
'Maximum model space distance between geometric entities at asserted c
onnectivities');
#10626=UNCERTAINTY_MEASURE_WITH_UNIT(LENGTH_MEASURE(0.01),#10640,
'DISTANCE_ACCURACY_VALUE',
'Maximum model space distance between geometric entities at asserted c
onnectivities');
#10627=UNCERTAINTY_MEASURE_WITH_UNIT(LENGTH_MEASURE(0.01),#10640,
'DISTANCE_ACCURACY_VALUE',
'Maximum model space distance between geometric entities at asserted c
onnectivities');
#10628=(
GEOMETRIC_REPRESENTATION_CONTEXT(3)
GLOBAL_UNCERTAINTY_ASSIGNED_CONTEXT((#10616))
GLOBAL_UNIT_ASSIGNED_CONTEXT((#10640,#10642,#10643))
REPRESENTATION_CONTEXT('','3D')
);
#10629=(
GEOMETRIC_REPRESENTATION_CONTEXT(3)
GLOBAL_UNCERTAINTY_ASSIGNED_CONTEXT((#10617))
GLOBAL_UNIT_ASSIGNED_CONTEXT((#10640,#10642,#10643))
REPRESENTATION_CONTEXT('','3D')
);
#10630=(
GEOMETRIC_REPRESENTATION_CONTEXT(3)
GLOBAL_UNCERTAINTY_ASSIGNED_CONTEXT((#10618))
GLOBAL_UNIT_ASSIGNED_CONTEXT((#10640,#10642,#10643))
REPRESENTATION_CONTEXT('','3D')
);
#10631=(
GEOMETRIC_REPRESENTATION_CONTEXT(3)
GLOBAL_UNCERTAINTY_ASSIGNED_CONTEXT((#10619))
GLOBAL_UNIT_ASSIGNED_CONTEXT((#10640,#10642,#10643))
REPRESENTATION_CONTEXT('','3D')
);
#10632=(
GEOMETRIC_REPRESENTATION_CONTEXT(3)
GLOBAL_UNCERTAINTY_ASSIGNED_CONTEXT((#10620))
GLOBAL_UNIT_ASSIGNED_CONTEXT((#10640,#10642,#10643))
REPRESENTATION_CONTEXT('','3D')
);
#10633=(
GEOMETRIC_REPRESENTATION_CONTEXT(3)
GLOBAL_UNCERTAINTY_ASSIGNED_CONTEXT((#10621))
GLOBAL_UNIT_ASSIGNED_CONTEXT((#10640,#10642,#10643))
REPRESENTATION_CONTEXT('','3D')
);
#10634=(
GEOMETRIC_REPRESENTATION_CONTEXT(3)
GLOBAL_UNCERTAINTY_ASSIGNED_CONTEXT((#10622))
GLOBAL_UNIT_ASSIGNED_CONTEXT((#10640,#10642,#10643))
REPRESENTATION_CONTEXT('','3D')
);
#10635=(
GEOMETRIC_REPRESENTATION_CONTEXT(3)
GLOBAL_UNCERTAINTY_ASSIGNED_CONTEXT((#10623))
GLOBAL_UNIT_ASSIGNED_CONTEXT((#10640,#10642,#10643))
REPRESENTATION_CONTEXT('','3D')
);
#10636=(
GEOMETRIC_REPRESENTATION_CONTEXT(3)
GLOBAL_UNCERTAINTY_ASSIGNED_CONTEXT((#10624))
GLOBAL_UNIT_ASSIGNED_CONTEXT((#10640,#10642,#10643))
REPRESENTATION_CONTEXT('','3D')
);
#10637=(
GEOMETRIC_REPRESENTATION_CONTEXT(3)
GLOBAL_UNCERTAINTY_ASSIGNED_CONTEXT((#10625))
GLOBAL_UNIT_ASSIGNED_CONTEXT((#10640,#10642,#10643))
REPRESENTATION_CONTEXT('','3D')
);
#10638=(
GEOMETRIC_REPRESENTATION_CONTEXT(3)
GLOBAL_UNCERTAINTY_ASSIGNED_CONTEXT((#10626))
GLOBAL_UNIT_ASSIGNED_CONTEXT((#10640,#10642,#10643))
REPRESENTATION_CONTEXT('','3D')
);
#10639=(
GEOMETRIC_REPRESENTATION_CONTEXT(3)
GLOBAL_UNCERTAINTY_ASSIGNED_CONTEXT((#10627))
GLOBAL_UNIT_ASSIGNED_CONTEXT((#10640,#10642,#10643))
REPRESENTATION_CONTEXT('','3D')
);
#10640=(
LENGTH_UNIT()
NAMED_UNIT(*)
SI_UNIT(.MILLI.,.METRE.)
);
#10641=(
LENGTH_UNIT()
NAMED_UNIT(*)
SI_UNIT($,.METRE.)
);
#10642=(
NAMED_UNIT(*)
PLANE_ANGLE_UNIT()
SI_UNIT($,.RADIAN.)
);
#10643=(
NAMED_UNIT(*)
SI_UNIT($,.STERADIAN.)
SOLID_ANGLE_UNIT()
);
#10644=SHAPE_DEFINITION_REPRESENTATION(#10655,#10682);
#10645=SHAPE_DEFINITION_REPRESENTATION(#10656,#10683);
#10646=SHAPE_DEFINITION_REPRESENTATION(#10657,#10684);
#10647=SHAPE_DEFINITION_REPRESENTATION(#10658,#10685);
#10648=SHAPE_DEFINITION_REPRESENTATION(#10659,#10686);
#10649=SHAPE_DEFINITION_REPRESENTATION(#10660,#10687);
#10650=SHAPE_DEFINITION_REPRESENTATION(#10661,#10688);
#10651=SHAPE_DEFINITION_REPRESENTATION(#10662,#10689);
#10652=SHAPE_DEFINITION_REPRESENTATION(#10663,#10690);
#10653=SHAPE_DEFINITION_REPRESENTATION(#10664,#10691);
#10654=SHAPE_DEFINITION_REPRESENTATION(#10665,#10692);
#10655=PRODUCT_DEFINITION_SHAPE('',$,#10694);
#10656=PRODUCT_DEFINITION_SHAPE('',$,#10695);
#10657=PRODUCT_DEFINITION_SHAPE('',$,#10696);
#10658=PRODUCT_DEFINITION_SHAPE('',$,#10697);
#10659=PRODUCT_DEFINITION_SHAPE('',$,#10698);
#10660=PRODUCT_DEFINITION_SHAPE('',$,#10699);
#10661=PRODUCT_DEFINITION_SHAPE('',$,#10700);
#10662=PRODUCT_DEFINITION_SHAPE('',$,#10701);
#10663=PRODUCT_DEFINITION_SHAPE('',$,#10702);
#10664=PRODUCT_DEFINITION_SHAPE('',$,#10703);
#10665=PRODUCT_DEFINITION_SHAPE('',$,#10704);
#10666=PRODUCT_DEFINITION_SHAPE($,$,#72);
#10667=PRODUCT_DEFINITION_SHAPE($,$,#73);
#10668=PRODUCT_DEFINITION_SHAPE($,$,#74);
#10669=PRODUCT_DEFINITION_SHAPE($,$,#75);
#10670=PRODUCT_DEFINITION_SHAPE($,$,#76);
#10671=PRODUCT_DEFINITION_SHAPE($,$,#77);
#10672=PRODUCT_DEFINITION_SHAPE($,$,#78);
#10673=PRODUCT_DEFINITION_SHAPE($,$,#79);
#10674=PRODUCT_DEFINITION_SHAPE($,$,#80);
#10675=PRODUCT_DEFINITION_SHAPE($,$,#81);
#10676=PRODUCT_DEFINITION_SHAPE($,$,#82);
#10677=PRODUCT_DEFINITION_SHAPE($,$,#83);
#10678=PRODUCT_DEFINITION_SHAPE($,$,#84);
#10679=PRODUCT_DEFINITION_SHAPE($,$,#85);
#10680=PRODUCT_DEFINITION_SHAPE($,$,#86);
#10681=PRODUCT_DEFINITION_SHAPE($,$,#87);
#10682=SHAPE_REPRESENTATION('',(#6388,#7017,#7018,#7019,#7020,#7021,#7022,
#7023,#7024,#7025,#7026,#7027,#7028,#7029,#7030,#7031,#7032),#10628);
#10683=SHAPE_REPRESENTATION('',(#6389),#10629);
#10684=SHAPE_REPRESENTATION('',(#6488),#10630);
#10685=SHAPE_REPRESENTATION('',(#6555),#10631);
#10686=SHAPE_REPRESENTATION('',(#6611),#10632);
#10687=SHAPE_REPRESENTATION('',(#6678),#10633);
#10688=SHAPE_REPRESENTATION('',(#6741),#10634);
#10689=SHAPE_REPRESENTATION('',(#6804),#10635);
#10690=SHAPE_REPRESENTATION('',(#6861),#10636);
#10691=SHAPE_REPRESENTATION('',(#6980),#10637);
#10692=SHAPE_REPRESENTATION('',(#7011),#10638);
#10693=PRODUCT_DEFINITION_CONTEXT('part definition',#10728,'design');
#10694=PRODUCT_DEFINITION('Hangfa Discovery Q2 Mechanical Platform',
'Hangfa Discovery Q2 Mechanical Platform v10',#10705,#10693);
#10695=PRODUCT_DEFINITION('Base Plate v1','Base Plate v1',#10706,#10693);
#10696=PRODUCT_DEFINITION('Side Plate','Side Plate',#10707,#10693);
#10697=PRODUCT_DEFINITION('Front Back Plate','Front Back Plate',#10708,
#10693);
#10698=PRODUCT_DEFINITION('Side Plate Inv','Side Plate Inv',#10709,#10693);
#10699=PRODUCT_DEFINITION('Plate Joint','Plate Joint',#10710,#10693);
#10700=PRODUCT_DEFINITION('Plate Joint Inv','Plate Joint Inv',#10711,#10693);
#10701=PRODUCT_DEFINITION('Base Suspension','Base Suspension',#10712,#10693);
#10702=PRODUCT_DEFINITION('Wheels Suspension','Wheels Suspension',#10713,
#10693);
#10703=PRODUCT_DEFINITION('Top Plate','Top Plate',#10714,#10693);
#10704=PRODUCT_DEFINITION('Wheel Body','Wheel Body',#10715,#10693);
#10705=PRODUCT_DEFINITION_FORMATION('',$,#10730);
#10706=PRODUCT_DEFINITION_FORMATION('',$,#10731);
#10707=PRODUCT_DEFINITION_FORMATION('',$,#10732);
#10708=PRODUCT_DEFINITION_FORMATION('',$,#10733);
#10709=PRODUCT_DEFINITION_FORMATION('',$,#10734);
#10710=PRODUCT_DEFINITION_FORMATION('',$,#10735);
#10711=PRODUCT_DEFINITION_FORMATION('',$,#10736);
#10712=PRODUCT_DEFINITION_FORMATION('',$,#10737);
#10713=PRODUCT_DEFINITION_FORMATION('',$,#10738);
#10714=PRODUCT_DEFINITION_FORMATION('',$,#10739);
#10715=PRODUCT_DEFINITION_FORMATION('',$,#10740);
#10716=PRODUCT_RELATED_PRODUCT_CATEGORY(
'Hangfa Discovery Q2 Mechanical Platform v10',
'Hangfa Discovery Q2 Mechanical Platform v10',(#10730));
#10717=PRODUCT_RELATED_PRODUCT_CATEGORY('Base Plate v1','Base Plate v1',
(#10731));
#10718=PRODUCT_RELATED_PRODUCT_CATEGORY('Side Plate','Side Plate',(#10732));
#10719=PRODUCT_RELATED_PRODUCT_CATEGORY('Front Back Plate',
'Front Back Plate',(#10733));
#10720=PRODUCT_RELATED_PRODUCT_CATEGORY('Side Plate Inv',
'Side Plate Inv',(#10734));
#10721=PRODUCT_RELATED_PRODUCT_CATEGORY('Plate Joint','Plate Joint',(#10735));
#10722=PRODUCT_RELATED_PRODUCT_CATEGORY('Plate Joint Inv',
'Plate Joint Inv',(#10736));
#10723=PRODUCT_RELATED_PRODUCT_CATEGORY('Base Suspension',
'Base Suspension',(#10737));
#10724=PRODUCT_RELATED_PRODUCT_CATEGORY('Wheels Suspension',
'Wheels Suspension',(#10738));
#10725=PRODUCT_RELATED_PRODUCT_CATEGORY('Top Plate','Top Plate',(#10739));
#10726=PRODUCT_RELATED_PRODUCT_CATEGORY('Wheel Body','Wheel Body',(#10740));
#10727=APPLICATION_PROTOCOL_DEFINITION('international standard',
'ap242_managed_model_based_3d_engineering',2011,#10728);
#10728=APPLICATION_CONTEXT('Managed model based 3d engineering');
#10729=PRODUCT_CONTEXT('part definition',#10728,'mechanical');
#10730=PRODUCT('Hangfa Discovery Q2 Mechanical Platform',
'Hangfa Discovery Q2 Mechanical Platform v10',$,(#10729));
#10731=PRODUCT('Base Plate v1','Base Plate v1',$,(#10729));
#10732=PRODUCT('Side Plate','Side Plate',$,(#10729));
#10733=PRODUCT('Front Back Plate','Front Back Plate',$,(#10729));
#10734=PRODUCT('Side Plate Inv','Side Plate Inv',$,(#10729));
#10735=PRODUCT('Plate Joint','Plate Joint',$,(#10729));
#10736=PRODUCT('Plate Joint Inv','Plate Joint Inv',$,(#10729));
#10737=PRODUCT('Base Suspension','Base Suspension',$,(#10729));
#10738=PRODUCT('Wheels Suspension','Wheels Suspension',$,(#10729));
#10739=PRODUCT('Top Plate','Top Plate',$,(#10729));
#10740=PRODUCT('Wheel Body','Wheel Body',$,(#10729));
#10741=PRESENTATION_STYLE_ASSIGNMENT((#10748));
#10742=PRESENTATION_STYLE_ASSIGNMENT((#10749));
#10743=PRESENTATION_STYLE_ASSIGNMENT((#10750));
#10744=PRESENTATION_STYLE_ASSIGNMENT((#10751));
#10745=PRESENTATION_STYLE_ASSIGNMENT((#10752));
#10746=PRESENTATION_STYLE_ASSIGNMENT((#10753));
#10747=PRESENTATION_STYLE_ASSIGNMENT((NULL_STYLE(.NULL.)));
#10748=SURFACE_STYLE_USAGE(.BOTH.,#10754);
#10749=SURFACE_STYLE_USAGE(.BOTH.,#10755);
#10750=SURFACE_STYLE_USAGE(.BOTH.,#10756);
#10751=SURFACE_STYLE_USAGE(.BOTH.,#10757);
#10752=SURFACE_STYLE_USAGE(.BOTH.,#10758);
#10753=SURFACE_STYLE_USAGE(.BOTH.,#10759);
#10754=SURFACE_SIDE_STYLE('',(#10760));
#10755=SURFACE_SIDE_STYLE('',(#10761));
#10756=SURFACE_SIDE_STYLE('',(#10762));
#10757=SURFACE_SIDE_STYLE('',(#10763));
#10758=SURFACE_SIDE_STYLE('',(#10764));
#10759=SURFACE_SIDE_STYLE('',(#10765));
#10760=SURFACE_STYLE_FILL_AREA(#10766);
#10761=SURFACE_STYLE_FILL_AREA(#10767);
#10762=SURFACE_STYLE_FILL_AREA(#10768);
#10763=SURFACE_STYLE_FILL_AREA(#10769);
#10764=SURFACE_STYLE_FILL_AREA(#10770);
#10765=SURFACE_STYLE_FILL_AREA(#10771);
#10766=FILL_AREA_STYLE('Rubber - Soft',(#10772));
#10767=FILL_AREA_STYLE('Steel - Satin',(#10773));
#10768=FILL_AREA_STYLE('Aluminum - Bead Blasted',(#10774));
#10769=FILL_AREA_STYLE('Paint - Metallic (Yellow)',(#10775));
#10770=FILL_AREA_STYLE('Stainless Steel - Satin',(#10776));
#10771=FILL_AREA_STYLE('Rubber - Hard',(#10777));
#10772=FILL_AREA_STYLE_COLOUR('Rubber - Soft',#10778);
#10773=FILL_AREA_STYLE_COLOUR('Steel - Satin',#10779);
#10774=FILL_AREA_STYLE_COLOUR('Aluminum - Bead Blasted',#10780);
#10775=FILL_AREA_STYLE_COLOUR('Paint - Metallic (Yellow)',#10781);
#10776=FILL_AREA_STYLE_COLOUR('Stainless Steel - Satin',#10782);
#10777=FILL_AREA_STYLE_COLOUR('Rubber - Hard',#10783);
#10778=COLOUR_RGB('Rubber - Soft',0.152941176470588,0.152941176470588,0.152941176470588);
#10779=COLOUR_RGB('Steel - Satin',0.627450980392157,0.627450980392157,0.627450980392157);
#10780=COLOUR_RGB('Aluminum - Bead Blasted',0.96078431372549,0.96078431372549,
0.964705882352941);
#10781=COLOUR_RGB('Paint - Metallic (Yellow)',0.909803921568627,0.67843137254902,
0.137254901960784);
#10782=COLOUR_RGB('Stainless Steel - Satin',0.796078431372549,0.796078431372549,
0.796078431372549);
#10783=COLOUR_RGB('Rubber - Hard',0.152941176470588,0.152941176470588,0.152941176470588);
ENDSEC;
END-ISO-10303-21;
